YEAR,MONTH,DAY,HOUR,timestamp,clear_sky_irradiance,direct_radiation,temperature_2m,wind_speed_10m,relative_humidity_2m,cloud_cover,solar_power_kw
2025,1,1,0,2025-01-01 00:00:00,0.0,0.0,9.65,3.72,70.2,19.36,0.0
2025,1,1,1,2025-01-01 01:00:00,0.0,0.0,9.37,3.44,71.82,31.03,0.0
2025,1,1,2,2025-01-01 02:00:00,0.0,0.0,7.15,4.75,73.65,16.9,0.0
2025,1,1,3,2025-01-01 03:00:00,0.0,0.0,8.34,5.52,66.76,11.13,0.0
2025,1,1,4,2025-01-01 04:00:00,0.0,0.0,11.29,4.64,71.98,13.24,0.0
2025,1,1,5,2025-01-01 05:00:00,0.0,0.0,9.26,4.18,69.32,12.22,0.0
2025,1,1,6,2025-01-01 06:00:00,0.0,0.0,10.11,4.52,69.23,10.52,0.0
2025,1,1,7,2025-01-01 07:00:00,89.08,69.41,11.74,3.6,62.12,29.44,35.77
2025,1,1,8,2025-01-01 08:00:00,303.87,212.29,12.95,3.73,69.2,40.18,101.27
2025,1,1,9,2025-01-01 09:00:00,488.32,430.65,13.7,4.62,68.17,15.75,209.88
2025,1,1,10,2025-01-01 10:00:00,629.85,577.03,15.83,4.82,66.11,11.18,289.77
2025,1,1,11,2025-01-01 11:00:00,718.82,671.15,15.9,4.08,61.07,8.84,337.3
2025,1,1,12,2025-01-01 12:00:00,749.16,648.98,17.46,4.44,59.53,17.83,317.75
2025,1,1,13,2025-01-01 13:00:00,718.82,564.83,18.34,3.48,62.81,28.56,276.08
2025,1,1,14,2025-01-01 14:00:00,629.85,474.54,20.1,5.6,60.22,32.88,229.03
2025,1,1,15,2025-01-01 15:00:00,488.32,410.63,19.14,2.72,58.1,21.21,194.76
2025,1,1,16,2025-01-01 16:00:00,303.87,217.24,18.47,1.83,54.72,38.01,109.6
2025,1,1,17,2025-01-01 17:00:00,89.08,83.11,17.75,3.07,58.3,8.94,42.2
2025,1,1,18,2025-01-01 18:00:00,0.0,0.0,18.7,2.05,61.28,34.38,0.0
2025,1,1,19,2025-01-01 19:00:00,0.0,0.0,16.26,2.58,57.61,10.1,0.0
2025,1,1,20,2025-01-01 20:00:00,0.0,0.0,13.24,2.14,64.48,6.49,0.0
2025,1,1,21,2025-01-01 21:00:00,0.0,0.0,13.94,4.16,66.21,18.07,0.0
2025,1,1,22,2025-01-01 22:00:00,0.0,0.0,12.76,2.04,61.53,18.98,0.0
2025,1,1,23,2025-01-01 23:00:00,0.0,0.0,11.62,3.04,75.39,7.54,0.0
2025,1,2,0,2025-01-02 00:00:00,0.0,0.0,10.79,4.11,69.22,12.57,0.0
2025,1,2,1,2025-01-02 01:00:00,0.0,0.0,10.36,4.93,67.47,34.15,0.0
2025,1,2,2,2025-01-02 02:00:00,0.0,0.0,8.52,3.71,71.03,29.67,0.0
2025,1,2,3,2025-01-02 03:00:00,0.0,0.0,9.13,3.11,69.49,14.02,0.0
2025,1,2,4,2025-01-02 04:00:00,0.0,0.0,9.65,5.04,68.05,30.08,0.0
2025,1,2,5,2025-01-02 05:00:00,0.0,0.0,9.1,5.31,69.23,12.31,0.0
2025,1,2,6,2025-01-02 06:00:00,0.0,0.0,11.61,4.44,76.86,36.1,0.0
2025,1,2,7,2025-01-02 07:00:00,89.69,63.52,11.76,3.67,70.35,38.9,27.48
2025,1,2,8,2025-01-02 08:00:00,304.61,229.44,13.25,4.72,70.2,32.9,118.27
2025,1,2,9,2025-01-02 09:00:00,489.16,460.48,14.29,5.84,62.86,7.82,232.16
2025,1,2,10,2025-01-02 10:00:00,630.77,487.36,15.94,3.5,60.58,30.31,238.46
2025,1,2,11,2025-01-02 11:00:00,719.8,538.28,17.32,4.47,63.24,33.62,272.95
2025,1,2,12,2025-01-02 12:00:00,750.16,689.54,16.49,4.2,58.44,10.77,341.4
2025,1,2,13,2025-01-02 13:00:00,719.8,560.08,18.39,2.98,64.16,29.59,285.46
2025,1,2,14,2025-01-02 14:00:00,630.77,562.98,18.11,2.93,62.14,14.33,277.2
2025,1,2,15,2025-01-02 15:00:00,489.16,438.92,18.88,3.03,61.14,13.69,215.59
2025,1,2,16,2025-01-02 16:00:00,304.61,210.43,18.52,3.3,61.54,41.22,102.43
2025,1,2,17,2025-01-02 17:00:00,89.69,77.19,18.56,2.48,56.07,18.59,39.35
2025,1,2,18,2025-01-02 18:00:00,0.0,0.0,17.77,3.15,58.33,27.45,0.0
2025,1,2,19,2025-01-02 19:00:00,0.0,0.0,17.42,1.24,65.16,33.42,0.0
2025,1,2,20,2025-01-02 20:00:00,0.0,0.0,15.59,2.48,64.22,35.82,0.0
2025,1,2,21,2025-01-02 21:00:00,0.0,0.0,14.51,3.41,68.41,25.05,0.0
2025,1,2,22,2025-01-02 22:00:00,0.0,0.0,11.84,3.03,62.05,38.65,0.0
2025,1,2,23,2025-01-02 23:00:00,0.0,0.0,13.41,3.74,62.4,8.75,0.0
2025,1,3,0,2025-01-03 00:00:00,0.0,0.0,9.79,4.75,68.24,9.8,0.0
2025,1,3,1,2025-01-03 01:00:00,0.0,0.0,9.12,3.85,70.85,16.29,0.0
2025,1,3,2,2025-01-03 02:00:00,0.0,0.0,10.3,4.11,73.28,27.66,0.0
2025,1,3,3,2025-01-03 03:00:00,0.0,0.0,8.51,3.71,73.56,20.04,0.0
2025,1,3,4,2025-01-03 04:00:00,0.0,0.0,8.59,4.27,75.78,9.62,0.0
2025,1,3,5,2025-01-03 05:00:00,0.0,0.0,11.12,3.65,71.41,17.49,0.0
2025,1,3,6,2025-01-03 06:00:00,0.0,0.0,10.81,3.64,74.2,42.16,0.0
2025,1,3,7,2025-01-03 07:00:00,90.35,78.55,12.55,5.01,65.88,17.41,42.29
2025,1,3,8,2025-01-03 08:00:00,305.4,247.38,12.73,3.5,63.76,25.33,124.2
2025,1,3,9,2025-01-03 09:00:00,490.07,402.15,15.35,4.0,60.71,23.92,200.94
2025,1,3,10,2025-01-03 10:00:00,631.77,528.25,15.38,4.42,70.49,21.85,266.5
2025,1,3,11,2025-01-03 11:00:00,720.85,642.79,16.7,3.87,60.2,14.44,317.43
2025,1,3,12,2025-01-03 12:00:00,751.23,516.6,16.06,3.01,64.6,41.64,264.23
2025,1,3,13,2025-01-03 13:00:00,720.85,570.37,18.25,3.41,61.57,27.83,278.99
2025,1,3,14,2025-01-03 14:00:00,631.77,578.57,19.58,2.4,57.81,11.23,282.49
2025,1,3,15,2025-01-03 15:00:00,490.07,368.33,19.76,3.3,59.92,33.12,182.71
2025,1,3,16,2025-01-03 16:00:00,305.4,262.78,19.31,1.03,57.07,18.61,124.73
2025,1,3,17,2025-01-03 17:00:00,90.35,66.01,18.81,2.17,59.2,35.91,36.32
2025,1,3,18,2025-01-03 18:00:00,0.0,0.0,17.25,2.31,61.54,35.02,0.0
2025,1,3,19,2025-01-03 19:00:00,0.0,0.0,17.08,2.6,61.07,37.66,0.0
2025,1,3,20,2025-01-03 20:00:00,0.0,0.0,16.86,1.03,66.64,42.01,0.0
2025,1,3,21,2025-01-03 21:00:00,0.0,0.0,14.97,3.15,67.37,20.24,0.0
2025,1,3,22,2025-01-03 22:00:00,0.0,0.0,12.19,1.23,66.53,11.93,0.0
2025,1,3,23,2025-01-03 23:00:00,0.0,0.0,10.88,3.52,67.04,39.81,0.0
2025,1,4,0,2025-01-04 00:00:00,0.0,0.0,10.14,3.95,69.85,31.6,0.0
2025,1,4,1,2025-01-04 01:00:00,0.0,0.0,8.54,3.24,65.97,12.81,0.0
2025,1,4,2,2025-01-04 02:00:00,0.0,0.0,7.57,3.86,75.51,37.17,0.0
2025,1,4,3,2025-01-04 03:00:00,0.0,0.0,9.28,4.76,68.52,26.37,0.0
2025,1,4,4,2025-01-04 04:00:00,0.0,0.0,8.04,4.26,68.26,43.64,0.0
2025,1,4,5,2025-01-04 05:00:00,0.0,0.0,9.88,4.74,70.23,43.68,0.0
2025,1,4,6,2025-01-04 06:00:00,0.0,0.0,12.31,4.35,70.46,43.89,0.0
2025,1,4,7,2025-01-04 07:00:00,91.06,69.25,12.22,6.41,68.55,31.93,32.11
2025,1,4,8,2025-01-04 08:00:00,306.25,261.06,12.61,5.37,62.49,19.68,125.18
2025,1,4,9,2025-01-04 09:00:00,491.04,444.32,14.3,5.11,70.63,12.69,220.38
2025,1,4,10,2025-01-04 10:00:00,632.84,471.78,15.91,4.66,67.88,33.93,234.22
2025,1,4,11,2025-01-04 11:00:00,721.97,503.87,17.47,2.44,60.59,40.28,253.88
2025,1,4,12,2025-01-04 12:00:00,752.37,504.58,17.78,1.54,61.59,43.91,246.03
2025,1,4,13,2025-01-04 13:00:00,721.97,616.19,18.36,2.83,59.94,19.54,305.81
2025,1,4,14,2025-01-04 14:00:00,632.84,510.69,17.76,3.75,60.81,25.74,257.62
2025,1,4,15,2025-01-04 15:00:00,491.04,408.17,19.29,3.89,56.75,22.5,200.8
2025,1,4,16,2025-01-04 16:00:00,306.25,241.54,18.99,3.28,62.66,28.17,119.31
2025,1,4,17,2025-01-04 17:00:00,91.06,74.61,18.87,1.57,63.91,24.09,39.09
2025,1,4,18,2025-01-04 18:00:00,0.0,0.0,16.18,3.01,65.09,14.74,0.0
2025,1,4,19,2025-01-04 19:00:00,0.0,0.0,17.73,3.64,62.22,22.16,0.0
2025,1,4,20,2025-01-04 20:00:00,0.0,0.0,15.31,2.24,65.84,40.15,0.0
2025,1,4,21,2025-01-04 21:00:00,0.0,0.0,12.37,1.61,64.73,44.27,0.0
2025,1,4,22,2025-01-04 22:00:00,0.0,0.0,11.85,3.5,68.02,12.62,0.0
2025,1,4,23,2025-01-04 23:00:00,0.0,0.0,10.74,2.77,69.51,26.56,0.0
2025,1,5,0,2025-01-05 00:00:00,0.0,0.0,9.33,3.55,68.67,17.38,0.0
2025,1,5,1,2025-01-05 01:00:00,0.0,0.0,9.13,3.72,70.84,35.35,0.0
2025,1,5,2,2025-01-05 02:00:00,0.0,0.0,8.6,3.66,72.53,39.4,0.0
2025,1,5,3,2025-01-05 03:00:00,0.0,0.0,7.8,5.66,75.1,28.14,0.0
2025,1,5,4,2025-01-05 04:00:00,0.0,0.0,9.87,4.56,67.83,12.47,0.0
2025,1,5,5,2025-01-05 05:00:00,0.0,0.0,9.58,3.37,67.33,29.81,0.0
2025,1,5,6,2025-01-05 06:00:00,0.0,0.0,10.33,3.85,69.1,20.61,0.0
2025,1,5,7,2025-01-05 07:00:00,91.81,76.22,12.87,4.65,70.64,22.65,43.54
2025,1,5,8,2025-01-05 08:00:00,307.16,274.38,14.62,4.19,69.6,14.23,142.71
2025,1,5,9,2025-01-05 09:00:00,492.08,434.32,13.32,5.09,60.85,15.65,224.9
2025,1,5,10,2025-01-05 10:00:00,633.97,521.53,15.33,3.81,63.83,23.65,259.18
2025,1,5,11,2025-01-05 11:00:00,723.17,633.49,16.0,3.34,60.54,16.54,312.0
2025,1,5,12,2025-01-05 12:00:00,753.59,656.08,15.55,3.81,62.81,17.25,326.53
2025,1,5,13,2025-01-05 13:00:00,723.17,498.2,17.89,3.59,62.07,41.48,242.52
2025,1,5,14,2025-01-05 14:00:00,633.97,426.12,20.48,3.65,64.06,43.71,205.57
2025,1,5,15,2025-01-05 15:00:00,492.08,426.64,18.41,1.35,53.59,17.73,210.36
2025,1,5,16,2025-01-05 16:00:00,307.16,272.13,17.63,1.55,61.6,15.2,135.41
2025,1,5,17,2025-01-05 17:00:00,91.81,72.52,17.83,1.65,59.95,28.03,34.46
2025,1,5,18,2025-01-05 18:00:00,0.0,0.0,17.07,3.19,63.04,13.4,0.0
2025,1,5,19,2025-01-05 19:00:00,0.0,0.0,14.54,2.8,59.61,32.03,0.0
2025,1,5,20,2025-01-05 20:00:00,0.0,0.0,15.45,2.85,63.72,40.26,0.0
2025,1,5,21,2025-01-05 21:00:00,0.0,0.0,14.29,2.26,63.76,40.65,0.0
2025,1,5,22,2025-01-05 22:00:00,0.0,0.0,13.16,1.13,69.66,16.93,0.0
2025,1,5,23,2025-01-05 23:00:00,0.0,0.0,12.48,1.56,66.78,41.89,0.0
2025,1,6,0,2025-01-06 00:00:00,0.0,0.0,11.31,2.24,66.71,28.58,0.0
2025,1,6,1,2025-01-06 01:00:00,0.0,0.0,10.34,4.0,63.56,43.87,0.0
2025,1,6,2,2025-01-06 02:00:00,0.0,0.0,9.31,3.4,72.5,16.48,0.0
2025,1,6,3,2025-01-06 03:00:00,0.0,0.0,9.52,4.49,77.81,40.18,0.0
2025,1,6,4,2025-01-06 04:00:00,0.0,0.0,8.31,5.75,68.34,17.7,0.0
2025,1,6,5,2025-01-06 05:00:00,0.0,0.0,10.51,4.44,68.67,43.07,0.0
2025,1,6,6,2025-01-06 06:00:00,0.0,0.0,10.13,5.47,67.58,40.29,0.0
2025,1,6,7,2025-01-06 07:00:00,92.62,68.43,11.84,4.04,73.63,34.83,30.22
2025,1,6,8,2025-01-06 08:00:00,308.12,264.81,12.85,3.83,69.06,18.74,125.15
2025,1,6,9,2025-01-06 09:00:00,493.18,324.72,14.23,6.31,61.62,45.54,163.03
2025,1,6,10,2025-01-06 10:00:00,635.18,573.14,16.73,4.27,65.22,13.02,285.76
2025,1,6,11,2025-01-06 11:00:00,724.44,628.12,18.01,5.09,66.04,17.73,308.14
2025,1,6,12,2025-01-06 12:00:00,754.89,499.6,17.47,5.53,63.1,45.09,248.86
2025,1,6,13,2025-01-06 13:00:00,724.44,581.26,18.21,2.38,58.52,26.35,280.79
2025,1,6,14,2025-01-06 14:00:00,635.18,486.56,18.65,3.92,61.09,31.2,236.61
2025,1,6,15,2025-01-06 15:00:00,493.18,388.81,18.8,2.45,54.49,28.22,190.3
2025,1,6,16,2025-01-06 16:00:00,308.12,239.19,19.48,3.33,58.73,29.83,110.89
2025,1,6,17,2025-01-06 17:00:00,92.62,68.64,18.12,4.4,56.48,34.52,34.06
2025,1,6,18,2025-01-06 18:00:00,0.0,0.0,16.92,2.21,62.78,14.74,0.0
2025,1,6,19,2025-01-06 19:00:00,0.0,0.0,16.48,1.77,60.37,19.06,0.0
2025,1,6,20,2025-01-06 20:00:00,0.0,0.0,16.41,0.8,55.47,39.53,0.0
2025,1,6,21,2025-01-06 21:00:00,0.0,0.0,13.73,1.53,63.89,31.98,0.0
2025,1,6,22,2025-01-06 22:00:00,0.0,0.0,12.43,3.29,66.34,34.93,0.0
2025,1,6,23,2025-01-06 23:00:00,0.0,0.0,12.09,2.77,64.61,35.45,0.0
2025,1,7,0,2025-01-07 00:00:00,0.0,0.0,10.19,4.15,68.55,36.42,0.0
2025,1,7,1,2025-01-07 01:00:00,0.0,0.0,9.38,2.95,73.67,43.52,0.0
2025,1,7,2,2025-01-07 02:00:00,0.0,0.0,7.84,3.11,76.09,23.83,0.0
2025,1,7,3,2025-01-07 03:00:00,0.0,0.0,7.76,3.32,72.82,26.86,0.0
2025,1,7,4,2025-01-07 04:00:00,0.0,0.0,7.77,5.32,69.16,32.89,0.0
2025,1,7,5,2025-01-07 05:00:00,0.0,0.0,9.38,4.91,70.03,41.57,0.0
2025,1,7,6,2025-01-07 06:00:00,0.0,0.0,9.97,3.67,67.99,35.74,0.0
2025,1,7,7,2025-01-07 07:00:00,93.48,77.28,11.66,4.99,65.06,23.1,33.11
2025,1,7,8,2025-01-07 08:00:00,309.14,224.81,12.33,5.84,68.13,36.37,118.87
2025,1,7,9,2025-01-07 09:00:00,494.34,357.72,12.53,3.85,61.16,36.85,180.36
2025,1,7,10,2025-01-07 10:00:00,636.45,543.88,15.02,2.95,64.04,19.39,273.52
2025,1,7,11,2025-01-07 11:00:00,725.78,577.73,15.77,3.03,57.94,27.2,291.24
2025,1,7,12,2025-01-07 12:00:00,756.25,566.83,19.2,3.58,59.84,33.4,279.01
2025,1,7,13,2025-01-07 13:00:00,725.78,610.95,17.87,5.24,60.17,21.1,301.28
2025,1,7,14,2025-01-07 14:00:00,636.45,515.82,18.55,3.04,59.93,25.27,252.81
2025,1,7,15,2025-01-07 15:00:00,494.34,379.72,18.5,3.22,64.44,30.91,185.04
2025,1,7,16,2025-01-07 16:00:00,309.14,212.8,17.96,1.05,61.99,41.55,109.02
2025,1,7,17,2025-01-07 17:00:00,93.48,81.71,18.27,2.48,61.67,16.78,35.6
2025,1,7,18,2025-01-07 18:00:00,0.0,0.0,18.19,3.33,62.61,44.13,0.0
2025,1,7,19,2025-01-07 19:00:00,0.0,0.0,16.45,2.68,57.02,43.29,0.0
2025,1,7,20,2025-01-07 20:00:00,0.0,0.0,15.95,2.82,63.85,19.89,0.0
2025,1,7,21,2025-01-07 21:00:00,0.0,0.0,13.97,2.67,67.04,47.56,0.0
2025,1,7,22,2025-01-07 22:00:00,0.0,0.0,11.59,2.07,68.06,24.74,0.0
2025,1,7,23,2025-01-07 23:00:00,0.0,0.0,11.35,4.35,66.68,38.94,0.0
2025,1,8,0,2025-01-08 00:00:00,0.0,0.0,11.16,2.42,70.09,25.89,0.0
2025,1,8,1,2025-01-08 01:00:00,0.0,0.0,9.74,3.4,73.39,15.59,0.0
2025,1,8,2,2025-01-08 02:00:00,0.0,0.0,9.91,2.75,71.74,31.53,0.0
2025,1,8,3,2025-01-08 03:00:00,0.0,0.0,8.66,3.27,70.15,40.55,0.0
2025,1,8,4,2025-01-08 04:00:00,0.0,0.0,7.62,3.68,67.17,25.11,0.0
2025,1,8,5,2025-01-08 05:00:00,0.0,0.0,10.46,4.62,69.55,47.98,0.0
2025,1,8,6,2025-01-08 06:00:00,0.0,0.0,11.4,3.44,74.11,36.2,0.0
2025,1,8,7,2025-01-08 07:00:00,94.38,79.58,11.0,4.15,66.33,20.91,44.5
2025,1,8,8,2025-01-08 08:00:00,310.22,271.23,12.41,5.18,63.03,16.76,140.42
2025,1,8,9,2025-01-08 09:00:00,495.57,420.78,13.56,4.51,66.9,20.12,205.91
2025,1,8,10,2025-01-08 10:00:00,637.79,468.03,14.62,3.81,63.94,35.49,236.02
2025,1,8,11,2025-01-08 11:00:00,727.19,622.1,16.73,4.34,63.0,19.27,315.52
2025,1,8,12,2025-01-08 12:00:00,757.69,656.65,16.14,4.21,56.99,17.78,323.04
2025,1,8,13,2025-01-08 13:00:00,727.19,552.17,17.92,3.18,60.48,32.09,276.71
2025,1,8,14,2025-01-08 14:00:00,637.79,486.84,19.79,3.96,60.23,31.56,234.59
2025,1,8,15,2025-01-08 15:00:00,495.57,367.2,19.47,3.12,57.92,34.54,184.04
2025,1,8,16,2025-01-08 16:00:00,310.22,206.67,19.15,2.86,61.35,44.51,104.52
2025,1,8,17,2025-01-08 17:00:00,94.38,67.1,19.44,2.21,61.75,38.54,33.44
2025,1,8,18,2025-01-08 18:00:00,0.0,0.0,16.98,2.63,62.24,26.46,0.0
2025,1,8,19,2025-01-08 19:00:00,0.0,0.0,16.65,1.25,62.14,32.5,0.0
2025,1,8,20,2025-01-08 20:00:00,0.0,0.0,16.49,2.67,64.09,36.93,0.0
2025,1,8,21,2025-01-08 21:00:00,0.0,0.0,13.92,3.14,65.84,33.68,0.0
2025,1,8,22,2025-01-08 22:00:00,0.0,0.0,12.85,2.75,67.78,18.32,0.0
2025,1,8,23,2025-01-08 23:00:00,0.0,0.0,11.61,4.15,65.9,39.52,0.0
2025,1,9,0,2025-01-09 00:00:00,0.0,0.0,10.76,3.4,67.67,17.48,0.0
2025,1,9,1,2025-01-09 01:00:00,0.0,0.0,9.23,2.65,75.84,42.84,0.0
2025,1,9,2,2025-01-09 02:00:00,0.0,0.0,9.69,5.0,73.76,21.6,0.0
2025,1,9,3,2025-01-09 03:00:00,0.0,0.0,9.52,5.83,70.7,25.44,0.0
2025,1,9,4,2025-01-09 04:00:00,0.0,0.0,9.89,3.97,70.18,29.79,0.0
2025,1,9,5,2025-01-09 05:00:00,0.0,0.0,8.67,4.59,74.53,16.96,0.0
2025,1,9,6,2025-01-09 06:00:00,0.0,0.0,10.68,5.27,68.55,49.76,0.0
2025,1,9,7,2025-01-09 07:00:00,95.33,62.84,12.01,4.82,71.99,45.44,34.21
2025,1,9,8,2025-01-09 08:00:00,311.35,209.18,11.88,4.84,66.4,43.75,103.03
2025,1,9,9,2025-01-09 09:00:00,496.85,381.58,13.97,4.45,60.71,30.93,188.86
2025,1,9,10,2025-01-09 10:00:00,639.19,517.96,14.79,3.88,66.43,25.29,258.69
2025,1,9,11,2025-01-09 11:00:00,728.67,628.06,16.14,2.54,54.73,18.41,314.82
2025,1,9,12,2025-01-09 12:00:00,759.19,530.3,17.83,3.48,62.19,40.2,259.84
2025,1,9,13,2025-01-09 13:00:00,728.67,621.85,18.33,4.39,56.33,19.55,309.52
2025,1,9,14,2025-01-09 14:00:00,639.19,469.19,18.13,2.68,59.32,35.46,231.1
2025,1,9,15,2025-01-09 15:00:00,496.85,427.45,18.2,4.09,58.16,18.62,213.0
2025,1,9,16,2025-01-09 16:00:00,311.35,208.85,18.43,2.68,57.87,43.89,100.09
2025,1,9,17,2025-01-09 17:00:00,95.33,66.3,18.38,2.9,57.86,40.6,34.05
2025,1,9,18,2025-01-09 18:00:00,0.0,0.0,17.07,2.39,64.02,40.87,0.0
2025,1,9,19,2025-01-09 19:00:00,0.0,0.0,18.16,3.73,59.93,44.48,0.0
2025,1,9,20,2025-01-09 20:00:00,0.0,0.0,14.47,2.96,61.86,18.73,0.0
2025,1,9,21,2025-01-09 21:00:00,0.0,0.0,15.38,2.68,66.31,33.31,0.0
2025,1,9,22,2025-01-09 22:00:00,0.0,0.0,12.3,3.77,67.19,22.86,0.0
2025,1,9,23,2025-01-09 23:00:00,0.0,0.0,11.11,2.21,72.72,41.33,0.0
2025,1,10,0,2025-01-10 00:00:00,0.0,0.0,9.22,3.42,75.25,51.55,0.0
2025,1,10,1,2025-01-10 01:00:00,0.0,0.0,9.53,4.33,72.85,47.56,0.0
2025,1,10,2,2025-01-10 02:00:00,0.0,0.0,9.6,5.2,67.03,48.92,0.0
2025,1,10,3,2025-01-10 03:00:00,0.0,0.0,9.4,3.91,71.78,21.59,0.0
2025,1,10,4,2025-01-10 04:00:00,0.0,0.0,9.43,3.22,69.92,50.98,0.0
2025,1,10,5,2025-01-10 05:00:00,0.0,0.0,10.29,5.58,61.65,47.46,0.0
2025,1,10,6,2025-01-10 06:00:00,0.0,0.0,10.77,5.35,68.98,22.71,0.0
2025,1,10,7,2025-01-10 07:00:00,96.33,75.84,11.13,4.62,69.04,28.37,40.09
2025,1,10,8,2025-01-10 08:00:00,312.54,253.36,11.03,4.33,67.32,25.25,132.72
2025,1,10,9,2025-01-10 09:00:00,498.2,402.21,15.2,4.07,67.55,25.69,199.4
2025,1,10,10,2025-01-10 10:00:00,640.66,552.88,15.97,5.07,67.11,18.27,274.65
2025,1,10,11,2025-01-10 11:00:00,730.22,482.76,17.33,3.6,62.72,45.18,238.15
2025,1,10,12,2025-01-10 12:00:00,760.77,609.98,17.58,3.4,58.69,26.43,297.86
2025,1,10,13,2025-01-10 13:00:00,730.22,458.19,18.39,3.92,53.81,49.67,226.95
2025,1,10,14,2025-01-10 14:00:00,640.66,482.57,17.15,2.2,68.02,32.9,240.32
2025,1,10,15,2025-01-10 15:00:00,498.2,430.81,19.89,3.14,55.88,18.03,207.33
2025,1,10,16,2025-01-10 16:00:00,312.54,193.15,19.05,3.32,57.25,50.93,94.34
2025,1,10,17,2025-01-10 17:00:00,96.33,79.58,19.03,2.46,61.29,23.19,40.39
2025,1,10,18,2025-01-10 18:00:00,0.0,0.0,18.31,1.94,61.68,34.39,0.0
2025,1,10,19,2025-01-10 19:00:00,0.0,0.0,17.39,2.85,65.56,49.57,0.0
2025,1,10,20,2025-01-10 20:00:00,0.0,0.0,14.68,3.26,64.34,30.77,0.0
2025,1,10,21,2025-01-10 21:00:00,0.0,0.0,15.29,2.46,66.36,44.37,0.0
2025,1,10,22,2025-01-10 22:00:00,0.0,0.0,13.55,3.48,68.26,28.43,0.0
2025,1,10,23,2025-01-10 23:00:00,0.0,0.0,11.38,3.05,68.38,32.23,0.0
2025,1,11,0,2025-01-11 00:00:00,0.0,0.0,9.45,2.79,64.31,29.43,0.0
2025,1,11,1,2025-01-11 01:00:00,0.0,0.0,9.16,5.12,66.23,33.77,0.0
2025,1,11,2,2025-01-11 02:00:00,0.0,0.0,7.38,4.15,68.75,39.75,0.0
2025,1,11,3,2025-01-11 03:00:00,0.0,0.0,7.89,5.17,66.06,34.84,0.0
2025,1,11,4,2025-01-11 04:00:00,0.0,0.0,9.72,4.34,72.52,39.34,0.0
2025,1,11,5,2025-01-11 05:00:00,0.0,0.0,9.07,3.3,69.35,50.51,0.0
2025,1,11,6,2025-01-11 06:00:00,0.0,0.0,11.25,3.17,67.39,28.04,0.0
2025,1,11,7,2025-01-11 07:00:00,97.38,68.58,10.71,3.87,70.82,39.43,34.01
2025,1,11,8,2025-01-11 08:00:00,313.78,256.34,11.94,6.02,68.21,24.41,130.25
2025,1,11,9,2025-01-11 09:00:00,499.61,417.89,12.73,4.33,66.32,21.81,212.37
2025,1,11,10,2025-01-11 10:00:00,642.2,419.31,14.84,4.48,63.64,46.28,209.94
2025,1,11,11,2025-01-11 11:00:00,731.83,517.09,16.55,3.25,62.12,39.12,254.28
2025,1,11,12,2025-01-11 12:00:00,762.41,536.82,18.46,3.28,59.85,39.45,267.04
2025,1,11,13,2025-01-11 13:00:00,731.83,587.16,17.76,2.95,62.49,26.36,294.37
2025,1,11,14,2025-01-11 14:00:00,642.2,442.64,19.03,4.68,56.86,41.43,213.21
2025,1,11,15,2025-01-11 15:00:00,499.61,409.87,19.51,2.5,60.24,23.95,200.6
2025,1,11,16,2025-01-11 16:00:00,313.78,269.31,19.82,1.23,64.07,18.89,132.89
2025,1,11,17,2025-01-11 17:00:00,97.38,74.19,18.27,1.7,67.54,31.75,42.31
2025,1,11,18,2025-01-11 18:00:00,0.0,0.0,18.32,2.54,64.07,33.05,0.0
2025,1,11,19,2025-01-11 19:00:00,0.0,0.0,16.2,1.88,61.39,38.31,0.0
2025,1,11,20,2025-01-11 20:00:00,0.0,0.0,14.83,1.85,62.85,26.0,0.0
2025,1,11,21,2025-01-11 21:00:00,0.0,0.0,14.19,2.92,60.33,46.08,0.0
2025,1,11,22,2025-01-11 22:00:00,0.0,0.0,11.77,3.46,62.85,36.72,0.0
2025,1,11,23,2025-01-11 23:00:00,0.0,0.0,10.94,3.64,67.83,43.64,0.0
2025,1,12,0,2025-01-12 00:00:00,0.0,0.0,9.68,2.77,71.13,25.25,0.0
2025,1,12,1,2025-01-12 01:00:00,0.0,0.0,9.09,4.68,73.9,34.88,0.0
2025,1,12,2,2025-01-12 02:00:00,0.0,0.0,8.76,4.16,66.57,51.57,0.0
2025,1,12,3,2025-01-12 03:00:00,0.0,0.0,10.87,4.5,72.18,48.59,0.0
2025,1,12,4,2025-01-12 04:00:00,0.0,0.0,9.59,3.68,72.54,23.59,0.0
2025,1,12,5,2025-01-12 05:00:00,0.0,0.0,8.21,3.78,71.72,31.72,0.0
2025,1,12,6,2025-01-12 06:00:00,0.0,0.0,11.15,4.9,69.34,40.14,0.0
2025,1,12,7,2025-01-12 07:00:00,98.47,62.35,11.58,5.39,67.7,48.92,30.52
2025,1,12,8,2025-01-12 08:00:00,315.07,198.11,13.17,4.13,68.35,49.5,98.76
2025,1,12,9,2025-01-12 09:00:00,501.07,376.23,14.44,4.37,62.3,33.22,188.18
2025,1,12,10,2025-01-12 10:00:00,643.8,443.17,15.13,6.07,64.04,41.55,220.07
2025,1,12,11,2025-01-12 11:00:00,733.51,481.09,16.52,2.96,58.06,45.88,237.69
2025,1,12,12,2025-01-12 12:00:00,764.12,580.84,17.95,2.06,60.92,31.98,284.4
2025,1,12,13,2025-01-12 13:00:00,733.51,530.89,17.59,2.22,59.37,36.83,264.48
2025,1,12,14,2025-01-12 14:00:00,643.8,446.79,18.07,2.35,60.46,40.8,220.18
2025,1,12,15,2025-01-12 15:00:00,501.07,298.38,19.13,2.16,57.99,53.94,145.52
2025,1,12,16,2025-01-12 16:00:00,315.07,212.65,18.85,1.23,57.02,43.34,107.78
2025,1,12,17,2025-01-12 17:00:00,98.47,68.23,16.3,1.25,62.61,40.95,33.1
2025,1,12,18,2025-01-12 18:00:00,0.0,0.0,18.51,3.0,59.81,31.99,0.0
2025,1,12,19,2025-01-12 19:00:00,0.0,0.0,16.05,1.9,54.23,19.5,0.0
2025,1,12,20,2025-01-12 20:00:00,0.0,0.0,14.51,0.89,63.35,37.85,0.0
2025,1,12,21,2025-01-12 21:00:00,0.0,0.0,13.99,2.3,62.2,48.67,0.0
2025,1,12,22,2025-01-12 22:00:00,0.0,0.0,10.88,2.2,65.22,44.92,0.0
2025,1,12,23,2025-01-12 23:00:00,0.0,0.0,10.98,2.7,71.12,46.59,0.0
2025,1,13,0,2025-01-13 00:00:00,0.0,0.0,10.42,4.63,72.01,29.04,0.0
2025,1,13,1,2025-01-13 01:00:00,0.0,0.0,10.73,3.84,74.88,51.46,0.0
2025,1,13,2,2025-01-13 02:00:00,0.0,0.0,9.26,3.92,75.96,25.39,0.0
2025,1,13,3,2025-01-13 03:00:00,0.0,0.0,8.73,3.27,71.55,23.1,0.0
2025,1,13,4,2025-01-13 04:00:00,0.0,0.0,9.74,4.18,74.27,32.37,0.0
2025,1,13,5,2025-01-13 05:00:00,0.0,0.0,10.64,5.46,72.35,23.57,0.0
2025,1,13,6,2025-01-13 06:00:00,0.0,0.0,9.48,4.92,67.74,41.99,0.0
2025,1,13,7,2025-01-13 07:00:00,99.61,64.32,11.89,4.14,74.5,47.24,35.74
2025,1,13,8,2025-01-13 08:00:00,316.42,187.25,13.89,5.14,71.95,54.43,95.95
2025,1,13,9,2025-01-13 09:00:00,502.6,340.11,13.73,3.51,62.48,43.11,163.73
2025,1,13,10,2025-01-13 10:00:00,645.45,473.56,15.78,3.71,63.89,35.51,234.53
2025,1,13,11,2025-01-13 11:00:00,735.26,586.14,16.77,4.5,64.45,27.04,288.57
2025,1,13,12,2025-01-13 12:00:00,765.89,477.09,18.23,4.47,58.32,50.28,234.72
2025,1,13,13,2025-01-13 13:00:00,735.26,483.65,18.88,3.33,63.32,45.63,233.3
2025,1,13,14,2025-01-13 14:00:00,645.45,381.17,18.78,3.55,58.95,54.59,189.54
2025,1,13,15,2025-01-13 15:00:00,502.6,398.55,20.01,2.9,59.06,27.6,201.08
2025,1,13,16,2025-01-13 16:00:00,316.42,219.61,17.33,3.91,59.44,40.79,110.83
2025,1,13,17,2025-01-13 17:00:00,99.61,61.74,19.38,2.23,61.82,50.7,26.02
2025,1,13,18,2025-01-13 18:00:00,0.0,0.0,18.22,3.33,57.98,20.46,0.0
2025,1,13,19,2025-01-13 19:00:00,0.0,0.0,17.86,1.38,63.18,27.27,0.0
2025,1,13,20,2025-01-13 20:00:00,0.0,0.0,15.54,1.3,67.81,32.57,0.0
2025,1,13,21,2025-01-13 21:00:00,0.0,0.0,14.6,4.03,63.88,25.34,0.0
2025,1,13,22,2025-01-13 22:00:00,0.0,0.0,11.37,4.24,70.92,51.15,0.0
2025,1,13,23,2025-01-13 23:00:00,0.0,0.0,10.3,2.75,71.79,20.24,0.0
2025,1,14,0,2025-01-14 00:00:00,0.0,0.0,10.6,4.99,67.18,43.59,0.0
2025,1,14,1,2025-01-14 01:00:00,0.0,0.0,10.52,4.43,71.97,42.23,0.0
2025,1,14,2,2025-01-14 02:00:00,0.0,0.0,10.1,4.86,68.85,38.54,0.0
2025,1,14,3,2025-01-14 03:00:00,0.0,0.0,8.12,3.78,70.42,39.21,0.0
2025,1,14,4,2025-01-14 04:00:00,0.0,0.0,9.59,4.69,66.7,24.21,0.0
2025,1,14,5,2025-01-14 05:00:00,0.0,0.0,10.68,4.48,71.94,35.85,0.0
2025,1,14,6,2025-01-14 06:00:00,0.0,0.0,11.46,3.7,63.43,50.5,0.0
2025,1,14,7,2025-01-14 07:00:00,100.8,75.26,11.65,4.92,62.69,33.78,37.54
2025,1,14,8,2025-01-14 08:00:00,317.82,245.88,13.56,4.24,65.97,30.18,124.83
2025,1,14,9,2025-01-14 09:00:00,504.18,318.14,13.1,4.33,56.38,49.2,166.18
2025,1,14,10,2025-01-14 10:00:00,647.17,470.52,16.05,4.38,65.78,36.4,230.09
2025,1,14,11,2025-01-14 11:00:00,737.07,594.21,17.15,3.73,65.68,25.84,293.47
2025,1,14,12,2025-01-14 12:00:00,767.73,593.46,17.85,2.83,60.09,30.27,289.78
2025,1,14,13,2025-01-14 13:00:00,737.07,473.47,19.56,3.17,58.99,47.68,229.6
2025,1,14,14,2025-01-14 14:00:00,647.17,539.02,18.94,1.49,55.81,22.28,261.41
2025,1,14,15,2025-01-14 15:00:00,504.18,305.28,19.09,1.4,60.55,52.6,148.15
2025,1,14,16,2025-01-14 16:00:00,317.82,206.54,17.97,1.39,60.91,46.68,110.38
2025,1,14,17,2025-01-14 17:00:00,100.8,59.12,17.07,1.75,63.3,55.13,26.44
2025,1,14,18,2025-01-14 18:00:00,0.0,0.0,18.38,2.06,68.75,50.88,0.0
2025,1,14,19,2025-01-14 19:00:00,0.0,0.0,15.87,1.48,62.26,45.88,0.0
2025,1,14,20,2025-01-14 20:00:00,0.0,0.0,14.97,3.88,69.48,26.91,0.0
2025,1,14,21,2025-01-14 21:00:00,0.0,0.0,14.05,2.51,62.82,40.2,0.0
2025,1,14,22,2025-01-14 22:00:00,0.0,0.0,12.24,2.33,68.36,22.92,0.0
2025,1,14,23,2025-01-14 23:00:00,0.0,0.0,11.63,3.45,72.87,32.66,0.0
2025,1,15,0,2025-01-15 00:00:00,0.0,0.0,10.22,3.75,70.78,52.83,0.0
2025,1,15,1,2025-01-15 01:00:00,0.0,0.0,10.42,3.67,69.96,49.06,0.0
2025,1,15,2,2025-01-15 02:00:00,0.0,0.0,10.05,5.15,72.31,25.73,0.0
2025,1,15,3,2025-01-15 03:00:00,0.0,0.0,9.14,5.08,66.69,55.8,0.0
2025,1,15,4,2025-01-15 04:00:00,0.0,0.0,10.17,5.15,72.41,42.26,0.0
2025,1,15,5,2025-01-15 05:00:00,0.0,0.0,10.1,4.14,67.66,40.7,0.0
2025,1,15,6,2025-01-15 06:00:00,0.0,0.0,10.3,4.26,70.69,52.04,0.0
2025,1,15,7,2025-01-15 07:00:00,102.03,61.22,10.78,6.31,69.27,53.33,27.32
2025,1,15,8,2025-01-15 08:00:00,319.27,259.5,12.91,4.96,67.28,24.96,130.6
2025,1,15,9,2025-01-15 09:00:00,505.81,366.73,13.2,4.2,66.28,36.66,187.79
2025,1,15,10,2025-01-15 10:00:00,648.95,514.04,15.37,5.53,62.65,27.72,257.03
2025,1,15,11,2025-01-15 11:00:00,738.94,444.1,16.7,4.08,60.94,53.2,219.21
2025,1,15,12,2025-01-15 12:00:00,769.63,476.93,19.03,3.26,61.81,50.71,227.55
2025,1,15,13,2025-01-15 13:00:00,738.94,457.41,16.68,4.23,57.98,50.8,226.79
2025,1,15,14,2025-01-15 14:00:00,648.95,484.57,19.31,2.45,56.68,33.77,236.45
2025,1,15,15,2025-01-15 15:00:00,505.81,376.0,20.34,3.63,58.03,34.22,189.17
2025,1,15,16,2025-01-15 16:00:00,319.27,236.96,18.79,2.49,62.88,34.37,117.04
2025,1,15,17,2025-01-15 17:00:00,102.03,81.78,17.43,1.97,63.37,26.46,41.15
2025,1,15,18,2025-01-15 18:00:00,0.0,0.0,17.26,1.89,62.33,28.16,0.0
2025,1,15,19,2025-01-15 19:00:00,0.0,0.0,16.65,1.54,67.82,44.54,0.0
2025,1,15,20,2025-01-15 20:00:00,0.0,0.0,16.16,3.04,59.5,23.2,0.0
2025,1,15,21,2025-01-15 21:00:00,0.0,0.0,14.37,3.19,64.28,45.32,0.0
2025,1,15,22,2025-01-15 22:00:00,0.0,0.0,11.39,3.01,59.72,25.93,0.0
2025,1,15,23,2025-01-15 23:00:00,0.0,0.0,11.12,3.46,67.73,35.35,0.0
2025,1,16,0,2025-01-16 00:00:00,0.0,0.0,10.18,3.66,71.49,32.74,0.0
2025,1,16,1,2025-01-16 01:00:00,0.0,0.0,8.98,3.38,73.45,51.11,0.0
2025,1,16,2,2025-01-16 02:00:00,0.0,0.0,9.5,3.37,68.86,53.48,0.0
2025,1,16,3,2025-01-16 03:00:00,0.0,0.0,9.05,4.99,70.09,31.4,0.0
2025,1,16,4,2025-01-16 04:00:00,0.0,0.0,10.07,4.88,68.2,33.34,0.0
2025,1,16,5,2025-01-16 05:00:00,0.0,0.0,9.65,4.72,69.69,43.7,0.0
2025,1,16,6,2025-01-16 06:00:00,0.0,0.0,10.8,4.91,72.73,25.16,0.0
2025,1,16,7,2025-01-16 07:00:00,103.31,63.05,11.71,2.5,71.0,51.96,34.24
2025,1,16,8,2025-01-16 08:00:00,320.77,238.91,13.95,5.25,65.5,34.03,120.55
2025,1,16,9,2025-01-16 09:00:00,507.5,361.14,15.35,5.66,68.94,38.45,182.64
2025,1,16,10,2025-01-16 10:00:00,650.79,498.29,14.58,3.89,63.54,31.24,240.74
2025,1,16,11,2025-01-16 11:00:00,740.87,486.59,16.66,3.85,63.65,45.76,247.29
2025,1,16,12,2025-01-16 12:00:00,771.59,510.44,17.51,3.15,60.2,45.13,244.62
2025,1,16,13,2025-01-16 13:00:00,740.87,604.56,18.05,2.06,57.73,24.53,297.96
2025,1,16,14,2025-01-16 14:00:00,650.79,434.51,18.18,2.74,57.2,44.31,214.28
2025,1,16,15,2025-01-16 15:00:00,507.5,419.19,18.81,2.91,56.74,23.2,210.88
2025,1,16,16,2025-01-16 16:00:00,320.77,222.43,19.19,1.84,58.66,40.88,108.56
2025,1,16,17,2025-01-16 17:00:00,103.31,68.8,18.14,3.2,57.42,44.53,34.01
2025,1,16,18,2025-01-16 18:00:00,0.0,0.0,17.28,1.2,58.8,40.21,0.0
2025,1,16,19,2025-01-16 19:00:00,0.0,0.0,16.78,1.08,63.53,37.32,0.0
2025,1,16,20,2025-01-16 20:00:00,0.0,0.0,15.47,1.89,61.6,51.77,0.0
2025,1,16,21,2025-01-16 21:00:00,0.0,0.0,12.34,2.48,62.84,36.37,0.0
2025,1,16,22,2025-01-16 22:00:00,0.0,0.0,13.18,3.88,66.05,49.23,0.0
2025,1,16,23,2025-01-16 23:00:00,0.0,0.0,11.48,3.76,68.06,35.6,0.0
2025,1,17,0,2025-01-17 00:00:00,0.0,0.0,10.85,3.55,71.15,45.22,0.0
2025,1,17,1,2025-01-17 01:00:00,0.0,0.0,9.72,3.71,69.57,28.76,0.0
2025,1,17,2,2025-01-17 02:00:00,0.0,0.0,7.68,4.78,72.99,43.98,0.0
2025,1,17,3,2025-01-17 03:00:00,0.0,0.0,8.56,3.39,76.33,53.38,0.0
2025,1,17,4,2025-01-17 04:00:00,0.0,0.0,9.04,4.96,75.1,34.5,0.0
2025,1,17,5,2025-01-17 05:00:00,0.0,0.0,9.64,5.29,72.63,53.8,0.0
2025,1,17,6,2025-01-17 06:00:00,0.0,0.0,11.81,3.91,71.58,36.77,0.0
2025,1,17,7,2025-01-17 07:00:00,104.63,81.38,10.7,4.41,67.36,29.62,44.03
2025,1,17,8,2025-01-17 08:00:00,322.32,251.76,12.83,3.41,66.07,29.19,130.97
2025,1,17,9,2025-01-17 09:00:00,509.25,408.83,12.73,5.12,62.58,26.29,211.52
2025,1,17,10,2025-01-17 10:00:00,652.69,473.8,16.89,4.06,62.06,36.54,230.79
2025,1,17,11,2025-01-17 11:00:00,742.86,604.99,17.02,3.46,62.02,24.75,299.28
2025,1,17,12,2025-01-17 12:00:00,773.61,629.34,16.74,2.06,59.67,24.87,310.82
2025,1,17,13,2025-01-17 13:00:00,742.86,434.84,18.97,4.13,58.8,55.28,215.05
2025,1,17,14,2025-01-17 14:00:00,652.69,367.68,17.68,3.32,54.75,58.22,174.52
2025,1,17,15,2025-01-17 15:00:00,509.25,397.81,20.47,3.16,65.69,29.18,196.16
2025,1,17,16,2025-01-17 16:00:00,322.32,227.56,18.06,1.45,56.58,39.2,109.23
2025,1,17,17,2025-01-17 17:00:00,104.63,59.42,16.83,1.48,62.05,57.61,30.29
2025,1,17,18,2025-01-17 18:00:00,0.0,0.0,17.45,2.53,67.76,39.32,0.0
2025,1,17,19,2025-01-17 19:00:00,0.0,0.0,15.6,1.97,63.49,43.71,0.0
2025,1,17,20,2025-01-17 20:00:00,0.0,0.0,14.16,2.67,64.17,40.43,0.0
2025,1,17,21,2025-01-17 21:00:00,0.0,0.0,14.33,2.87,63.83,54.23,0.0
2025,1,17,22,2025-01-17 22:00:00,0.0,0.0,12.69,2.89,63.04,33.43,0.0
2025,1,17,23,2025-01-17 23:00:00,0.0,0.0,10.16,2.46,71.79,54.01,0.0
2025,1,18,0,2025-01-18 00:00:00,0.0,0.0,10.76,5.67,61.98,51.25,0.0
2025,1,18,1,2025-01-18 01:00:00,0.0,0.0,9.73,4.23,71.05,54.88,0.0
2025,1,18,2,2025-01-18 02:00:00,0.0,0.0,10.2,3.99,70.18,44.66,0.0
2025,1,18,3,2025-01-18 03:00:00,0.0,0.0,9.63,4.33,71.58,42.45,0.0
2025,1,18,4,2025-01-18 04:00:00,0.0,0.0,10.03,4.21,74.1,48.65,0.0
2025,1,18,5,2025-01-18 05:00:00,0.0,0.0,9.27,5.42,72.78,37.14,0.0
2025,1,18,6,2025-01-18 06:00:00,0.0,0.0,10.98,5.04,71.39,34.89,0.0
2025,1,18,7,2025-01-18 07:00:00,105.99,65.06,12.55,4.94,70.12,51.5,36.53
2025,1,18,8,2025-01-18 08:00:00,323.91,256.66,12.15,3.23,66.48,27.68,123.81
2025,1,18,9,2025-01-18 09:00:00,511.04,407.97,13.47,2.83,64.08,26.89,205.6
2025,1,18,10,2025-01-18 10:00:00,654.64,520.73,16.56,3.96,63.46,27.27,258.68
2025,1,18,11,2025-01-18 11:00:00,744.9,593.31,15.32,3.2,59.71,27.13,292.53
2025,1,18,12,2025-01-18 12:00:00,775.69,469.07,17.51,3.28,62.86,52.71,234.11
2025,1,18,13,2025-01-18 13:00:00,744.9,514.4,18.94,3.24,56.09,41.26,253.87
2025,1,18,14,2025-01-18 14:00:00,654.64,472.45,18.25,2.91,60.21,37.11,236.42
2025,1,18,15,2025-01-18 15:00:00,511.04,356.54,20.54,2.82,62.72,40.31,172.47
2025,1,18,16,2025-01-18 16:00:00,323.91,243.62,19.61,2.65,60.88,33.05,124.26
2025,1,18,17,2025-01-18 17:00:00,105.99,71.98,18.75,2.32,58.28,42.79,29.22
2025,1,18,18,2025-01-18 18:00:00,0.0,0.0,17.9,1.8,57.91,34.53,0.0
2025,1,18,19,2025-01-18 19:00:00,0.0,0.0,16.34,3.0,62.47,34.25,0.0
2025,1,18,20,2025-01-18 20:00:00,0.0,0.0,15.18,3.04,61.11,35.65,0.0
2025,1,18,21,2025-01-18 21:00:00,0.0,0.0,14.31,3.33,65.58,35.55,0.0
2025,1,18,22,2025-01-18 22:00:00,0.0,0.0,12.75,4.16,72.5,37.79,0.0
2025,1,18,23,2025-01-18 23:00:00,0.0,0.0,12.37,3.26,71.71,49.22,0.0
2025,1,19,0,2025-01-19 00:00:00,0.0,0.0,10.75,3.15,68.39,35.77,0.0
2025,1,19,1,2025-01-19 01:00:00,0.0,0.0,9.79,2.66,72.0,37.94,0.0
2025,1,19,2,2025-01-19 02:00:00,0.0,0.0,8.17,5.09,66.55,32.65,0.0
2025,1,19,3,2025-01-19 03:00:00,0.0,0.0,9.62,5.18,67.58,55.1,0.0
2025,1,19,4,2025-01-19 04:00:00,0.0,0.0,10.07,3.95,75.6,32.89,0.0
2025,1,19,5,2025-01-19 05:00:00,0.0,0.0,9.1,3.71,73.57,48.14,0.0
2025,1,19,6,2025-01-19 06:00:00,0.0,0.0,10.74,4.0,68.8,50.3,0.0
2025,1,19,7,2025-01-19 07:00:00,107.4,85.35,11.66,5.25,64.99,27.37,41.36
2025,1,19,8,2025-01-19 08:00:00,325.56,262.44,11.61,4.36,63.15,25.85,123.48
2025,1,19,9,2025-01-19 09:00:00,512.89,361.0,16.05,4.33,67.35,39.49,178.56
2025,1,19,10,2025-01-19 10:00:00,656.64,365.79,17.03,4.94,64.1,59.06,178.64
2025,1,19,11,2025-01-19 11:00:00,747.0,453.5,16.97,4.35,62.06,52.39,226.74
2025,1,19,12,2025-01-19 12:00:00,777.83,605.48,18.44,1.77,58.53,29.54,299.15
2025,1,19,13,2025-01-19 13:00:00,747.0,532.17,18.59,3.33,59.96,38.35,262.85
2025,1,19,14,2025-01-19 14:00:00,656.64,397.36,17.14,2.58,56.4,52.65,196.1
2025,1,19,15,2025-01-19 15:00:00,512.89,384.71,19.04,2.51,54.07,33.32,194.88
2025,1,19,16,2025-01-19 16:00:00,325.56,258.75,19.38,2.3,59.36,27.36,124.72
2025,1,19,17,2025-01-19 17:00:00,107.4,80.64,18.15,3.37,58.85,33.22,41.72
2025,1,19,18,2025-01-19 18:00:00,0.0,0.0,17.92,1.26,59.65,45.58,0.0
2025,1,19,19,2025-01-19 19:00:00,0.0,0.0,15.98,2.15,58.23,48.93,0.0
2025,1,19,20,2025-01-19 20:00:00,0.0,0.0,15.68,1.59,65.31,41.78,0.0
2025,1,19,21,2025-01-19 21:00:00,0.0,0.0,12.84,4.27,65.55,58.86,0.0
2025,1,19,22,2025-01-19 22:00:00,0.0,0.0,13.5,4.65,64.7,28.0,0.0
2025,1,19,23,2025-01-19 23:00:00,0.0,0.0,10.49,2.85,67.2,40.48,0.0
2025,1,20,0,2025-01-20 00:00:00,0.0,0.0,10.65,3.16,70.24,59.66,0.0
2025,1,20,1,2025-01-20 01:00:00,0.0,0.0,9.97,4.15,68.21,46.81,0.0
2025,1,20,2,2025-01-20 02:00:00,0.0,0.0,9.25,3.33,67.07,52.54,0.0
2025,1,20,3,2025-01-20 03:00:00,0.0,0.0,8.38,5.54,72.42,48.46,0.0
2025,1,20,4,2025-01-20 04:00:00,0.0,0.0,9.81,5.04,70.17,43.5,0.0
2025,1,20,5,2025-01-20 05:00:00,0.0,0.0,10.53,4.28,68.84,33.81,0.0
2025,1,20,6,2025-01-20 06:00:00,0.0,0.0,10.6,4.06,67.78,41.04,0.0
2025,1,20,7,2025-01-20 07:00:00,108.85,79.34,12.24,4.14,67.46,36.15,44.65
2025,1,20,8,2025-01-20 08:00:00,327.25,229.63,13.05,4.62,67.0,39.77,117.55
2025,1,20,9,2025-01-20 09:00:00,514.79,366.01,13.6,2.77,67.37,38.54,186.82
2025,1,20,10,2025-01-20 10:00:00,658.7,416.53,14.88,2.88,61.65,49.02,208.15
2025,1,20,11,2025-01-20 11:00:00,749.16,595.21,16.32,3.9,64.06,27.4,297.66
2025,1,20,12,2025-01-20 12:00:00,780.02,538.3,18.12,2.86,68.66,41.32,268.84
2025,1,20,13,2025-01-20 13:00:00,749.16,533.44,18.33,3.09,62.57,38.39,268.17
2025,1,20,14,2025-01-20 14:00:00,658.7,444.04,19.31,2.46,55.23,43.45,214.4
2025,1,20,15,2025-01-20 15:00:00,514.79,298.72,17.07,3.0,59.6,55.96,149.35
2025,1,20,16,2025-01-20 16:00:00,327.25,234.81,19.81,1.7,61.43,37.66,116.53
2025,1,20,17,2025-01-20 17:00:00,108.85,62.57,17.06,1.94,60.76,56.69,30.7
2025,1,20,18,2025-01-20 18:00:00,0.0,0.0,18.24,1.71,53.08,30.51,0.0
2025,1,20,19,2025-01-20 19:00:00,0.0,0.0,17.19,2.87,58.55,36.67,0.0
2025,1,20,20,2025-01-20 20:00:00,0.0,0.0,14.59,3.15,59.85,40.83,0.0
2025,1,20,21,2025-01-20 21:00:00,0.0,0.0,14.78,2.17,64.25,32.39,0.0
2025,1,20,22,2025-01-20 22:00:00,0.0,0.0,12.38,4.34,67.24,46.71,0.0
2025,1,20,23,2025-01-20 23:00:00,0.0,0.0,11.98,3.71,72.2,31.89,0.0
2025,1,21,0,2025-01-21 00:00:00,0.0,0.0,11.42,3.53,71.65,37.07,0.0
2025,1,21,1,2025-01-21 01:00:00,0.0,0.0,10.33,4.24,69.65,44.5,0.0
2025,1,21,2,2025-01-21 02:00:00,0.0,0.0,10.0,4.97,70.57,51.69,0.0
2025,1,21,3,2025-01-21 03:00:00,0.0,0.0,9.85,3.9,69.15,56.84,0.0
2025,1,21,4,2025-01-21 04:00:00,0.0,0.0,10.19,5.05,73.61,38.43,0.0
2025,1,21,5,2025-01-21 05:00:00,0.0,0.0,8.97,5.22,69.03,44.05,0.0
2025,1,21,6,2025-01-21 06:00:00,0.0,0.0,10.59,5.32,70.61,40.14,0.0
2025,1,21,7,2025-01-21 07:00:00,110.34,64.59,12.08,4.66,68.15,55.29,30.29
2025,1,21,8,2025-01-21 08:00:00,328.99,201.1,12.69,4.73,67.36,51.83,106.13
2025,1,21,9,2025-01-21 09:00:00,516.74,359.53,13.79,4.9,62.41,40.56,178.94
2025,1,21,10,2025-01-21 10:00:00,660.81,411.86,14.95,4.99,65.76,50.23,212.41
2025,1,21,11,2025-01-21 11:00:00,751.37,436.73,16.38,2.39,62.43,55.83,218.29
2025,1,21,12,2025-01-21 12:00:00,782.26,562.7,18.71,4.47,56.21,37.42,273.85
2025,1,21,13,2025-01-21 13:00:00,751.37,521.2,18.08,2.3,54.68,40.84,261.43
2025,1,21,14,2025-01-21 14:00:00,660.81,518.74,19.44,4.01,58.74,28.67,258.54
2025,1,21,15,2025-01-21 15:00:00,516.74,327.55,18.89,2.32,55.02,48.82,161.98
2025,1,21,16,2025-01-21 16:00:00,328.99,239.15,18.6,1.4,54.2,36.41,118.0
2025,1,21,17,2025-01-21 17:00:00,110.34,60.14,18.32,3.05,57.03,60.66,33.26
2025,1,21,18,2025-01-21 18:00:00,0.0,0.0,16.83,1.64,55.77,41.48,0.0
2025,1,21,19,2025-01-21 19:00:00,0.0,0.0,15.94,2.51,58.99,43.59,0.0
2025,1,21,20,2025-01-21 20:00:00,0.0,0.0,15.4,2.62,64.0,47.81,0.0
2025,1,21,21,2025-01-21 21:00:00,0.0,0.0,13.14,3.3,67.49,48.51,0.0
2025,1,21,22,2025-01-21 22:00:00,0.0,0.0,11.62,3.42,69.33,51.42,0.0
2025,1,21,23,2025-01-21 23:00:00,0.0,0.0,12.12,3.5,69.02,57.0,0.0
2025,1,22,0,2025-01-22 00:00:00,0.0,0.0,9.98,3.54,74.33,51.82,0.0
2025,1,22,1,2025-01-22 01:00:00,0.0,0.0,10.33,4.71,70.01,36.14,0.0
2025,1,22,2,2025-01-22 02:00:00,0.0,0.0,8.69,4.35,70.37,33.88,0.0
2025,1,22,3,2025-01-22 03:00:00,0.0,0.0,8.86,5.75,66.18,42.47,0.0
2025,1,22,4,2025-01-22 04:00:00,0.0,0.0,10.02,4.83,67.88,49.6,0.0
2025,1,22,5,2025-01-22 05:00:00,0.0,0.0,9.25,3.93,68.12,27.76,0.0
2025,1,22,6,2025-01-22 06:00:00,0.0,0.0,12.04,5.99,68.34,29.47,0.0
2025,1,22,7,2025-01-22 07:00:00,111.87,86.6,12.11,4.72,69.42,30.12,46.31
2025,1,22,8,2025-01-22 08:00:00,330.77,245.7,14.05,4.66,68.6,34.29,129.1
2025,1,22,9,2025-01-22 09:00:00,518.73,403.28,14.75,5.21,64.37,29.68,209.78
2025,1,22,10,2025-01-22 10:00:00,662.97,480.53,16.15,4.99,62.64,36.69,241.07
2025,1,22,11,2025-01-22 11:00:00,753.63,509.56,15.64,3.33,64.08,43.18,259.77
2025,1,22,12,2025-01-22 12:00:00,784.56,532.9,18.17,3.12,61.31,42.77,256.57
2025,1,22,13,2025-01-22 13:00:00,753.63,595.1,18.56,3.18,54.04,28.05,290.6
2025,1,22,14,2025-01-22 14:00:00,662.97,365.98,19.24,4.3,58.08,59.73,176.15
2025,1,22,15,2025-01-22 15:00:00,518.73,377.16,18.98,3.28,58.16,36.39,186.59
2025,1,22,16,2025-01-22 16:00:00,330.77,192.4,18.48,1.65,60.19,55.77,90.85
2025,1,22,17,2025-01-22 17:00:00,111.87,81.64,20.9,1.26,63.54,36.03,35.2
2025,1,22,18,2025-01-22 18:00:00,0.0,0.0,17.21,1.38,63.77,56.28,0.0
2025,1,22,19,2025-01-22 19:00:00,0.0,0.0,16.52,2.48,59.45,44.98,0.0
2025,1,22,20,2025-01-22 20:00:00,0.0,0.0,15.84,2.6,65.99,34.07,0.0
2025,1,22,21,2025-01-22 21:00:00,0.0,0.0,15.85,3.03,61.61,53.47,0.0
2025,1,22,22,2025-01-22 22:00:00,0.0,0.0,12.08,2.99,68.78,33.55,0.0
2025,1,22,23,2025-01-22 23:00:00,0.0,0.0,11.14,3.02,64.22,32.93,0.0
2025,1,23,0,2025-01-23 00:00:00,0.0,0.0,9.57,3.38,71.04,45.99,0.0
2025,1,23,1,2025-01-23 01:00:00,0.0,0.0,10.73,2.54,76.46,36.02,0.0
2025,1,23,2,2025-01-23 02:00:00,0.0,0.0,10.28,4.1,73.96,46.75,0.0
2025,1,23,3,2025-01-23 03:00:00,0.0,0.0,9.5,3.54,73.77,42.24,0.0
2025,1,23,4,2025-01-23 04:00:00,0.0,0.0,9.14,4.89,68.43,49.02,0.0
2025,1,23,5,2025-01-23 05:00:00,0.0,0.0,10.6,4.69,69.49,35.04,0.0
2025,1,23,6,2025-01-23 06:00:00,0.0,0.0,10.67,6.32,66.95,42.49,0.0
2025,1,23,7,2025-01-23 07:00:00,113.45,69.27,11.96,4.96,73.28,51.92,36.35
2025,1,23,8,2025-01-23 08:00:00,332.59,189.57,11.28,4.35,65.99,57.34,101.0
2025,1,23,9,2025-01-23 09:00:00,520.78,387.04,13.6,5.34,64.81,34.24,192.65
2025,1,23,10,2025-01-23 10:00:00,665.17,368.93,15.31,4.5,66.27,59.38,184.1
2025,1,23,11,2025-01-23 11:00:00,755.95,585.01,16.25,4.77,62.63,30.15,288.91
2025,1,23,12,2025-01-23 12:00:00,786.91,533.18,16.91,2.5,58.69,42.99,259.06
2025,1,23,13,2025-01-23 13:00:00,755.95,584.59,18.09,3.91,53.19,30.22,292.82
2025,1,23,14,2025-01-23 14:00:00,665.17,402.63,18.9,3.11,65.53,52.63,203.27
2025,1,23,15,2025-01-23 15:00:00,520.78,403.03,19.61,3.22,63.37,30.15,200.39
2025,1,23,16,2025-01-23 16:00:00,332.59,193.09,18.15,3.32,59.38,55.92,100.56
2025,1,23,17,2025-01-23 17:00:00,113.45,67.67,18.22,2.58,58.37,53.8,34.99
2025,1,23,18,2025-01-23 18:00:00,0.0,0.0,18.21,2.93,65.08,59.61,0.0
2025,1,23,19,2025-01-23 19:00:00,0.0,0.0,15.91,3.79,63.19,48.08,0.0
2025,1,23,20,2025-01-23 20:00:00,0.0,0.0,15.03,1.85,60.42,37.3,0.0
2025,1,23,21,2025-01-23 21:00:00,0.0,0.0,14.25,1.93,67.71,42.69,0.0
2025,1,23,22,2025-01-23 22:00:00,0.0,0.0,13.83,3.64,68.34,56.58,0.0
2025,1,23,23,2025-01-23 23:00:00,0.0,0.0,11.88,2.25,69.66,37.06,0.0
2025,1,24,0,2025-01-24 00:00:00,0.0,0.0,9.93,2.28,71.35,34.98,0.0
2025,1,24,1,2025-01-24 01:00:00,0.0,0.0,10.39,3.25,72.07,51.47,0.0
2025,1,24,2,2025-01-24 02:00:00,0.0,0.0,8.68,3.73,75.1,31.39,0.0
2025,1,24,3,2025-01-24 03:00:00,0.0,0.0,9.55,4.42,66.31,37.39,0.0
2025,1,24,4,2025-01-24 04:00:00,0.0,0.0,9.98,4.16,69.92,39.61,0.0
2025,1,24,5,2025-01-24 05:00:00,0.0,0.0,10.55,3.85,72.03,48.49,0.0
2025,1,24,6,2025-01-24 06:00:00,0.0,0.0,11.71,3.25,67.45,29.09,0.0
2025,1,24,7,2025-01-24 07:00:00,115.06,70.88,12.27,4.97,71.99,51.2,39.57
2025,1,24,8,2025-01-24 08:00:00,334.46,214.0,13.75,5.85,67.54,48.02,113.49
2025,1,24,9,2025-01-24 09:00:00,522.86,275.91,13.99,3.69,69.69,62.97,143.63
2025,1,24,10,2025-01-24 10:00:00,667.43,485.66,16.13,3.93,63.92,36.31,243.35
2025,1,24,11,2025-01-24 11:00:00,758.3,492.31,17.27,3.34,64.66,46.77,244.04
2025,1,24,12,2025-01-24 12:00:00,789.3,527.54,18.76,3.95,64.27,44.22,258.98
2025,1,24,13,2025-01-24 13:00:00,758.3,564.04,20.17,4.0,59.81,34.16,280.66
2025,1,24,14,2025-01-24 14:00:00,667.43,477.53,19.43,1.94,56.14,37.94,235.63
2025,1,24,15,2025-01-24 15:00:00,522.86,315.1,20.86,2.38,57.41,52.98,154.95
2025,1,24,16,2025-01-24 16:00:00,334.46,261.79,19.52,3.14,63.2,28.97,130.16
2025,1,24,17,2025-01-24 17:00:00,115.06,66.39,18.64,0.5,61.48,56.4,31.64
2025,1,24,18,2025-01-24 18:00:00,0.0,0.0,16.49,2.42,62.37,33.68,0.0
2025,1,24,19,2025-01-24 19:00:00,0.0,0.0,16.4,2.28,61.55,49.05,0.0
2025,1,24,20,2025-01-24 20:00:00,0.0,0.0,16.31,2.73,64.23,31.26,0.0
2025,1,24,21,2025-01-24 21:00:00,0.0,0.0,14.78,3.37,62.59,35.69,0.0
2025,1,24,22,2025-01-24 22:00:00,0.0,0.0,13.21,3.85,66.78,63.2,0.0
2025,1,24,23,2025-01-24 23:00:00,0.0,0.0,11.36,3.02,67.41,30.48,0.0
2025,1,25,0,2025-01-25 00:00:00,0.0,0.0,10.25,2.12,67.13,31.21,0.0
2025,1,25,1,2025-01-25 01:00:00,0.0,0.0,9.78,3.76,69.47,32.26,0.0
2025,1,25,2,2025-01-25 02:00:00,0.0,0.0,8.99,3.29,73.95,38.47,0.0
2025,1,25,3,2025-01-25 03:00:00,0.0,0.0,8.69,3.98,67.11,33.26,0.0
2025,1,25,4,2025-01-25 04:00:00,0.0,0.0,9.18,5.24,71.79,36.09,0.0
2025,1,25,5,2025-01-25 05:00:00,0.0,0.0,9.96,5.12,67.65,34.15,0.0
2025,1,25,6,2025-01-25 06:00:00,0.0,0.0,10.96,3.77,66.05,56.86,0.0
2025,1,25,7,2025-01-25 07:00:00,116.71,72.45,11.73,4.59,62.67,50.56,33.71
2025,1,25,8,2025-01-25 08:00:00,336.37,236.84,12.07,4.97,59.59,39.45,125.31
2025,1,25,9,2025-01-25 09:00:00,524.99,319.94,14.7,4.66,66.11,52.08,153.15
2025,1,25,10,2025-01-25 10:00:00,669.73,377.75,14.66,5.46,61.95,58.13,188.56
2025,1,25,11,2025-01-25 11:00:00,760.71,498.47,17.81,4.57,61.81,45.96,244.86
2025,1,25,12,2025-01-25 12:00:00,791.74,536.63,17.43,3.11,54.86,42.96,266.59
2025,1,25,13,2025-01-25 13:00:00,760.71,557.6,20.16,4.96,64.68,35.6,272.27
2025,1,25,14,2025-01-25 14:00:00,669.73,485.04,17.46,2.19,61.8,36.77,241.25
2025,1,25,15,2025-01-25 15:00:00,524.99,333.22,18.84,2.17,56.49,48.71,162.0
2025,1,25,16,2025-01-25 16:00:00,336.37,191.0,19.44,2.51,58.63,57.62,95.27
2025,1,25,17,2025-01-25 17:00:00,116.71,87.19,19.62,1.77,58.26,33.73,41.95
2025,1,25,18,2025-01-25 18:00:00,0.0,0.0,18.17,2.72,62.16,48.21,0.0
2025,1,25,19,2025-01-25 19:00:00,0.0,0.0,17.14,1.67,61.08,36.44,0.0
2025,1,25,20,2025-01-25 20:00:00,0.0,0.0,15.84,3.54,64.57,28.75,0.0
2025,1,25,21,2025-01-25 21:00:00,0.0,0.0,12.64,2.63,63.25,34.05,0.0
2025,1,25,22,2025-01-25 22:00:00,0.0,0.0,12.49,2.84,64.35,60.95,0.0
2025,1,25,23,2025-01-25 23:00:00,0.0,0.0,11.33,0.99,69.37,45.05,0.0
2025,1,26,0,2025-01-26 00:00:00,0.0,0.0,11.75,3.02,68.15,49.98,0.0
2025,1,26,1,2025-01-26 01:00:00,0.0,0.0,10.63,4.22,70.84,46.96,0.0
2025,1,26,2,2025-01-26 02:00:00,0.0,0.0,9.57,5.06,69.26,30.85,0.0
2025,1,26,3,2025-01-26 03:00:00,0.0,0.0,9.31,3.89,69.73,34.71,0.0
2025,1,26,4,2025-01-26 04:00:00,0.0,0.0,8.87,5.52,69.16,50.38,0.0
2025,1,26,5,2025-01-26 05:00:00,0.0,0.0,9.59,4.07,71.27,42.81,0.0
2025,1,26,6,2025-01-26 06:00:00,0.0,0.0,11.41,4.19,69.58,52.8,0.0
2025,1,26,7,2025-01-26 07:00:00,118.41,91.98,11.93,4.08,71.89,29.76,49.07
2025,1,26,8,2025-01-26 08:00:00,338.32,233.86,13.46,5.1,67.14,41.17,112.32
2025,1,26,9,2025-01-26 09:00:00,527.16,318.26,15.05,3.64,63.63,52.84,162.19
2025,1,26,10,2025-01-26 10:00:00,672.07,475.76,16.44,3.23,66.56,38.95,231.71
2025,1,26,11,2025-01-26 11:00:00,763.16,580.85,15.54,4.61,60.82,31.85,287.73
2025,1,26,12,2025-01-26 12:00:00,794.23,425.92,17.51,2.62,57.29,61.83,211.61
2025,1,26,13,2025-01-26 13:00:00,763.16,402.73,18.75,3.04,50.83,62.97,192.44
2025,1,26,14,2025-01-26 14:00:00,672.07,408.67,19.84,3.59,61.65,52.26,200.8
2025,1,26,15,2025-01-26 15:00:00,527.16,299.04,18.59,3.4,64.24,57.7,146.39
2025,1,26,16,2025-01-26 16:00:00,338.32,184.98,18.96,1.58,60.99,60.43,94.17
2025,1,26,17,2025-01-26 17:00:00,118.41,86.65,18.26,3.32,56.63,35.76,41.81
2025,1,26,18,2025-01-26 18:00:00,0.0,0.0,18.07,2.25,65.9,33.29,0.0
2025,1,26,19,2025-01-26 19:00:00,0.0,0.0,15.76,3.07,67.96,39.59,0.0
2025,1,26,20,2025-01-26 20:00:00,0.0,0.0,16.33,3.99,67.2,41.13,0.0
2025,1,26,21,2025-01-26 21:00:00,0.0,0.0,13.03,2.55,62.12,60.53,0.0
2025,1,26,22,2025-01-26 22:00:00,0.0,0.0,12.23,3.02,66.26,49.28,0.0
2025,1,26,23,2025-01-26 23:00:00,0.0,0.0,11.91,2.43,67.36,54.95,0.0
2025,1,27,0,2025-01-27 00:00:00,0.0,0.0,9.46,3.45,70.99,35.43,0.0
2025,1,27,1,2025-01-27 01:00:00,0.0,0.0,9.73,4.26,75.86,41.56,0.0
2025,1,27,2,2025-01-27 02:00:00,0.0,0.0,8.07,4.44,73.88,38.24,0.0
2025,1,27,3,2025-01-27 03:00:00,0.0,0.0,8.36,3.88,66.81,46.1,0.0
2025,1,27,4,2025-01-27 04:00:00,0.0,0.0,9.51,5.53,68.24,36.71,0.0
2025,1,27,5,2025-01-27 05:00:00,0.0,0.0,11.02,4.33,68.81,37.14,0.0
2025,1,27,6,2025-01-27 06:00:00,0.0,0.0,11.18,4.97,68.68,45.46,0.0
2025,1,27,7,2025-01-27 07:00:00,120.14,92.62,9.9,5.02,66.03,30.54,43.71
2025,1,27,8,2025-01-27 08:00:00,340.31,178.53,14.48,4.43,68.05,63.38,86.83
2025,1,27,9,2025-01-27 09:00:00,529.38,396.51,14.88,3.88,65.47,33.47,198.81
2025,1,27,10,2025-01-27 10:00:00,674.45,462.98,13.94,4.42,66.88,41.81,233.56
2025,1,27,11,2025-01-27 11:00:00,765.65,473.9,15.79,3.58,59.87,50.81,233.1
2025,1,27,12,2025-01-27 12:00:00,796.76,534.7,18.85,3.37,64.62,43.85,260.59
2025,1,27,13,2025-01-27 13:00:00,765.65,560.33,18.98,3.11,58.81,35.76,273.59
2025,1,27,14,2025-01-27 14:00:00,674.45,495.99,19.34,2.91,62.26,35.28,237.95
2025,1,27,15,2025-01-27 15:00:00,529.38,311.03,19.57,1.64,61.08,55.0,158.49
2025,1,27,16,2025-01-27 16:00:00,340.31,198.08,20.81,3.76,60.26,55.73,94.91
2025,1,27,17,2025-01-27 17:00:00,120.14,67.65,18.91,3.3,59.06,58.25,33.76
2025,1,27,18,2025-01-27 18:00:00,0.0,0.0,18.51,2.82,60.12,44.49,0.0
2025,1,27,19,2025-01-27 19:00:00,0.0,0.0,15.33,0.89,62.43,46.33,0.0
2025,1,27,20,2025-01-27 20:00:00,0.0,0.0,16.89,3.51,61.37,30.77,0.0
2025,1,27,21,2025-01-27 21:00:00,0.0,0.0,14.29,2.09,66.74,57.58,0.0
2025,1,27,22,2025-01-27 22:00:00,0.0,0.0,13.16,3.93,65.54,64.05,0.0
2025,1,27,23,2025-01-27 23:00:00,0.0,0.0,10.86,3.55,69.72,33.61,0.0
2025,1,28,0,2025-01-28 00:00:00,0.0,0.0,10.64,4.7,68.23,44.24,0.0
2025,1,28,1,2025-01-28 01:00:00,0.0,0.0,9.95,4.65,67.93,61.07,0.0
2025,1,28,2,2025-01-28 02:00:00,0.0,0.0,9.31,3.62,69.27,35.34,0.0
2025,1,28,3,2025-01-28 03:00:00,0.0,0.0,7.91,4.41,74.95,31.01,0.0
2025,1,28,4,2025-01-28 04:00:00,0.0,0.0,9.06,4.62,73.81,30.03,0.0
2025,1,28,5,2025-01-28 05:00:00,0.0,0.0,10.14,5.42,71.53,43.56,0.0
2025,1,28,6,2025-01-28 06:00:00,0.0,0.0,10.71,4.2,71.58,39.14,0.0
2025,1,28,7,2025-01-28 07:00:00,121.9,81.17,12.28,4.09,69.41,44.55,38.45
2025,1,28,8,2025-01-28 08:00:00,342.34,192.8,11.55,5.08,64.72,58.24,94.81
2025,1,28,9,2025-01-28 09:00:00,531.63,406.31,12.11,3.52,63.88,31.43,199.37
2025,1,28,10,2025-01-28 10:00:00,676.88,432.27,15.93,4.59,59.89,48.18,217.52
2025,1,28,11,2025-01-28 11:00:00,768.19,566.41,16.57,2.89,59.92,35.02,274.91
2025,1,28,12,2025-01-28 12:00:00,799.33,479.05,19.22,3.92,58.18,53.43,231.27
2025,1,28,13,2025-01-28 13:00:00,768.19,545.05,17.96,2.02,57.55,38.73,267.23
2025,1,28,14,2025-01-28 14:00:00,676.88,406.96,19.68,2.6,62.12,53.17,203.64
2025,1,28,15,2025-01-28 15:00:00,531.63,391.65,18.81,1.69,62.99,35.11,195.77
2025,1,28,16,2025-01-28 16:00:00,342.34,258.95,19.75,3.3,62.55,32.48,127.69
2025,1,28,17,2025-01-28 17:00:00,121.9,85.54,20.59,1.11,57.95,39.77,35.21
2025,1,28,18,2025-01-28 18:00:00,0.0,0.0,18.89,3.04,61.39,41.2,0.0
2025,1,28,19,2025-01-28 19:00:00,0.0,0.0,16.17,1.72,59.97,49.1,0.0
2025,1,28,20,2025-01-28 20:00:00,0.0,0.0,15.37,3.18,66.13,59.93,0.0
2025,1,28,21,2025-01-28 21:00:00,0.0,0.0,15.02,1.33,70.35,50.75,0.0
2025,1,28,22,2025-01-28 22:00:00,0.0,0.0,13.72,3.39,63.44,56.54,0.0
2025,1,28,23,2025-01-28 23:00:00,0.0,0.0,12.16,2.51,65.04,55.78,0.0
2025,1,29,0,2025-01-29 00:00:00,0.0,0.0,10.78,3.25,70.84,46.57,0.0
2025,1,29,1,2025-01-29 01:00:00,0.0,0.0,9.29,2.79,75.93,32.67,0.0
2025,1,29,2,2025-01-29 02:00:00,0.0,0.0,9.83,5.4,71.03,40.18,0.0
2025,1,29,3,2025-01-29 03:00:00,0.0,0.0,8.15,4.21,74.18,47.33,0.0
2025,1,29,4,2025-01-29 04:00:00,0.0,0.0,8.85,6.06,73.91,34.83,0.0
2025,1,29,5,2025-01-29 05:00:00,0.0,0.0,10.66,4.95,73.37,61.33,0.0
2025,1,29,6,2025-01-29 06:00:00,0.0,0.0,11.47,5.67,65.83,40.17,0.0
2025,1,29,7,2025-01-29 07:00:00,123.7,95.51,11.26,5.19,71.52,30.39,55.16
2025,1,29,8,2025-01-29 08:00:00,344.4,236.4,12.58,5.77,67.41,41.81,116.81
2025,1,29,9,2025-01-29 09:00:00,533.92,305.22,13.75,5.28,69.07,57.11,153.57
2025,1,29,10,2025-01-29 10:00:00,679.34,356.65,16.26,4.18,71.75,63.33,174.23
2025,1,29,11,2025-01-29 11:00:00,770.76,521.51,15.73,3.55,66.51,43.12,258.87
2025,1,29,12,2025-01-29 12:00:00,801.94,556.31,17.99,4.36,61.58,40.84,274.83
2025,1,29,13,2025-01-29 13:00:00,770.76,396.96,19.83,2.22,60.82,64.66,190.72
2025,1,29,14,2025-01-29 14:00:00,679.34,455.61,20.28,2.27,62.63,43.91,221.43
2025,1,29,15,2025-01-29 15:00:00,533.92,325.89,19.65,3.53,55.92,51.95,163.48
2025,1,29,16,2025-01-29 16:00:00,344.4,199.26,19.31,3.06,62.45,56.19,102.86
2025,1,29,17,2025-01-29 17:00:00,123.7,89.98,20.48,2.05,56.76,36.35,45.43
2025,1,29,18,2025-01-29 18:00:00,0.0,0.0,20.06,1.62,58.83,34.21,0.0
2025,1,29,19,2025-01-29 19:00:00,0.0,0.0,17.14,1.1,59.29,31.81,0.0
2025,1,29,20,2025-01-29 20:00:00,0.0,0.0,17.35,1.79,63.39,52.14,0.0
2025,1,29,21,2025-01-29 21:00:00,0.0,0.0,15.75,3.77,66.72,51.3,0.0
2025,1,29,22,2025-01-29 22:00:00,0.0,0.0,13.67,1.28,63.79,46.13,0.0
2025,1,29,23,2025-01-29 23:00:00,0.0,0.0,11.16,2.42,71.69,61.71,0.0
2025,1,30,0,2025-01-30 00:00:00,0.0,0.0,9.19,3.67,65.71,56.41,0.0
2025,1,30,1,2025-01-30 01:00:00,0.0,0.0,9.72,3.87,69.7,63.86,0.0
2025,1,30,2,2025-01-30 02:00:00,0.0,0.0,8.05,3.36,68.74,35.6,0.0
2025,1,30,3,2025-01-30 03:00:00,0.0,0.0,8.09,3.78,66.93,60.85,0.0
2025,1,30,4,2025-01-30 04:00:00,0.0,0.0,9.84,6.49,72.33,52.63,0.0
2025,1,30,5,2025-01-30 05:00:00,0.0,0.0,8.85,4.44,67.12,50.3,0.0
2025,1,30,6,2025-01-30 06:00:00,0.0,0.0,10.32,4.76,71.27,35.63,0.0
2025,1,30,7,2025-01-30 07:00:00,125.54,77.74,12.2,5.54,71.08,50.77,37.25
2025,1,30,8,2025-01-30 08:00:00,346.5,219.56,13.33,4.38,64.18,48.85,113.12
2025,1,30,9,2025-01-30 09:00:00,536.25,374.13,14.47,5.93,64.77,40.31,182.3
2025,1,30,10,2025-01-30 10:00:00,681.84,514.32,16.79,4.06,64.4,32.76,252.08
2025,1,30,11,2025-01-30 11:00:00,773.37,471.81,17.42,3.97,63.71,51.99,232.99
2025,1,30,12,2025-01-30 12:00:00,804.59,597.67,18.51,3.42,58.32,34.29,292.6
2025,1,30,13,2025-01-30 13:00:00,773.37,494.91,19.41,3.01,60.18,48.01,250.04
2025,1,30,14,2025-01-30 14:00:00,681.84,383.83,18.89,2.76,61.74,58.28,185.0
2025,1,30,15,2025-01-30 15:00:00,536.25,325.2,19.09,3.32,58.56,52.48,160.51
2025,1,30,16,2025-01-30 16:00:00,346.5,233.85,19.12,2.72,54.86,43.35,119.11
2025,1,30,17,2025-01-30 17:00:00,125.54,85.72,19.06,2.7,63.96,42.3,45.98
2025,1,30,18,2025-01-30 18:00:00,0.0,0.0,16.85,2.34,66.0,57.39,0.0
2025,1,30,19,2025-01-30 19:00:00,0.0,0.0,17.49,1.31,58.17,51.12,0.0
2025,1,30,20,2025-01-30 20:00:00,0.0,0.0,16.94,1.23,65.11,32.02,0.0
2025,1,30,21,2025-01-30 21:00:00,0.0,0.0,14.44,2.34,62.59,53.27,0.0
2025,1,30,22,2025-01-30 22:00:00,0.0,0.0,12.8,3.13,66.15,37.02,0.0
2025,1,30,23,2025-01-30 23:00:00,0.0,0.0,12.9,3.2,66.87,46.85,0.0
2025,1,31,0,2025-01-31 00:00:00,0.0,0.0,11.15,4.31,67.04,32.17,0.0
2025,1,31,1,2025-01-31 01:00:00,0.0,0.0,10.39,3.48,66.19,49.52,0.0
2025,1,31,2,2025-01-31 02:00:00,0.0,0.0,9.36,2.79,73.26,63.1,0.0
2025,1,31,3,2025-01-31 03:00:00,0.0,0.0,10.36,5.27,64.68,42.53,0.0
2025,1,31,4,2025-01-31 04:00:00,0.0,0.0,7.64,4.63,69.83,44.37,0.0
2025,1,31,5,2025-01-31 05:00:00,0.0,0.0,9.51,4.4,65.4,55.5,0.0
2025,1,31,6,2025-01-31 06:00:00,0.0,0.0,11.54,3.58,72.36,36.26,0.0
2025,1,31,7,2025-01-31 07:00:00,127.41,67.9,11.93,5.6,66.93,62.28,32.1
2025,1,31,8,2025-01-31 08:00:00,348.64,179.38,13.69,4.14,65.51,64.73,92.08
2025,1,31,9,2025-01-31 09:00:00,538.61,360.99,14.84,4.75,64.82,43.97,178.45
2025,1,31,10,2025-01-31 10:00:00,684.38,470.38,15.43,5.06,68.24,41.69,235.42
2025,1,31,11,2025-01-31 11:00:00,776.02,437.63,16.44,4.83,63.27,58.14,209.49
2025,1,31,12,2025-01-31 12:00:00,807.27,540.32,18.24,3.82,60.78,44.09,263.47
2025,1,31,13,2025-01-31 13:00:00,776.02,520.78,18.44,3.03,56.28,43.85,263.77
2025,1,31,14,2025-01-31 14:00:00,684.38,455.26,20.32,1.96,54.01,44.64,223.53
2025,1,31,15,2025-01-31 15:00:00,538.61,350.75,21.26,3.19,63.78,46.51,168.04
2025,1,31,16,2025-01-31 16:00:00,348.64,267.9,20.37,1.16,57.33,30.88,132.49
2025,1,31,17,2025-01-31 17:00:00,127.41,75.51,20.01,2.89,60.74,54.32,42.1
2025,1,31,18,2025-01-31 18:00:00,0.0,0.0,17.8,3.75,58.92,47.08,0.0
2025,1,31,19,2025-01-31 19:00:00,0.0,0.0,15.61,2.85,61.9,47.97,0.0
2025,1,31,20,2025-01-31 20:00:00,0.0,0.0,15.16,3.14,63.26,36.1,0.0
2025,1,31,21,2025-01-31 21:00:00,0.0,0.0,15.35,2.83,65.15,44.25,0.0
2025,1,31,22,2025-01-31 22:00:00,0.0,0.0,14.29,4.15,67.73,61.17,0.0
2025,1,31,23,2025-01-31 23:00:00,0.0,0.0,11.06,2.52,68.86,61.95,0.0
2025,2,1,0,2025-02-01 00:00:00,0.0,0.0,11.51,2.26,63.74,38.63,0.0
2025,2,1,1,2025-02-01 01:00:00,0.0,0.0,10.36,3.25,66.32,51.53,0.0
2025,2,1,2,2025-02-01 02:00:00,0.0,0.0,10.87,4.01,74.34,44.0,0.0
2025,2,1,3,2025-02-01 03:00:00,0.0,0.0,10.64,3.57,74.44,49.75,0.0
2025,2,1,4,2025-02-01 04:00:00,0.0,0.0,9.58,4.16,72.15,60.78,0.0
2025,2,1,5,2025-02-01 05:00:00,0.0,0.0,11.94,5.28,70.2,60.06,0.0
2025,2,1,6,2025-02-01 06:00:00,0.0,0.0,10.45,5.15,64.16,56.59,0.0
2025,2,1,7,2025-02-01 07:00:00,129.32,89.93,12.69,3.87,70.2,40.61,44.3
2025,2,1,8,2025-02-01 08:00:00,350.81,210.05,13.76,4.56,71.42,53.5,100.24
2025,2,1,9,2025-02-01 09:00:00,541.01,374.99,16.15,3.68,62.16,40.92,189.04
2025,2,1,10,2025-02-01 10:00:00,686.95,459.35,15.26,4.19,61.53,44.18,229.34
2025,2,1,11,2025-02-01 11:00:00,778.69,527.87,17.47,3.54,62.8,42.95,262.31
2025,2,1,12,2025-02-01 12:00:00,809.99,424.48,16.96,3.48,57.29,63.46,207.75
2025,2,1,13,2025-02-01 13:00:00,778.69,581.27,18.31,3.4,56.46,33.8,287.22
2025,2,1,14,2025-02-01 14:00:00,686.95,477.9,19.01,3.17,60.47,40.58,235.38
2025,2,1,15,2025-02-01 15:00:00,541.01,322.39,19.64,2.78,52.74,53.88,165.81
2025,2,1,16,2025-02-01 16:00:00,350.81,260.86,20.25,2.36,57.36,34.19,128.78
2025,2,1,17,2025-02-01 17:00:00,129.32,77.75,19.55,2.23,61.58,53.17,39.32
2025,2,1,18,2025-02-01 18:00:00,0.0,0.0,18.49,2.98,58.59,60.04,0.0
2025,2,1,19,2025-02-01 19:00:00,0.0,0.0,17.08,2.4,62.22,38.82,0.0
2025,2,1,20,2025-02-01 20:00:00,0.0,0.0,15.65,2.73,66.6,46.63,0.0
2025,2,1,21,2025-02-01 21:00:00,0.0,0.0,15.11,4.64,62.45,49.2,0.0
2025,2,1,22,2025-02-01 22:00:00,0.0,0.0,13.64,2.43,67.69,46.12,0.0
2025,2,1,23,2025-02-01 23:00:00,0.0,0.0,13.11,3.89,71.17,59.35,0.0
2025,2,2,0,2025-02-02 00:00:00,0.0,0.0,10.97,3.56,66.46,55.31,0.0
2025,2,2,1,2025-02-02 01:00:00,0.0,0.0,9.62,3.7,67.69,52.02,0.0
2025,2,2,2,2025-02-02 02:00:00,0.0,0.0,9.04,4.12,69.89,57.06,0.0
2025,2,2,3,2025-02-02 03:00:00,0.0,0.0,8.54,4.57,67.05,64.07,0.0
2025,2,2,4,2025-02-02 04:00:00,0.0,0.0,9.87,3.63,73.94,45.34,0.0
2025,2,2,5,2025-02-02 05:00:00,0.0,0.0,10.21,5.46,69.88,64.32,0.0
2025,2,2,6,2025-02-02 06:00:00,0.0,0.0,12.27,5.11,68.1,44.45,0.0
2025,2,2,7,2025-02-02 07:00:00,131.26,79.45,11.23,5.35,61.05,52.63,37.34
2025,2,2,8,2025-02-02 08:00:00,353.01,226.26,14.11,4.54,61.54,47.87,113.41
2025,2,2,9,2025-02-02 09:00:00,543.43,290.14,14.32,4.05,64.52,62.15,140.5
2025,2,2,10,2025-02-02 10:00:00,689.55,495.05,16.36,4.22,65.49,37.61,244.82
2025,2,2,11,2025-02-02 11:00:00,781.4,415.53,16.39,2.07,61.46,62.43,206.95
2025,2,2,12,2025-02-02 12:00:00,812.73,550.38,19.39,3.41,63.18,43.04,268.53
2025,2,2,13,2025-02-02 13:00:00,781.4,441.46,18.46,3.27,53.9,58.01,224.59
2025,2,2,14,2025-02-02 14:00:00,689.55,378.88,19.35,2.89,63.72,60.07,187.01
2025,2,2,15,2025-02-02 15:00:00,543.43,280.7,19.04,2.83,61.47,64.46,138.01
2025,2,2,16,2025-02-02 16:00:00,353.01,194.33,19.75,1.32,57.52,59.94,93.43
2025,2,2,17,2025-02-02 17:00:00,131.26,73.59,19.82,1.72,58.31,58.58,33.4
2025,2,2,18,2025-02-02 18:00:00,0.0,0.0,18.41,1.77,56.78,32.31,0.0
2025,2,2,19,2025-02-02 19:00:00,0.0,0.0,15.53,2.22,61.74,43.11,0.0
2025,2,2,20,2025-02-02 20:00:00,0.0,0.0,15.24,2.15,61.97,40.35,0.0
2025,2,2,21,2025-02-02 21:00:00,0.0,0.0,14.83,3.12,68.91,52.14,0.0
2025,2,2,22,2025-02-02 22:00:00,0.0,0.0,14.65,2.39,66.76,35.83,0.0
2025,2,2,23,2025-02-02 23:00:00,0.0,0.0,11.08,2.22,63.2,40.04,0.0
2025,2,3,0,2025-02-03 00:00:00,0.0,0.0,10.8,4.66,66.55,53.99,0.0
2025,2,3,1,2025-02-03 01:00:00,0.0,0.0,9.62,3.13,71.46,55.67,0.0
2025,2,3,2,2025-02-03 02:00:00,0.0,0.0,9.51,3.99,70.51,43.0,0.0
2025,2,3,3,2025-02-03 03:00:00,0.0,0.0,9.43,4.03,67.45,31.3,0.0
2025,2,3,4,2025-02-03 04:00:00,0.0,0.0,10.97,5.5,69.1,64.14,0.0
2025,2,3,5,2025-02-03 05:00:00,0.0,0.0,11.36,4.5,71.64,36.51,0.0
2025,2,3,6,2025-02-03 06:00:00,0.0,0.0,10.09,4.94,73.2,40.77,0.0
2025,2,3,7,2025-02-03 07:00:00,133.23,74.98,11.47,4.17,67.07,58.3,35.45
2025,2,3,8,2025-02-03 08:00:00,355.24,247.9,14.4,3.75,71.57,40.29,128.96
2025,2,3,9,2025-02-03 09:00:00,545.89,305.84,14.62,3.93,60.7,58.63,154.63
2025,2,3,10,2025-02-03 10:00:00,692.18,517.56,15.78,3.21,65.85,33.64,261.61
2025,2,3,11,2025-02-03 11:00:00,784.14,597.46,16.13,3.23,63.77,31.74,296.28
2025,2,3,12,2025-02-03 12:00:00,815.51,601.79,17.85,2.65,59.97,34.94,296.96
2025,2,3,13,2025-02-03 13:00:00,784.14,545.6,19.33,3.3,64.76,40.56,271.32
2025,2,3,14,2025-02-03 14:00:00,692.18,440.39,19.2,2.7,57.92,48.5,218.38
2025,2,3,15,2025-02-03 15:00:00,545.89,370.6,19.15,3.41,62.58,42.81,182.9
2025,2,3,16,2025-02-03 16:00:00,355.24,271.24,19.38,3.06,54.19,31.53,130.21
2025,2,3,17,2025-02-03 17:00:00,133.23,71.31,17.6,2.29,57.13,61.96,37.12
2025,2,3,18,2025-02-03 18:00:00,0.0,0.0,18.84,3.51,60.0,46.91,0.0
2025,2,3,19,2025-02-03 19:00:00,0.0,0.0,16.6,2.03,56.28,58.2,0.0
2025,2,3,20,2025-02-03 20:00:00,0.0,0.0,16.17,3.09,65.16,57.58,0.0
2025,2,3,21,2025-02-03 21:00:00,0.0,0.0,14.3,3.99,64.61,59.37,0.0
2025,2,3,22,2025-02-03 22:00:00,0.0,0.0,12.86,1.99,70.43,45.55,0.0
2025,2,3,23,2025-02-03 23:00:00,0.0,0.0,11.11,4.0,68.66,56.02,0.0
2025,2,4,0,2025-02-04 00:00:00,0.0,0.0,10.56,3.55,61.48,46.49,0.0
2025,2,4,1,2025-02-04 01:00:00,0.0,0.0,10.2,3.6,65.36,54.35,0.0
2025,2,4,2,2025-02-04 02:00:00,0.0,0.0,10.58,4.25,67.23,29.63,0.0
2025,2,4,3,2025-02-04 03:00:00,0.0,0.0,10.34,5.06,75.58,34.96,0.0
2025,2,4,4,2025-02-04 04:00:00,0.0,0.0,8.48,4.08,73.39,63.74,0.0
2025,2,4,5,2025-02-04 05:00:00,0.0,0.0,10.19,4.96,67.88,61.01,0.0
2025,2,4,6,2025-02-04 06:00:00,0.0,0.0,12.2,5.38,68.98,43.38,0.0
2025,2,4,7,2025-02-04 07:00:00,135.23,102.08,12.73,4.44,69.28,32.68,46.93
2025,2,4,8,2025-02-04 08:00:00,357.51,262.61,13.76,3.61,72.07,35.39,133.54
2025,2,4,9,2025-02-04 09:00:00,548.38,396.16,14.73,5.24,64.28,37.01,198.62
2025,2,4,10,2025-02-04 10:00:00,694.84,418.94,16.57,4.37,63.2,52.94,208.47
2025,2,4,11,2025-02-04 11:00:00,786.91,503.24,16.82,4.06,63.09,48.07,242.85
2025,2,4,12,2025-02-04 12:00:00,818.31,515.41,17.42,4.67,61.8,49.35,249.66
2025,2,4,13,2025-02-04 13:00:00,786.91,411.89,19.42,3.59,60.38,63.54,207.19
2025,2,4,14,2025-02-04 14:00:00,694.84,505.56,20.53,2.7,63.73,36.32,255.77
2025,2,4,15,2025-02-04 15:00:00,548.38,350.54,20.0,3.09,52.75,48.1,169.71
2025,2,4,16,2025-02-04 16:00:00,357.51,260.71,19.53,1.85,56.73,36.1,134.64
2025,2,4,17,2025-02-04 17:00:00,135.23,95.38,17.55,0.69,62.06,39.29,47.25
2025,2,4,18,2025-02-04 18:00:00,0.0,0.0,18.31,2.78,59.12,55.4,0.0
2025,2,4,19,2025-02-04 19:00:00,0.0,0.0,18.62,1.65,63.08,30.02,0.0
2025,2,4,20,2025-02-04 20:00:00,0.0,0.0,18.01,2.38,64.58,63.64,0.0
2025,2,4,21,2025-02-04 21:00:00,0.0,0.0,14.41,2.67,66.9,44.62,0.0
2025,2,4,22,2025-02-04 22:00:00,0.0,0.0,13.6,3.84,64.53,56.51,0.0
2025,2,4,23,2025-02-04 23:00:00,0.0,0.0,11.89,4.93,67.74,38.78,0.0
2025,2,5,0,2025-02-05 00:00:00,0.0,0.0,10.34,3.28,65.88,49.33,0.0
2025,2,5,1,2025-02-05 01:00:00,0.0,0.0,11.81,4.5,72.6,32.83,0.0
2025,2,5,2,2025-02-05 02:00:00,0.0,0.0,11.33,3.33,70.46,45.29,0.0
2025,2,5,3,2025-02-05 03:00:00,0.0,0.0,9.85,4.51,68.93,61.71,0.0
2025,2,5,4,2025-02-05 04:00:00,0.0,0.0,9.42,4.69,67.11,48.47,0.0
2025,2,5,5,2025-02-05 05:00:00,0.0,0.0,10.45,4.07,71.38,47.36,0.0
2025,2,5,6,2025-02-05 06:00:00,0.0,0.0,11.43,4.88,71.37,53.26,0.0
2025,2,5,7,2025-02-05 07:00:00,137.26,79.44,13.13,5.26,67.29,56.17,40.92
2025,2,5,8,2025-02-05 08:00:00,359.8,221.72,13.25,5.15,64.25,51.17,115.37
2025,2,5,9,2025-02-05 09:00:00,550.89,386.12,15.32,3.12,62.89,39.88,192.01
2025,2,5,10,2025-02-05 10:00:00,697.53,431.1,16.08,3.16,62.71,50.93,213.94
2025,2,5,11,2025-02-05 11:00:00,789.7,411.78,17.05,4.32,61.08,63.81,201.49
2025,2,5,12,2025-02-05 12:00:00,821.14,548.69,18.11,3.45,60.91,44.24,268.87
2025,2,5,13,2025-02-05 13:00:00,789.7,446.6,19.88,4.1,60.04,57.93,217.4
2025,2,5,14,2025-02-05 14:00:00,697.53,519.52,19.83,3.35,60.46,34.03,253.92
2025,2,5,15,2025-02-05 15:00:00,550.89,389.79,20.85,3.13,55.9,38.99,188.14
2025,2,5,16,2025-02-05 16:00:00,359.8,210.85,19.56,1.68,57.33,55.2,99.6
2025,2,5,17,2025-02-05 17:00:00,137.26,71.63,20.28,2.29,62.46,63.75,35.89
2025,2,5,18,2025-02-05 18:00:00,0.0,0.0,19.24,1.76,60.2,57.41,0.0
2025,2,5,19,2025-02-05 19:00:00,0.0,0.0,18.61,3.64,57.41,55.81,0.0
2025,2,5,20,2025-02-05 20:00:00,0.0,0.0,16.04,1.44,62.49,37.34,0.0
2025,2,5,21,2025-02-05 21:00:00,0.0,0.0,14.38,3.42,64.59,41.76,0.0
2025,2,5,22,2025-02-05 22:00:00,0.0,0.0,14.92,4.26,69.55,34.66,0.0
2025,2,5,23,2025-02-05 23:00:00,0.0,0.0,12.17,4.05,68.01,43.72,0.0
2025,2,6,0,2025-02-06 00:00:00,0.0,0.0,11.52,3.55,69.12,30.38,0.0
2025,2,6,1,2025-02-06 01:00:00,0.0,0.0,11.09,4.12,75.11,60.88,0.0
2025,2,6,2,2025-02-06 02:00:00,0.0,0.0,8.21,3.49,69.25,45.02,0.0
2025,2,6,3,2025-02-06 03:00:00,0.0,0.0,10.72,4.77,70.35,48.27,0.0
2025,2,6,4,2025-02-06 04:00:00,0.0,0.0,8.61,5.46,71.13,48.55,0.0
2025,2,6,5,2025-02-06 05:00:00,0.0,0.0,10.36,5.45,69.46,39.7,0.0
2025,2,6,6,2025-02-06 06:00:00,0.0,0.0,10.91,5.07,67.78,45.54,0.0
2025,2,6,7,2025-02-06 07:00:00,139.32,96.44,12.42,6.11,68.92,41.04,47.42
2025,2,6,8,2025-02-06 08:00:00,362.12,189.76,12.86,4.46,69.5,63.46,91.63
2025,2,6,9,2025-02-06 09:00:00,553.43,344.91,14.59,4.67,64.81,50.24,173.37
2025,2,6,10,2025-02-06 10:00:00,700.23,468.2,14.86,4.81,71.36,44.18,232.96
2025,2,6,11,2025-02-06 11:00:00,792.52,433.99,18.31,1.4,57.3,60.32,215.89
2025,2,6,12,2025-02-06 12:00:00,823.99,584.3,17.15,2.96,62.57,38.79,283.77
2025,2,6,13,2025-02-06 13:00:00,792.52,412.17,19.35,3.58,57.92,63.99,192.33
2025,2,6,14,2025-02-06 14:00:00,700.23,500.2,19.29,2.77,58.43,38.09,247.08
2025,2,6,15,2025-02-06 15:00:00,553.43,350.0,19.96,4.14,60.68,49.01,169.7
2025,2,6,16,2025-02-06 16:00:00,362.12,213.58,21.35,1.52,66.05,54.69,102.84
2025,2,6,17,2025-02-06 17:00:00,139.32,73.24,19.25,1.24,63.34,63.24,37.78
2025,2,6,18,2025-02-06 18:00:00,0.0,0.0,18.58,3.33,66.55,48.06,0.0
2025,2,6,19,2025-02-06 19:00:00,0.0,0.0,16.18,3.49,58.46,35.0,0.0
2025,2,6,20,2025-02-06 20:00:00,0.0,0.0,16.51,3.32,67.55,45.98,0.0
2025,2,6,21,2025-02-06 21:00:00,0.0,0.0,14.95,2.78,60.37,37.37,0.0
2025,2,6,22,2025-02-06 22:00:00,0.0,0.0,13.69,3.75,67.97,44.63,0.0
2025,2,6,23,2025-02-06 23:00:00,0.0,0.0,11.76,3.12,72.27,49.44,0.0
2025,2,7,0,2025-02-07 00:00:00,0.0,0.0,11.15,2.9,70.88,42.46,0.0
2025,2,7,1,2025-02-07 01:00:00,0.0,0.0,10.61,4.04,71.68,60.0,0.0
2025,2,7,2,2025-02-07 02:00:00,0.0,0.0,10.91,2.84,68.1,52.73,0.0
2025,2,7,3,2025-02-07 03:00:00,0.0,0.0,8.38,3.87,70.7,39.7,0.0
2025,2,7,4,2025-02-07 04:00:00,0.0,0.0,9.11,4.77,64.42,62.78,0.0
2025,2,7,5,2025-02-07 05:00:00,0.0,0.0,11.59,4.04,73.12,37.11,0.0
2025,2,7,6,2025-02-07 06:00:00,0.0,0.0,11.57,4.04,67.27,52.35,0.0
2025,2,7,7,2025-02-07 07:00:00,141.41,79.78,11.31,5.62,67.37,58.11,35.05
2025,2,7,8,2025-02-07 08:00:00,364.46,234.0,13.39,3.94,64.51,47.73,115.16
2025,2,7,9,2025-02-07 09:00:00,556.0,376.49,14.21,3.3,67.11,43.05,182.92
2025,2,7,10,2025-02-07 10:00:00,702.97,371.69,15.38,5.33,60.77,62.83,185.39
2025,2,7,11,2025-02-07 11:00:00,795.36,445.21,17.17,2.91,65.02,58.7,224.34
2025,2,7,12,2025-02-07 12:00:00,826.87,635.93,17.15,4.34,58.01,30.79,317.49
2025,2,7,13,2025-02-07 13:00:00,795.36,560.92,18.85,4.55,62.51,39.3,274.46
2025,2,7,14,2025-02-07 14:00:00,702.97,424.01,20.69,3.24,64.02,52.91,212.48
2025,2,7,15,2025-02-07 15:00:00,556.0,396.41,18.34,3.4,58.05,38.27,196.01
2025,2,7,16,2025-02-07 16:00:00,364.46,231.66,20.08,0.89,66.04,48.58,113.09
2025,2,7,17,2025-02-07 17:00:00,141.41,104.27,17.69,2.14,59.95,35.02,45.66
2025,2,7,18,2025-02-07 18:00:00,0.0,0.0,18.05,2.82,61.71,33.32,0.0
2025,2,7,19,2025-02-07 19:00:00,0.0,0.0,17.74,2.56,59.53,55.53,0.0
2025,2,7,20,2025-02-07 20:00:00,0.0,0.0,17.66,2.54,55.97,51.28,0.0
2025,2,7,21,2025-02-07 21:00:00,0.0,0.0,13.6,1.78,63.36,31.51,0.0
2025,2,7,22,2025-02-07 22:00:00,0.0,0.0,13.3,2.96,67.87,52.87,0.0
2025,2,7,23,2025-02-07 23:00:00,0.0,0.0,12.73,3.32,65.67,45.01,0.0
2025,2,8,0,2025-02-08 00:00:00,0.0,0.0,11.2,3.96,67.39,50.14,0.0
2025,2,8,1,2025-02-08 01:00:00,0.0,0.0,11.14,4.07,72.66,49.59,0.0
2025,2,8,2,2025-02-08 02:00:00,0.0,0.0,9.11,4.36,74.46,37.85,0.0
2025,2,8,3,2025-02-08 03:00:00,0.0,0.0,10.92,4.74,73.83,29.09,0.0
2025,2,8,4,2025-02-08 04:00:00,0.0,0.0,10.51,4.11,68.18,50.88,0.0
2025,2,8,5,2025-02-08 05:00:00,0.0,0.0,11.16,4.12,72.82,40.9,0.0
2025,2,8,6,2025-02-08 06:00:00,0.0,0.0,12.15,3.59,69.07,43.17,0.0
2025,2,8,7,2025-02-08 07:00:00,143.53,93.36,12.28,5.75,61.34,46.61,43.29
2025,2,8,8,2025-02-08 08:00:00,366.83,225.41,12.97,3.93,69.31,51.4,112.09
2025,2,8,9,2025-02-08 09:00:00,558.58,344.23,15.14,2.92,63.55,51.17,163.94
2025,2,8,10,2025-02-08 10:00:00,705.72,542.07,17.15,3.73,65.04,30.92,263.07
2025,2,8,11,2025-02-08 11:00:00,798.21,453.48,17.29,2.73,63.5,57.58,225.17
2025,2,8,12,2025-02-08 12:00:00,829.76,631.93,18.43,3.98,64.29,31.79,304.22
2025,2,8,13,2025-02-08 13:00:00,798.21,610.1,19.78,2.79,64.29,31.42,297.23
2025,2,8,14,2025-02-08 14:00:00,705.72,522.2,19.99,2.98,57.33,34.67,253.6
2025,2,8,15,2025-02-08 15:00:00,558.58,320.18,19.13,1.41,55.0,56.91,159.61
2025,2,8,16,2025-02-08 16:00:00,366.83,286.62,20.49,3.71,63.4,29.16,141.88
2025,2,8,17,2025-02-08 17:00:00,143.53,87.71,18.93,3.02,56.33,51.86,44.58
2025,2,8,18,2025-02-08 18:00:00,0.0,0.0,17.68,3.79,62.15,61.92,0.0
2025,2,8,19,2025-02-08 19:00:00,0.0,0.0,18.24,1.97,63.54,55.58,0.0
2025,2,8,20,2025-02-08 20:00:00,0.0,0.0,16.51,2.52,63.2,50.64,0.0
2025,2,8,21,2025-02-08 21:00:00,0.0,0.0,14.38,2.62,66.66,34.05,0.0
2025,2,8,22,2025-02-08 22:00:00,0.0,0.0,13.4,2.9,65.43,60.24,0.0
2025,2,8,23,2025-02-08 23:00:00,0.0,0.0,12.88,2.72,65.13,60.14,0.0
2025,2,9,0,2025-02-09 00:00:00,0.0,0.0,12.77,3.09,70.86,51.65,0.0
2025,2,9,1,2025-02-09 01:00:00,0.0,0.0,10.03,2.54,66.14,41.92,0.0
2025,2,9,2,2025-02-09 02:00:00,0.0,0.0,10.7,4.33,69.91,59.77,0.0
2025,2,9,3,2025-02-09 03:00:00,0.0,0.0,10.66,3.4,70.79,59.48,0.0
2025,2,9,4,2025-02-09 04:00:00,0.0,0.0,9.84,5.63,69.97,34.32,0.0
2025,2,9,5,2025-02-09 05:00:00,0.0,0.0,11.08,4.27,67.5,32.68,0.0
2025,2,9,6,2025-02-09 06:00:00,0.0,0.0,13.17,5.53,70.49,50.69,0.0
2025,2,9,7,2025-02-09 07:00:00,145.67,105.2,12.59,4.79,66.35,37.05,56.31
2025,2,9,8,2025-02-09 08:00:00,369.22,211.75,14.71,3.67,70.15,56.87,108.6
2025,2,9,9,2025-02-09 09:00:00,561.19,326.83,15.3,4.17,64.09,55.68,165.64
2025,2,9,10,2025-02-09 10:00:00,708.49,443.84,15.05,4.96,57.65,49.8,218.82
2025,2,9,11,2025-02-09 11:00:00,801.09,437.6,17.93,3.73,63.75,60.5,215.79
2025,2,9,12,2025-02-09 12:00:00,832.67,600.9,18.85,2.73,62.92,37.11,298.58
2025,2,9,13,2025-02-09 13:00:00,801.09,483.19,19.4,2.38,58.9,52.91,238.39
2025,2,9,14,2025-02-09 14:00:00,708.49,408.07,20.52,4.2,55.55,56.54,193.76
2025,2,9,15,2025-02-09 15:00:00,561.19,428.64,20.76,3.33,57.29,31.49,204.93
2025,2,9,16,2025-02-09 16:00:00,369.22,198.85,19.96,2.15,61.78,61.52,98.49
2025,2,9,17,2025-02-09 17:00:00,145.67,78.0,18.98,2.99,58.91,61.94,36.29
2025,2,9,18,2025-02-09 18:00:00,0.0,0.0,18.46,2.32,58.77,40.97,0.0
2025,2,9,19,2025-02-09 19:00:00,0.0,0.0,17.18,2.51,64.49,42.3,0.0
2025,2,9,20,2025-02-09 20:00:00,0.0,0.0,17.41,3.88,63.41,60.24,0.0
2025,2,9,21,2025-02-09 21:00:00,0.0,0.0,14.76,2.16,61.76,53.35,0.0
2025,2,9,22,2025-02-09 22:00:00,0.0,0.0,13.95,3.98,66.58,40.39,0.0
2025,2,9,23,2025-02-09 23:00:00,0.0,0.0,12.97,3.02,71.93,42.85,0.0
2025,2,10,0,2025-02-10 00:00:00,0.0,0.0,10.73,2.91,74.74,48.33,0.0
2025,2,10,1,2025-02-10 01:00:00,0.0,0.0,10.93,4.96,64.14,52.95,0.0
2025,2,10,2,2025-02-10 02:00:00,0.0,0.0,9.43,3.91,77.62,32.22,0.0
2025,2,10,3,2025-02-10 03:00:00,0.0,0.0,9.84,3.64,76.18,41.98,0.0
2025,2,10,4,2025-02-10 04:00:00,0.0,0.0,9.29,5.05,72.04,55.64,0.0
2025,2,10,5,2025-02-10 05:00:00,0.0,0.0,9.64,4.97,68.58,56.23,0.0
2025,2,10,6,2025-02-10 06:00:00,0.0,0.0,10.51,3.53,69.07,42.87,0.0
2025,2,10,7,2025-02-10 07:00:00,147.84,79.06,11.09,5.31,59.5,62.03,40.51
2025,2,10,8,2025-02-10 08:00:00,371.64,217.74,15.31,4.35,65.38,55.21,117.8
2025,2,10,9,2025-02-10 09:00:00,563.81,420.4,13.91,4.15,64.31,33.92,212.94
2025,2,10,10,2025-02-10 10:00:00,711.28,388.46,18.27,3.24,65.12,60.51,191.92
2025,2,10,11,2025-02-10 11:00:00,803.97,560.74,17.9,5.0,59.59,40.34,275.81
2025,2,10,12,2025-02-10 12:00:00,835.59,616.87,18.48,3.66,57.28,34.9,305.23
2025,2,10,13,2025-02-10 13:00:00,803.97,551.65,18.85,3.71,59.91,41.85,265.6
2025,2,10,14,2025-02-10 14:00:00,711.28,545.82,19.02,3.65,61.4,31.02,270.82
2025,2,10,15,2025-02-10 15:00:00,563.81,349.2,20.89,2.47,59.75,50.75,168.35
2025,2,10,16,2025-02-10 16:00:00,371.64,271.65,20.75,1.92,62.6,35.87,130.0
2025,2,10,17,2025-02-10 17:00:00,147.84,106.78,18.38,2.27,58.36,37.03,53.47
2025,2,10,18,2025-02-10 18:00:00,0.0,0.0,18.5,2.65,61.57,39.03,0.0
2025,2,10,19,2025-02-10 19:00:00,0.0,0.0,17.8,1.55,60.59,48.75,0.0
2025,2,10,20,2025-02-10 20:00:00,0.0,0.0,16.18,2.36,67.18,54.12,0.0
2025,2,10,21,2025-02-10 21:00:00,0.0,0.0,15.97,2.16,64.88,54.2,0.0
2025,2,10,22,2025-02-10 22:00:00,0.0,0.0,13.54,3.0,68.86,55.36,0.0
2025,2,10,23,2025-02-10 23:00:00,0.0,0.0,13.28,4.0,68.34,47.34,0.0
2025,2,11,0,2025-02-11 00:00:00,0.0,0.0,10.11,2.87,75.58,27.05,0.0
2025,2,11,1,2025-02-11 01:00:00,0.0,0.0,12.22,2.86,70.25,50.54,0.0
2025,2,11,2,2025-02-11 02:00:00,0.0,0.0,10.55,3.23,70.44,49.27,0.0
2025,2,11,3,2025-02-11 03:00:00,0.0,0.0,9.64,3.26,71.1,60.26,0.0
2025,2,11,4,2025-02-11 04:00:00,0.0,0.0,7.97,4.1,71.18,54.71,0.0
2025,2,11,5,2025-02-11 05:00:00,0.0,0.0,10.25,5.54,70.49,45.72,0.0
2025,2,11,6,2025-02-11 06:00:00,0.0,0.0,12.21,5.01,68.13,56.55,0.0
2025,2,11,7,2025-02-11 07:00:00,150.04,116.14,11.58,4.13,71.84,30.12,61.27
2025,2,11,8,2025-02-11 08:00:00,374.07,236.73,14.61,4.75,63.65,48.95,121.94
2025,2,11,9,2025-02-11 09:00:00,566.46,434.63,14.33,5.17,64.24,31.03,220.32
2025,2,11,10,2025-02-11 10:00:00,714.08,551.89,17.66,4.12,63.53,30.28,275.27
2025,2,11,11,2025-02-11 11:00:00,806.88,444.75,15.92,3.79,64.35,59.84,225.44
2025,2,11,12,2025-02-11 12:00:00,838.53,567.49,19.78,3.23,60.66,43.1,282.17
2025,2,11,13,2025-02-11 13:00:00,806.88,575.43,21.81,3.77,58.89,38.25,277.45
2025,2,11,14,2025-02-11 14:00:00,714.08,480.54,19.52,2.19,58.28,43.61,233.89
2025,2,11,15,2025-02-11 15:00:00,566.46,385.03,20.66,1.01,53.15,42.7,190.61
2025,2,11,16,2025-02-11 16:00:00,374.07,255.58,20.03,1.77,60.33,42.24,122.28
2025,2,11,17,2025-02-11 17:00:00,150.04,102.1,19.01,3.48,61.76,42.6,48.71
2025,2,11,18,2025-02-11 18:00:00,0.0,0.0,17.7,2.02,61.66,38.44,0.0
2025,2,11,19,2025-02-11 19:00:00,0.0,0.0,18.83,2.84,59.38,57.18,0.0
2025,2,11,20,2025-02-11 20:00:00,0.0,0.0,16.55,3.0,59.46,31.01,0.0
2025,2,11,21,2025-02-11 21:00:00,0.0,0.0,16.01,3.35,61.85,45.65,0.0
2025,2,11,22,2025-02-11 22:00:00,0.0,0.0,14.02,2.25,71.02,28.4,0.0
2025,2,11,23,2025-02-11 23:00:00,0.0,0.0,13.86,2.54,66.04,36.54,0.0
2025,2,12,0,2025-02-12 00:00:00,0.0,0.0,11.66,3.65,66.6,26.55,0.0
2025,2,12,1,2025-02-12 01:00:00,0.0,0.0,9.28,3.36,68.61,53.99,0.0
2025,2,12,2,2025-02-12 02:00:00,0.0,0.0,12.39,4.19,70.09,43.85,0.0
2025,2,12,3,2025-02-12 03:00:00,0.0,0.0,11.05,4.45,73.85,44.83,0.0
2025,2,12,4,2025-02-12 04:00:00,0.0,0.0,9.68,3.45,68.31,31.34,0.0
2025,2,12,5,2025-02-12 05:00:00,0.0,0.0,11.17,4.78,70.09,43.04,0.0
2025,2,12,6,2025-02-12 06:00:00,0.0,0.0,11.85,6.78,73.01,27.83,0.0
2025,2,12,7,2025-02-12 07:00:00,152.26,115.83,12.36,3.59,64.96,31.9,59.92
2025,2,12,8,2025-02-12 08:00:00,376.53,291.83,14.52,3.94,68.39,29.99,144.5
2025,2,12,9,2025-02-12 09:00:00,569.12,436.71,16.15,3.67,69.12,31.02,218.71
2025,2,12,10,2025-02-12 10:00:00,716.89,531.7,16.3,4.26,64.95,34.44,262.61
2025,2,12,11,2025-02-12 11:00:00,809.79,566.79,18.03,3.15,63.91,40.01,275.37
2025,2,12,12,2025-02-12 12:00:00,841.47,589.02,18.88,3.3,58.79,40.0,286.27
2025,2,12,13,2025-02-12 13:00:00,809.79,577.8,20.22,2.88,61.62,38.2,279.09
2025,2,12,14,2025-02-12 14:00:00,716.89,507.26,20.49,2.18,57.87,38.99,249.99
2025,2,12,15,2025-02-12 15:00:00,569.12,403.68,20.56,2.24,56.53,38.76,201.84
2025,2,12,16,2025-02-12 16:00:00,376.53,246.14,20.27,2.12,61.77,46.17,116.42
2025,2,12,17,2025-02-12 17:00:00,152.26,88.96,20.76,3.67,63.68,55.43,44.49
2025,2,12,18,2025-02-12 18:00:00,0.0,0.0,17.98,2.82,61.85,52.41,0.0
2025,2,12,19,2025-02-12 19:00:00,0.0,0.0,16.82,3.22,61.57,28.94,0.0
2025,2,12,20,2025-02-12 20:00:00,0.0,0.0,17.42,2.17,64.86,47.61,0.0
2025,2,12,21,2025-02-12 21:00:00,0.0,0.0,15.35,3.44,68.69,55.73,0.0
2025,2,12,22,2025-02-12 22:00:00,0.0,0.0,15.82,1.89,70.15,38.17,0.0
2025,2,12,23,2025-02-12 23:00:00,0.0,0.0,12.54,3.38,69.3,38.68,0.0
2025,2,13,0,2025-02-13 00:00:00,0.0,0.0,11.16,4.35,71.25,51.89,0.0
2025,2,13,1,2025-02-13 01:00:00,0.0,0.0,11.06,3.56,71.71,40.34,0.0
2025,2,13,2,2025-02-13 02:00:00,0.0,0.0,11.24,3.84,69.62,58.52,0.0
2025,2,13,3,2025-02-13 03:00:00,0.0,0.0,9.68,4.11,74.36,28.13,0.0
2025,2,13,4,2025-02-13 04:00:00,0.0,0.0,10.16,2.88,74.72,42.2,0.0
2025,2,13,5,2025-02-13 05:00:00,0.0,0.0,12.2,4.97,70.54,38.07,0.0
2025,2,13,6,2025-02-13 06:00:00,0.0,0.0,11.15,4.82,66.36,48.69,0.0
2025,2,13,7,2025-02-13 07:00:00,154.5,101.87,12.75,4.81,68.21,45.41,59.67
2025,2,13,8,2025-02-13 08:00:00,379.0,253.04,13.6,3.84,65.88,44.31,118.58
2025,2,13,9,2025-02-13 09:00:00,571.79,455.76,16.0,4.99,74.34,27.06,223.67
2025,2,13,10,2025-02-13 10:00:00,719.72,551.84,16.58,3.32,59.37,31.1,270.89
2025,2,13,11,2025-02-13 11:00:00,812.71,521.38,18.77,3.22,63.46,47.8,256.01
2025,2,13,12,2025-02-13 12:00:00,844.43,624.09,19.01,3.06,61.61,34.79,306.82
2025,2,13,13,2025-02-13 13:00:00,812.71,537.6,18.07,3.31,65.93,45.14,266.59
2025,2,13,14,2025-02-13 14:00:00,719.72,571.36,18.98,0.92,58.57,27.48,274.99
2025,2,13,15,2025-02-13 15:00:00,571.79,376.29,19.6,3.68,57.68,45.59,184.57
2025,2,13,16,2025-02-13 16:00:00,379.0,241.27,20.66,2.65,58.64,48.45,120.97
2025,2,13,17,2025-02-13 17:00:00,154.5,103.79,21.51,3.64,57.74,43.76,51.85
2025,2,13,18,2025-02-13 18:00:00,0.0,0.0,18.29,3.51,61.16,35.0,0.0
2025,2,13,19,2025-02-13 19:00:00,0.0,0.0,16.27,3.24,61.93,49.48,0.0
2025,2,13,20,2025-02-13 20:00:00,0.0,0.0,16.54,2.2,64.3,49.16,0.0
2025,2,13,21,2025-02-13 21:00:00,0.0,0.0,16.0,2.54,65.06,36.22,0.0
2025,2,13,22,2025-02-13 22:00:00,0.0,0.0,13.12,1.38,65.24,55.19,0.0
2025,2,13,23,2025-02-13 23:00:00,0.0,0.0,12.95,3.17,72.82,57.25,0.0
2025,2,14,0,2025-02-14 00:00:00,0.0,0.0,11.62,2.88,64.37,26.49,0.0
2025,2,14,1,2025-02-14 01:00:00,0.0,0.0,11.34,3.84,70.5,45.13,0.0
2025,2,14,2,2025-02-14 02:00:00,0.0,0.0,12.07,2.71,76.96,51.56,0.0
2025,2,14,3,2025-02-14 03:00:00,0.0,0.0,11.27,4.33,77.97,25.19,0.0
2025,2,14,4,2025-02-14 04:00:00,0.0,0.0,11.64,5.04,71.34,26.68,0.0
2025,2,14,5,2025-02-14 05:00:00,0.0,0.0,10.06,4.57,75.31,31.15,0.0
2025,2,14,6,2025-02-14 06:00:00,0.0,0.0,12.22,5.35,69.63,33.73,0.0
2025,2,14,7,2025-02-14 07:00:00,156.76,125.73,12.39,5.48,68.2,26.39,65.15
2025,2,14,8,2025-02-14 08:00:00,381.49,246.69,14.24,4.6,68.97,47.12,119.92
2025,2,14,9,2025-02-14 09:00:00,574.47,449.99,15.12,4.32,72.62,28.89,219.61
2025,2,14,10,2025-02-14 10:00:00,722.55,409.76,15.81,4.7,57.75,57.72,209.34
2025,2,14,11,2025-02-14 11:00:00,815.64,602.06,16.9,3.6,60.69,34.91,298.1
2025,2,14,12,2025-02-14 12:00:00,847.39,642.66,18.52,3.46,62.59,32.21,313.56
2025,2,14,13,2025-02-14 13:00:00,815.64,663.93,19.96,3.54,60.1,24.8,328.07
2025,2,14,14,2025-02-14 14:00:00,722.55,580.12,20.75,2.93,60.48,26.28,288.2
2025,2,14,15,2025-02-14 15:00:00,574.47,434.0,20.89,2.1,61.19,32.6,209.44
2025,2,14,16,2025-02-14 16:00:00,381.49,232.16,20.0,2.61,62.38,52.19,117.86
2025,2,14,17,2025-02-14 17:00:00,156.76,90.91,19.74,2.94,59.17,56.01,45.69
2025,2,14,18,2025-02-14 18:00:00,0.0,0.0,18.07,2.27,62.02,40.55,0.0
2025,2,14,19,2025-02-14 19:00:00,0.0,0.0,18.12,2.19,70.75,27.47,0.0
2025,2,14,20,2025-02-14 20:00:00,0.0,0.0,18.84,1.76,65.4,36.15,0.0
2025,2,14,21,2025-02-14 21:00:00,0.0,0.0,14.89,2.9,61.62,26.3,0.0
2025,2,14,22,2025-02-14 22:00:00,0.0,0.0,15.31,1.25,63.56,29.87,0.0
2025,2,14,23,2025-02-14 23:00:00,0.0,0.0,12.91,3.36,68.05,39.16,0.0
2025,2,15,0,2025-02-15 00:00:00,0.0,0.0,11.42,4.29,65.06,55.84,0.0
2025,2,15,1,2025-02-15 01:00:00,0.0,0.0,10.96,3.08,70.84,56.61,0.0
2025,2,15,2,2025-02-15 02:00:00,0.0,0.0,10.58,3.39,75.11,40.12,0.0
2025,2,15,3,2025-02-15 03:00:00,0.0,0.0,9.91,4.08,73.78,53.55,0.0
2025,2,15,4,2025-02-15 04:00:00,0.0,0.0,11.56,3.17,78.11,55.87,0.0
2025,2,15,5,2025-02-15 05:00:00,0.0,0.0,10.44,4.74,70.38,51.89,0.0
2025,2,15,6,2025-02-15 06:00:00,0.0,0.0,12.66,4.08,68.06,56.42,0.0
2025,2,15,7,2025-02-15 07:00:00,159.04,129.32,13.32,4.25,66.48,24.91,60.78
2025,2,15,8,2025-02-15 08:00:00,384.0,265.33,13.84,4.21,67.56,41.2,124.13
2025,2,15,9,2025-02-15 09:00:00,577.17,392.89,15.25,4.83,66.25,42.57,199.3
2025,2,15,10,2025-02-15 10:00:00,725.4,490.92,16.3,4.42,68.45,43.1,240.8
2025,2,15,11,2025-02-15 11:00:00,818.58,560.69,16.97,3.95,65.61,42.01,280.71
2025,2,15,12,2025-02-15 12:00:00,850.36,680.51,20.39,3.48,59.83,26.63,337.76
2025,2,15,13,2025-02-15 13:00:00,818.58,481.17,19.44,3.84,55.13,54.96,237.58
2025,2,15,14,2025-02-15 14:00:00,725.4,579.87,20.1,2.46,61.65,26.75,281.43
2025,2,15,15,2025-02-15 15:00:00,577.17,411.5,19.93,2.32,55.6,38.27,198.94
2025,2,15,16,2025-02-15 16:00:00,384.0,258.22,18.84,2.83,56.96,43.67,128.01
2025,2,15,17,2025-02-15 17:00:00,159.04,99.24,20.87,3.21,57.35,50.13,46.51
2025,2,15,18,2025-02-15 18:00:00,0.0,0.0,19.41,2.59,63.66,32.26,0.0
2025,2,15,19,2025-02-15 19:00:00,0.0,0.0,17.13,2.01,64.1,42.11,0.0
2025,2,15,20,2025-02-15 20:00:00,0.0,0.0,17.37,3.0,57.21,47.94,0.0
2025,2,15,21,2025-02-15 21:00:00,0.0,0.0,16.88,1.68,66.25,51.76,0.0
2025,2,15,22,2025-02-15 22:00:00,0.0,0.0,14.77,2.35,61.38,51.95,0.0
2025,2,15,23,2025-02-15 23:00:00,0.0,0.0,14.15,3.25,67.49,34.24,0.0
2025,2,16,0,2025-02-16 00:00:00,0.0,0.0,12.75,3.73,66.3,45.94,0.0
2025,2,16,1,2025-02-16 01:00:00,0.0,0.0,11.24,3.2,67.64,37.32,0.0
2025,2,16,2,2025-02-16 02:00:00,0.0,0.0,12.37,3.89,66.49,49.82,0.0
2025,2,16,3,2025-02-16 03:00:00,0.0,0.0,9.46,4.19,70.34,25.93,0.0
2025,2,16,4,2025-02-16 04:00:00,0.0,0.0,11.37,4.68,71.08,28.42,0.0
2025,2,16,5,2025-02-16 05:00:00,0.0,0.0,11.5,4.24,70.17,52.95,0.0
2025,2,16,6,2025-02-16 06:00:00,0.0,0.0,10.85,3.25,67.15,57.54,0.0
2025,2,16,7,2025-02-16 07:00:00,161.34,130.11,13.38,4.04,71.58,25.81,63.61
2025,2,16,8,2025-02-16 08:00:00,386.51,303.81,15.11,4.89,64.55,28.53,150.53
2025,2,16,9,2025-02-16 09:00:00,579.87,430.81,14.83,2.99,66.28,34.28,213.24
2025,2,16,10,2025-02-16 10:00:00,728.24,462.94,17.18,3.97,63.37,48.57,227.46
2025,2,16,11,2025-02-16 11:00:00,821.51,577.19,16.57,4.3,62.1,39.65,287.71
2025,2,16,12,2025-02-16 12:00:00,853.33,497.22,19.53,4.52,61.82,55.64,244.58
2025,2,16,13,2025-02-16 13:00:00,821.51,615.67,18.7,1.74,57.09,33.41,302.01
2025,2,16,14,2025-02-16 14:00:00,728.24,419.96,20.0,2.35,58.33,56.44,205.76
2025,2,16,15,2025-02-16 15:00:00,579.87,463.95,20.52,3.74,54.51,26.66,225.62
2025,2,16,16,2025-02-16 16:00:00,386.51,245.43,19.03,3.32,56.76,48.67,118.11
2025,2,16,17,2025-02-16 17:00:00,161.34,131.56,19.13,2.69,59.6,24.61,67.22
2025,2,16,18,2025-02-16 18:00:00,0.0,0.0,19.56,1.88,60.81,39.66,0.0
2025,2,16,19,2025-02-16 19:00:00,0.0,0.0,17.45,3.01,67.05,30.26,0.0
2025,2,16,20,2025-02-16 20:00:00,0.0,0.0,16.65,1.6,60.36,54.43,0.0
2025,2,16,21,2025-02-16 21:00:00,0.0,0.0,14.61,2.09,58.47,56.67,0.0
2025,2,16,22,2025-02-16 22:00:00,0.0,0.0,15.25,3.27,62.12,30.72,0.0
2025,2,16,23,2025-02-16 23:00:00,0.0,0.0,11.66,2.24,68.93,44.97,0.0
2025,2,17,0,2025-02-17 00:00:00,0.0,0.0,12.23,3.67,71.02,42.12,0.0
2025,2,17,1,2025-02-17 01:00:00,0.0,0.0,11.26,3.39,73.55,33.79,0.0
2025,2,17,2,2025-02-17 02:00:00,0.0,0.0,11.63,3.59,68.48,48.79,0.0
2025,2,17,3,2025-02-17 03:00:00,0.0,0.0,10.3,4.38,67.46,38.18,0.0
2025,2,17,4,2025-02-17 04:00:00,0.0,0.0,10.79,3.37,63.58,38.01,0.0
2025,2,17,5,2025-02-17 05:00:00,0.0,0.0,11.51,5.21,69.16,28.87,0.0
2025,2,17,6,2025-02-17 06:00:00,0.0,0.0,10.14,4.14,67.67,51.69,0.0
2025,2,17,7,2025-02-17 07:00:00,163.66,129.38,13.86,3.58,67.33,27.93,71.06
2025,2,17,8,2025-02-17 08:00:00,389.05,229.76,16.06,4.46,69.97,54.59,112.54
2025,2,17,9,2025-02-17 09:00:00,582.59,387.68,16.54,3.85,69.2,44.61,191.41
2025,2,17,10,2025-02-17 10:00:00,731.09,529.12,15.47,4.09,62.64,36.84,269.22
2025,2,17,11,2025-02-17 11:00:00,824.45,622.02,18.49,3.55,62.75,32.74,306.78
2025,2,17,12,2025-02-17 12:00:00,856.29,588.44,18.87,3.83,61.91,41.71,288.35
2025,2,17,13,2025-02-17 13:00:00,824.45,684.76,19.95,3.04,64.71,22.59,335.25
2025,2,17,14,2025-02-17 14:00:00,731.09,453.83,21.08,3.85,52.81,50.57,224.88
2025,2,17,15,2025-02-17 15:00:00,582.59,340.76,18.85,2.76,61.24,55.35,169.09
2025,2,17,16,2025-02-17 16:00:00,389.05,294.74,21.71,1.33,55.58,32.32,142.85
2025,2,17,17,2025-02-17 17:00:00,163.66,110.95,19.98,0.59,57.85,42.95,59.92
2025,2,17,18,2025-02-17 18:00:00,0.0,0.0,19.7,2.89,62.61,48.09,0.0
2025,2,17,19,2025-02-17 19:00:00,0.0,0.0,17.87,1.5,64.53,51.11,0.0
2025,2,17,20,2025-02-17 20:00:00,0.0,0.0,16.42,3.9,61.09,27.39,0.0
2025,2,17,21,2025-02-17 21:00:00,0.0,0.0,16.71,3.06,60.44,53.79,0.0
2025,2,17,22,2025-02-17 22:00:00,0.0,0.0,14.95,2.37,59.79,34.16,0.0
2025,2,17,23,2025-02-17 23:00:00,0.0,0.0,12.57,4.08,66.17,50.09,0.0
2025,2,18,0,2025-02-18 00:00:00,0.0,0.0,12.13,3.76,67.31,29.39,0.0
2025,2,18,1,2025-02-18 01:00:00,0.0,0.0,11.39,2.97,77.7,49.53,0.0
2025,2,18,2,2025-02-18 02:00:00,0.0,0.0,11.53,3.03,65.91,44.28,0.0
2025,2,18,3,2025-02-18 03:00:00,0.0,0.0,10.55,5.98,65.99,50.21,0.0
2025,2,18,4,2025-02-18 04:00:00,0.0,0.0,12.33,5.7,67.25,48.38,0.0
2025,2,18,5,2025-02-18 05:00:00,0.0,0.0,11.46,4.72,65.84,21.66,0.0
2025,2,18,6,2025-02-18 06:00:00,0.0,0.0,10.84,4.87,59.88,53.49,0.0
2025,2,18,7,2025-02-18 07:00:00,166.0,129.16,13.37,5.53,70.07,29.59,67.3
2025,2,18,8,2025-02-18 08:00:00,391.59,316.61,14.21,3.57,66.83,25.53,158.5
2025,2,18,9,2025-02-18 09:00:00,585.3,465.26,15.06,3.81,59.13,27.35,232.88
2025,2,18,10,2025-02-18 10:00:00,733.95,521.62,17.38,4.77,59.62,38.57,265.14
2025,2,18,11,2025-02-18 11:00:00,827.39,537.07,19.28,3.3,59.83,46.78,254.11
2025,2,18,12,2025-02-18 12:00:00,859.26,578.1,18.16,3.68,63.6,43.63,286.83
2025,2,18,13,2025-02-18 13:00:00,827.39,669.82,21.07,3.52,54.58,25.39,325.59
2025,2,18,14,2025-02-18 14:00:00,733.95,616.89,19.52,3.29,61.27,21.26,301.46
2025,2,18,15,2025-02-18 15:00:00,585.3,429.46,21.18,1.63,59.66,35.5,207.97
2025,2,18,16,2025-02-18 16:00:00,391.59,276.92,20.82,3.15,57.96,39.04,135.67
2025,2,18,17,2025-02-18 17:00:00,166.0,134.59,21.01,1.93,60.08,25.23,56.7
2025,2,18,18,2025-02-18 18:00:00,0.0,0.0,18.63,2.23,57.21,23.41,0.0
2025,2,18,19,2025-02-18 19:00:00,0.0,0.0,17.59,3.71,63.43,37.07,0.0
2025,2,18,20,2025-02-18 20:00:00,0.0,0.0,18.33,2.74,66.78,51.28,0.0
2025,2,18,21,2025-02-18 21:00:00,0.0,0.0,15.97,2.03,65.9,30.21,0.0
2025,2,18,22,2025-02-18 22:00:00,0.0,0.0,15.62,2.64,68.3,36.45,0.0
2025,2,18,23,2025-02-18 23:00:00,0.0,0.0,11.08,3.8,72.08,49.74,0.0
2025,2,19,0,2025-02-19 00:00:00,0.0,0.0,13.82,4.36,65.58,45.51,0.0
2025,2,19,1,2025-02-19 01:00:00,0.0,0.0,11.5,3.11,73.58,21.78,0.0
2025,2,19,2,2025-02-19 02:00:00,0.0,0.0,10.88,3.79,73.42,36.87,0.0
2025,2,19,3,2025-02-19 03:00:00,0.0,0.0,10.94,3.96,66.56,36.62,0.0
2025,2,19,4,2025-02-19 04:00:00,0.0,0.0,10.52,4.67,72.97,47.26,0.0
2025,2,19,5,2025-02-19 05:00:00,0.0,0.0,13.6,4.15,70.33,33.26,0.0
2025,2,19,6,2025-02-19 06:00:00,0.0,0.0,12.76,3.83,67.84,37.63,0.0
2025,2,19,7,2025-02-19 07:00:00,168.36,109.29,12.67,3.85,66.97,46.78,55.21
2025,2,19,8,2025-02-19 08:00:00,394.14,238.5,14.18,3.17,64.34,52.65,114.63
2025,2,19,9,2025-02-19 09:00:00,588.03,377.33,14.92,4.4,64.5,47.78,182.31
2025,2,19,10,2025-02-19 10:00:00,736.8,597.97,18.17,4.33,69.46,25.12,295.36
2025,2,19,11,2025-02-19 11:00:00,830.32,507.18,18.11,3.73,59.76,51.89,252.3
2025,2,19,12,2025-02-19 12:00:00,862.22,731.03,19.0,1.88,60.53,20.29,361.24
2025,2,19,13,2025-02-19 13:00:00,830.32,602.82,21.04,2.57,60.7,36.53,300.58
2025,2,19,14,2025-02-19 14:00:00,736.8,468.0,19.32,3.0,60.01,48.64,228.54
2025,2,19,15,2025-02-19 15:00:00,588.03,366.82,21.25,3.01,57.72,50.16,177.8
2025,2,19,16,2025-02-19 16:00:00,394.14,301.96,20.26,1.16,59.42,31.19,146.39
2025,2,19,17,2025-02-19 17:00:00,168.36,134.74,19.91,0.57,56.16,26.63,65.18
2025,2,19,18,2025-02-19 18:00:00,0.0,0.0,19.55,2.26,61.76,31.19,0.0
2025,2,19,19,2025-02-19 19:00:00,0.0,0.0,17.97,2.8,61.16,50.59,0.0
2025,2,19,20,2025-02-19 20:00:00,0.0,0.0,16.23,4.93,65.01,39.92,0.0
2025,2,19,21,2025-02-19 21:00:00,0.0,0.0,15.63,2.64,65.61,29.88,0.0
2025,2,19,22,2025-02-19 22:00:00,0.0,0.0,12.82,2.18,65.92,25.59,0.0
2025,2,19,23,2025-02-19 23:00:00,0.0,0.0,13.89,2.77,67.01,35.02,0.0
2025,2,20,0,2025-02-20 00:00:00,0.0,0.0,10.96,3.03,70.02,46.57,0.0
2025,2,20,1,2025-02-20 01:00:00,0.0,0.0,11.78,4.31,69.24,53.57,0.0
2025,2,20,2,2025-02-20 02:00:00,0.0,0.0,9.95,3.79,79.3,27.55,0.0
2025,2,20,3,2025-02-20 03:00:00,0.0,0.0,11.58,4.59,68.49,25.72,0.0
2025,2,20,4,2025-02-20 04:00:00,0.0,0.0,9.45,5.22,71.62,26.48,0.0
2025,2,20,5,2025-02-20 05:00:00,0.0,0.0,11.58,4.57,71.97,37.62,0.0
2025,2,20,6,2025-02-20 06:00:00,0.0,0.0,12.23,6.18,64.15,36.88,0.0
2025,2,20,7,2025-02-20 07:00:00,170.73,104.32,13.3,7.14,67.68,51.86,51.51
2025,2,20,8,2025-02-20 08:00:00,396.7,322.8,15.03,6.07,68.64,24.84,153.51
2025,2,20,9,2025-02-20 09:00:00,590.75,375.08,14.18,6.51,63.92,48.68,187.02
2025,2,20,10,2025-02-20 10:00:00,739.65,597.86,17.55,3.48,65.46,25.56,296.43
2025,2,20,11,2025-02-20 11:00:00,833.25,582.72,16.58,3.16,64.05,40.09,289.75
2025,2,20,12,2025-02-20 12:00:00,865.18,644.38,21.03,2.98,62.55,34.03,313.24
2025,2,20,13,2025-02-20 13:00:00,833.25,501.42,19.88,3.1,54.78,53.1,245.74
2025,2,20,14,2025-02-20 14:00:00,739.65,477.25,19.44,3.15,60.08,47.3,236.5
2025,2,20,15,2025-02-20 15:00:00,590.75,468.07,21.17,1.13,57.74,27.69,233.17
2025,2,20,16,2025-02-20 16:00:00,396.7,302.48,21.38,1.3,55.89,31.67,153.82
2025,2,20,17,2025-02-20 17:00:00,170.73,126.45,20.93,4.68,58.17,34.58,58.21
2025,2,20,18,2025-02-20 18:00:00,0.0,0.0,18.85,1.57,62.64,29.61,0.0
2025,2,20,19,2025-02-20 19:00:00,0.0,0.0,16.75,2.1,60.45,33.49,0.0
2025,2,20,20,2025-02-20 20:00:00,0.0,0.0,16.33,1.36,66.33,42.17,0.0
2025,2,20,21,2025-02-20 21:00:00,0.0,0.0,15.5,2.13,62.91,26.31,0.0
2025,2,20,22,2025-02-20 22:00:00,0.0,0.0,13.64,3.29,70.24,41.32,0.0
2025,2,20,23,2025-02-20 23:00:00,0.0,0.0,12.87,1.27,68.96,27.9,0.0
2025,2,21,0,2025-02-21 00:00:00,0.0,0.0,13.37,2.39,70.07,27.26,0.0
2025,2,21,1,2025-02-21 01:00:00,0.0,0.0,9.97,3.63,69.14,26.89,0.0
2025,2,21,2,2025-02-21 02:00:00,0.0,0.0,12.17,5.05,69.65,30.96,0.0
2025,2,21,3,2025-02-21 03:00:00,0.0,0.0,11.15,4.29,74.28,29.58,0.0
2025,2,21,4,2025-02-21 04:00:00,0.0,0.0,9.7,4.39,68.77,41.25,0.0
2025,2,21,5,2025-02-21 05:00:00,0.0,0.0,13.12,5.06,67.49,35.26,0.0
2025,2,21,6,2025-02-21 06:00:00,0.0,0.0,12.49,3.38,69.52,38.86,0.0
2025,2,21,7,2025-02-21 07:00:00,173.11,124.01,14.13,5.66,64.7,37.82,62.68
2025,2,21,8,2025-02-21 08:00:00,399.27,332.59,14.95,4.45,63.37,22.27,168.19
2025,2,21,9,2025-02-21 09:00:00,593.47,462.92,16.65,5.29,65.5,29.33,231.03
2025,2,21,10,2025-02-21 10:00:00,742.49,587.29,18.01,3.97,61.41,27.87,287.91
2025,2,21,11,2025-02-21 11:00:00,836.17,612.97,19.96,4.79,63.33,35.59,294.63
2025,2,21,12,2025-02-21 12:00:00,868.12,618.26,21.32,3.22,62.88,38.38,300.42
2025,2,21,13,2025-02-21 13:00:00,836.17,697.81,20.45,3.58,55.17,22.06,343.97
2025,2,21,14,2025-02-21 14:00:00,742.49,489.1,20.07,1.91,54.05,45.5,237.9
2025,2,21,15,2025-02-21 15:00:00,593.47,504.32,21.23,2.08,59.08,20.03,248.56
2025,2,21,16,2025-02-21 16:00:00,399.27,258.75,21.15,3.85,59.56,46.93,122.7
2025,2,21,17,2025-02-21 17:00:00,173.11,128.76,19.8,2.37,66.12,34.16,58.28
2025,2,21,18,2025-02-21 18:00:00,0.0,0.0,20.13,1.68,63.14,36.39,0.0
2025,2,21,19,2025-02-21 19:00:00,0.0,0.0,19.4,2.89,62.0,43.11,0.0
2025,2,21,20,2025-02-21 20:00:00,0.0,0.0,17.65,2.82,59.84,23.07,0.0
2025,2,21,21,2025-02-21 21:00:00,0.0,0.0,15.32,4.24,69.87,42.58,0.0
2025,2,21,22,2025-02-21 22:00:00,0.0,0.0,14.95,3.3,71.79,32.5,0.0
2025,2,21,23,2025-02-21 23:00:00,0.0,0.0,12.82,3.88,69.56,49.2,0.0
2025,2,22,0,2025-02-22 00:00:00,0.0,0.0,11.86,2.3,70.92,28.01,0.0
2025,2,22,1,2025-02-22 01:00:00,0.0,0.0,11.13,3.64,68.55,24.19,0.0
2025,2,22,2,2025-02-22 02:00:00,0.0,0.0,9.86,4.98,69.15,25.39,0.0
2025,2,22,3,2025-02-22 03:00:00,0.0,0.0,11.59,6.09,68.42,36.61,0.0
2025,2,22,4,2025-02-22 04:00:00,0.0,0.0,12.11,4.48,70.39,47.94,0.0
2025,2,22,5,2025-02-22 05:00:00,0.0,0.0,11.63,5.52,70.55,37.91,0.0
2025,2,22,6,2025-02-22 06:00:00,0.0,0.0,12.64,4.14,68.0,18.77,0.0
2025,2,22,7,2025-02-22 07:00:00,175.51,141.29,14.11,3.52,65.33,26.0,71.02
2025,2,22,8,2025-02-22 08:00:00,401.84,317.5,14.35,5.01,67.01,27.99,161.44
2025,2,22,9,2025-02-22 09:00:00,596.2,403.18,16.97,6.11,68.66,43.17,198.49
2025,2,22,10,2025-02-22 10:00:00,745.33,643.91,18.54,2.31,65.15,18.14,317.08
2025,2,22,11,2025-02-22 11:00:00,839.09,672.25,19.81,3.52,65.06,26.51,332.37
2025,2,22,12,2025-02-22 12:00:00,871.06,585.29,20.54,4.91,61.24,43.74,295.7
2025,2,22,13,2025-02-22 13:00:00,839.09,606.07,20.58,2.9,61.97,37.03,304.42
2025,2,22,14,2025-02-22 14:00:00,745.33,633.09,21.65,2.0,61.68,20.08,304.13
2025,2,22,15,2025-02-22 15:00:00,596.2,389.95,21.67,2.8,54.47,46.13,191.25
2025,2,22,16,2025-02-22 16:00:00,401.84,307.49,20.18,3.05,63.11,31.31,154.92
2025,2,22,17,2025-02-22 17:00:00,175.51,137.02,21.78,3.32,60.76,29.24,67.09
2025,2,22,18,2025-02-22 18:00:00,0.0,0.0,18.71,1.69,58.79,17.97,0.0
2025,2,22,19,2025-02-22 19:00:00,0.0,0.0,18.92,2.94,61.88,50.2,0.0
2025,2,22,20,2025-02-22 20:00:00,0.0,0.0,17.82,3.02,64.18,16.99,0.0
2025,2,22,21,2025-02-22 21:00:00,0.0,0.0,15.3,2.84,65.26,35.78,0.0
2025,2,22,22,2025-02-22 22:00:00,0.0,0.0,15.42,3.04,63.25,48.81,0.0
2025,2,22,23,2025-02-22 23:00:00,0.0,0.0,12.99,5.06,71.19,22.54,0.0
2025,2,23,0,2025-02-23 00:00:00,0.0,0.0,12.08,2.74,72.43,21.68,0.0
2025,2,23,1,2025-02-23 01:00:00,0.0,0.0,11.81,4.47,67.1,39.77,0.0
2025,2,23,2,2025-02-23 02:00:00,0.0,0.0,11.85,3.94,67.1,24.86,0.0
2025,2,23,3,2025-02-23 03:00:00,0.0,0.0,12.24,3.7,75.49,40.65,0.0
2025,2,23,4,2025-02-23 04:00:00,0.0,0.0,11.5,3.74,76.25,19.29,0.0
2025,2,23,5,2025-02-23 05:00:00,0.0,0.0,12.85,4.69,68.48,27.04,0.0
2025,2,23,6,2025-02-23 06:00:00,0.0,0.0,11.06,5.76,68.8,31.63,0.0
2025,2,23,7,2025-02-23 07:00:00,177.92,146.75,15.32,4.04,65.35,23.36,70.12
2025,2,23,8,2025-02-23 08:00:00,404.42,352.83,14.44,4.79,65.52,17.01,174.53
2025,2,23,9,2025-02-23 09:00:00,598.92,394.12,16.18,4.42,62.25,45.59,190.37
2025,2,23,10,2025-02-23 10:00:00,748.17,610.37,16.05,3.05,66.12,24.56,297.26
2025,2,23,11,2025-02-23 11:00:00,841.99,582.13,19.72,3.68,61.54,41.15,286.86
2025,2,23,12,2025-02-23 12:00:00,873.99,642.54,18.77,5.29,59.57,35.31,312.82
2025,2,23,13,2025-02-23 13:00:00,841.99,590.02,21.41,1.81,58.89,39.9,294.12
2025,2,23,14,2025-02-23 14:00:00,748.17,646.95,22.19,3.8,58.77,18.04,315.38
2025,2,23,15,2025-02-23 15:00:00,598.92,450.8,22.17,2.11,55.77,32.97,222.18
2025,2,23,16,2025-02-23 16:00:00,404.42,304.23,19.7,2.05,54.45,33.03,147.81
2025,2,23,17,2025-02-23 17:00:00,177.92,147.8,20.2,4.17,56.51,22.57,78.85
2025,2,23,18,2025-02-23 18:00:00,0.0,0.0,21.11,4.03,57.12,38.57,0.0
2025,2,23,19,2025-02-23 19:00:00,0.0,0.0,18.43,1.63,58.09,46.76,0.0
2025,2,23,20,2025-02-23 20:00:00,0.0,0.0,18.74,2.09,63.5,20.95,0.0
2025,2,23,21,2025-02-23 21:00:00,0.0,0.0,16.24,3.07,70.64,45.39,0.0
2025,2,23,22,2025-02-23 22:00:00,0.0,0.0,14.43,2.53,63.93,35.88,0.0
2025,2,23,23,2025-02-23 23:00:00,0.0,0.0,13.63,2.68,70.91,32.91,0.0
2025,2,24,0,2025-02-24 00:00:00,0.0,0.0,13.5,4.91,65.89,14.62,0.0
2025,2,24,1,2025-02-24 01:00:00,0.0,0.0,11.59,4.24,71.69,39.46,0.0
2025,2,24,2,2025-02-24 02:00:00,0.0,0.0,10.59,4.12,68.28,35.43,0.0
2025,2,24,3,2025-02-24 03:00:00,0.0,0.0,11.1,5.46,64.38,35.03,0.0
2025,2,24,4,2025-02-24 04:00:00,0.0,0.0,11.26,4.81,67.5,46.09,0.0
2025,2,24,5,2025-02-24 05:00:00,0.0,0.0,11.95,4.18,71.12,40.05,0.0
2025,2,24,6,2025-02-24 06:00:00,0.0,0.0,14.5,4.48,70.32,45.82,0.0
2025,2,24,7,2025-02-24 07:00:00,180.34,158.84,13.61,4.59,70.23,15.89,75.93
2025,2,24,8,2025-02-24 08:00:00,407.0,298.69,15.05,3.71,65.18,35.48,150.55
2025,2,24,9,2025-02-24 09:00:00,601.64,392.96,15.44,4.44,65.17,46.25,196.49
2025,2,24,10,2025-02-24 10:00:00,750.99,524.84,16.96,4.63,65.37,40.15,256.45
2025,2,24,11,2025-02-24 11:00:00,844.88,704.0,20.06,3.62,61.05,22.23,349.73
2025,2,24,12,2025-02-24 12:00:00,876.9,598.91,20.3,2.9,63.72,42.27,289.71
2025,2,24,13,2025-02-24 13:00:00,844.88,682.91,20.46,3.01,58.05,25.56,328.71
2025,2,24,14,2025-02-24 14:00:00,750.99,490.0,21.48,2.41,57.55,46.34,239.51
2025,2,24,15,2025-02-24 15:00:00,601.64,390.32,19.85,2.0,61.94,46.83,194.22
2025,2,24,16,2025-02-24 16:00:00,407.0,288.52,22.89,3.01,56.85,38.81,135.85
2025,2,24,17,2025-02-24 17:00:00,180.34,124.11,22.59,3.11,58.22,41.57,59.78
2025,2,24,18,2025-02-24 18:00:00,0.0,0.0,20.26,1.16,62.13,31.97,0.0
2025,2,24,19,2025-02-24 19:00:00,0.0,0.0,18.49,3.45,63.86,28.75,0.0
2025,2,24,20,2025-02-24 20:00:00,0.0,0.0,16.67,2.6,65.6,26.91,0.0
2025,2,24,21,2025-02-24 21:00:00,0.0,0.0,16.96,2.76,63.67,18.01,0.0
2025,2,24,22,2025-02-24 22:00:00,0.0,0.0,14.76,3.14,71.98,48.83,0.0
2025,2,24,23,2025-02-24 23:00:00,0.0,0.0,13.79,3.21,67.5,15.63,0.0
2025,2,25,0,2025-02-25 00:00:00,0.0,0.0,11.64,3.41,66.14,41.42,0.0
2025,2,25,1,2025-02-25 01:00:00,0.0,0.0,11.09,2.15,72.4,32.69,0.0
2025,2,25,2,2025-02-25 02:00:00,0.0,0.0,10.29,5.36,76.5,29.09,0.0
2025,2,25,3,2025-02-25 03:00:00,0.0,0.0,11.09,5.46,73.05,37.38,0.0
2025,2,25,4,2025-02-25 04:00:00,0.0,0.0,10.09,4.25,70.35,26.32,0.0
2025,2,25,5,2025-02-25 05:00:00,0.0,0.0,13.07,4.52,74.02,17.07,0.0
2025,2,25,6,2025-02-25 06:00:00,0.0,0.0,12.99,4.49,70.54,33.88,0.0
2025,2,25,7,2025-02-25 07:00:00,182.77,136.38,13.59,5.01,67.62,33.84,72.89
2025,2,25,8,2025-02-25 08:00:00,409.58,347.15,16.57,4.54,66.44,20.32,177.74
2025,2,25,9,2025-02-25 09:00:00,604.35,495.31,15.23,3.63,63.01,24.06,249.87
2025,2,25,10,2025-02-25 10:00:00,753.8,644.21,16.33,3.4,64.23,19.38,320.98
2025,2,25,11,2025-02-25 11:00:00,847.75,616.96,18.71,4.23,63.51,36.3,308.27
2025,2,25,12,2025-02-25 12:00:00,879.79,567.31,21.22,3.38,57.66,47.36,274.18
2025,2,25,13,2025-02-25 13:00:00,847.75,548.23,19.39,3.48,60.8,47.11,266.67
2025,2,25,14,2025-02-25 14:00:00,753.8,550.59,21.73,2.71,58.79,35.94,269.66
2025,2,25,15,2025-02-25 15:00:00,604.35,503.71,22.55,2.21,59.41,22.2,245.94
2025,2,25,16,2025-02-25 16:00:00,409.58,291.95,20.2,2.29,54.2,38.29,139.27
2025,2,25,17,2025-02-25 17:00:00,182.77,141.36,19.65,2.45,55.79,30.21,68.17
2025,2,25,18,2025-02-25 18:00:00,0.0,0.0,20.45,2.25,59.26,28.64,0.0
2025,2,25,19,2025-02-25 19:00:00,0.0,0.0,17.9,2.97,64.71,23.82,0.0
2025,2,25,20,2025-02-25 20:00:00,0.0,0.0,17.45,2.49,61.66,14.79,0.0
2025,2,25,21,2025-02-25 21:00:00,0.0,0.0,16.29,1.77,67.91,26.14,0.0
2025,2,25,22,2025-02-25 22:00:00,0.0,0.0,16.12,3.39,63.01,26.6,0.0
2025,2,25,23,2025-02-25 23:00:00,0.0,0.0,13.7,3.05,64.19,15.68,0.0
2025,2,26,0,2025-02-26 00:00:00,0.0,0.0,12.62,3.38,68.13,35.43,0.0
2025,2,26,1,2025-02-26 01:00:00,0.0,0.0,12.7,3.84,68.21,17.71,0.0
2025,2,26,2,2025-02-26 02:00:00,0.0,0.0,14.06,3.19,71.69,25.47,0.0
2025,2,26,3,2025-02-26 03:00:00,0.0,0.0,11.41,4.9,71.88,37.86,0.0
2025,2,26,4,2025-02-26 04:00:00,0.0,0.0,11.97,3.39,67.81,24.77,0.0
2025,2,26,5,2025-02-26 05:00:00,0.0,0.0,12.6,4.75,74.16,28.0,0.0
2025,2,26,6,2025-02-26 06:00:00,0.0,0.0,13.5,5.08,72.91,36.78,0.0
2025,2,26,7,2025-02-26 07:00:00,185.21,135.35,14.05,5.64,66.93,35.89,63.58
2025,2,26,8,2025-02-26 08:00:00,412.17,351.11,15.95,3.52,67.08,19.75,180.89
2025,2,26,9,2025-02-26 09:00:00,607.06,414.55,17.62,3.37,66.47,42.28,209.84
2025,2,26,10,2025-02-26 10:00:00,756.6,566.0,17.07,4.57,67.32,33.59,289.19
2025,2,26,11,2025-02-26 11:00:00,850.61,607.14,16.94,3.53,63.02,38.16,300.56
2025,2,26,12,2025-02-26 12:00:00,882.67,724.24,20.86,3.34,55.54,23.93,357.48
2025,2,26,13,2025-02-26 13:00:00,850.61,768.85,20.95,3.65,57.4,12.82,376.64
2025,2,26,14,2025-02-26 14:00:00,756.6,564.77,21.26,3.29,59.41,33.81,277.08
2025,2,26,15,2025-02-26 15:00:00,607.06,510.29,20.84,2.24,61.09,21.25,245.43
2025,2,26,16,2025-02-26 16:00:00,412.17,329.22,18.83,1.22,62.79,26.83,167.41
2025,2,26,17,2025-02-26 17:00:00,185.21,153.76,21.25,2.33,61.55,22.64,78.96
2025,2,26,18,2025-02-26 18:00:00,0.0,0.0,19.36,1.73,62.72,16.77,0.0
2025,2,26,19,2025-02-26 19:00:00,0.0,0.0,19.02,2.89,65.34,41.07,0.0
2025,2,26,20,2025-02-26 20:00:00,0.0,0.0,19.03,3.02,62.43,40.29,0.0
2025,2,26,21,2025-02-26 21:00:00,0.0,0.0,17.78,2.83,64.42,29.21,0.0
2025,2,26,22,2025-02-26 22:00:00,0.0,0.0,15.71,3.48,66.45,18.48,0.0
2025,2,26,23,2025-02-26 23:00:00,0.0,0.0,15.82,3.32,66.59,13.34,0.0
2025,2,27,0,2025-02-27 00:00:00,0.0,0.0,12.25,2.98,66.35,17.89,0.0
2025,2,27,1,2025-02-27 01:00:00,0.0,0.0,12.15,3.59,70.93,16.53,0.0
2025,2,27,2,2025-02-27 02:00:00,0.0,0.0,11.63,4.51,75.43,29.08,0.0
2025,2,27,3,2025-02-27 03:00:00,0.0,0.0,11.53,5.52,67.47,14.94,0.0
2025,2,27,4,2025-02-27 04:00:00,0.0,0.0,10.96,4.86,69.63,31.31,0.0
2025,2,27,5,2025-02-27 05:00:00,0.0,0.0,11.35,5.39,70.37,25.8,0.0
2025,2,27,6,2025-02-27 06:00:00,0.0,0.0,13.53,5.48,69.22,20.01,0.0
2025,2,27,7,2025-02-27 07:00:00,187.66,167.76,13.58,5.2,68.61,14.14,87.57
2025,2,27,8,2025-02-27 08:00:00,414.75,316.39,16.31,4.54,66.08,31.62,159.24
2025,2,27,9,2025-02-27 09:00:00,609.75,410.43,17.58,3.2,72.1,43.58,202.07
2025,2,27,10,2025-02-27 10:00:00,759.38,696.1,18.05,3.37,58.58,11.11,335.96
2025,2,27,11,2025-02-27 11:00:00,853.45,563.46,18.68,4.11,55.85,45.3,282.39
2025,2,27,12,2025-02-27 12:00:00,885.53,635.77,20.43,2.84,57.35,37.61,308.14
2025,2,27,13,2025-02-27 13:00:00,853.45,780.57,20.72,2.58,57.52,11.38,379.71
2025,2,27,14,2025-02-27 14:00:00,759.38,657.16,21.0,2.65,59.61,17.95,314.9
2025,2,27,15,2025-02-27 15:00:00,609.75,555.99,20.83,1.97,64.39,11.76,268.99
2025,2,27,16,2025-02-27 16:00:00,414.75,309.39,20.54,2.96,58.23,33.87,157.49
2025,2,27,17,2025-02-27 17:00:00,187.66,129.91,21.24,1.74,58.77,41.03,64.47
2025,2,27,18,2025-02-27 18:00:00,0.0,0.0,20.76,2.6,60.5,35.3,0.0
2025,2,27,19,2025-02-27 19:00:00,0.0,0.0,19.12,3.01,62.9,24.35,0.0
2025,2,27,20,2025-02-27 20:00:00,0.0,0.0,17.68,0.96,58.68,45.83,0.0
2025,2,27,21,2025-02-27 21:00:00,0.0,0.0,16.13,1.65,62.23,11.52,0.0
2025,2,27,22,2025-02-27 22:00:00,0.0,0.0,15.01,3.95,67.29,41.55,0.0
2025,2,27,23,2025-02-27 23:00:00,0.0,0.0,14.96,3.21,70.33,44.45,0.0
2025,2,28,0,2025-02-28 00:00:00,0.0,0.0,13.66,3.42,67.77,17.87,0.0
2025,2,28,1,2025-02-28 01:00:00,0.0,0.0,12.49,3.4,70.63,42.61,0.0
2025,2,28,2,2025-02-28 02:00:00,0.0,0.0,11.09,4.72,67.9,24.62,0.0
2025,2,28,3,2025-02-28 03:00:00,0.0,0.0,12.23,5.15,67.76,19.84,0.0
2025,2,28,4,2025-02-28 04:00:00,0.0,0.0,11.92,4.41,73.19,20.94,0.0
2025,2,28,5,2025-02-28 05:00:00,0.0,0.0,12.28,4.33,66.71,24.61,0.0
2025,2,28,6,2025-02-28 06:00:00,0.0,0.0,13.82,5.28,72.45,25.3,0.0
2025,2,28,7,2025-02-28 07:00:00,190.12,175.3,15.46,3.09,68.85,10.39,88.97
2025,2,28,8,2025-02-28 08:00:00,417.33,371.85,15.46,4.72,69.56,14.53,188.74
2025,2,28,9,2025-02-28 09:00:00,612.44,459.22,17.27,4.62,68.26,33.36,218.52
2025,2,28,10,2025-02-28 10:00:00,762.15,545.7,17.0,4.3,58.77,37.87,267.86
2025,2,28,11,2025-02-28 11:00:00,856.26,700.71,20.66,3.93,59.35,24.22,339.8
2025,2,28,12,2025-02-28 12:00:00,888.36,643.3,20.04,3.73,61.9,36.78,317.5
2025,2,28,13,2025-02-28 13:00:00,856.26,595.37,23.49,1.82,56.72,40.63,286.13
2025,2,28,14,2025-02-28 14:00:00,762.15,627.7,20.43,3.43,56.82,23.52,305.32
2025,2,28,15,2025-02-28 15:00:00,612.44,556.37,21.05,2.25,60.55,12.21,270.65
2025,2,28,16,2025-02-28 16:00:00,417.33,357.2,21.97,2.3,60.07,19.21,168.26
2025,2,28,17,2025-02-28 17:00:00,190.12,152.73,21.42,3.99,61.28,26.22,74.91
2025,2,28,18,2025-02-28 18:00:00,0.0,0.0,20.34,2.49,60.72,39.42,0.0
2025,2,28,19,2025-02-28 19:00:00,0.0,0.0,17.61,4.05,63.24,28.76,0.0
2025,2,28,20,2025-02-28 20:00:00,0.0,0.0,18.68,2.33,64.73,24.4,0.0
2025,2,28,21,2025-02-28 21:00:00,0.0,0.0,15.93,3.35,67.47,24.04,0.0
2025,2,28,22,2025-02-28 22:00:00,0.0,0.0,15.32,2.91,65.45,24.4,0.0
2025,2,28,23,2025-02-28 23:00:00,0.0,0.0,14.36,3.74,67.2,39.46,0.0
2025,3,1,0,2025-03-01 00:00:00,0.0,0.0,14.28,2.2,72.84,18.45,0.0
2025,3,1,1,2025-03-01 01:00:00,0.0,0.0,12.43,5.04,74.39,36.84,0.0
2025,3,1,2,2025-03-01 02:00:00,0.0,0.0,10.77,4.31,69.15,37.48,0.0
2025,3,1,3,2025-03-01 03:00:00,0.0,0.0,11.23,3.62,70.62,24.25,0.0
2025,3,1,4,2025-03-01 04:00:00,0.0,0.0,10.95,3.08,69.43,15.42,0.0
2025,3,1,5,2025-03-01 05:00:00,0.0,0.0,11.45,3.09,70.73,24.24,0.0
2025,3,1,6,2025-03-01 06:00:00,0.0,0.0,15.76,6.11,68.91,9.77,0.0
2025,3,1,7,2025-03-01 07:00:00,192.58,171.29,15.02,3.46,66.21,14.74,85.46
2025,3,1,8,2025-03-01 08:00:00,419.9,386.42,14.93,4.77,65.28,10.63,199.35
2025,3,1,9,2025-03-01 09:00:00,615.11,552.54,17.23,5.09,61.47,13.56,267.27
2025,3,1,10,2025-03-01 10:00:00,764.9,652.6,18.15,3.86,63.09,19.58,317.28
2025,3,1,11,2025-03-01 11:00:00,859.06,655.67,21.37,3.88,63.31,31.57,320.96
2025,3,1,12,2025-03-01 12:00:00,891.18,723.95,21.04,3.09,61.14,25.02,356.33
2025,3,1,13,2025-03-01 13:00:00,859.06,750.61,21.27,3.21,54.63,16.83,371.59
2025,3,1,14,2025-03-01 14:00:00,764.9,702.36,22.43,3.68,61.07,10.9,336.23
2025,3,1,15,2025-03-01 15:00:00,615.11,506.89,23.46,2.64,59.77,23.46,248.41
2025,3,1,16,2025-03-01 16:00:00,419.9,358.52,21.12,3.25,61.34,19.49,173.7
2025,3,1,17,2025-03-01 17:00:00,192.58,143.64,20.17,1.26,58.44,33.88,67.13
2025,3,1,18,2025-03-01 18:00:00,0.0,0.0,19.76,0.54,63.29,14.69,0.0
2025,3,1,19,2025-03-01 19:00:00,0.0,0.0,18.83,2.49,61.43,42.9,0.0
2025,3,1,20,2025-03-01 20:00:00,0.0,0.0,16.93,2.48,57.72,29.51,0.0
2025,3,1,21,2025-03-01 21:00:00,0.0,0.0,15.92,2.09,66.35,26.19,0.0
2025,3,1,22,2025-03-01 22:00:00,0.0,0.0,15.29,2.04,68.18,42.05,0.0
2025,3,1,23,2025-03-01 23:00:00,0.0,0.0,15.17,3.53,68.17,25.74,0.0
2025,3,2,0,2025-03-02 00:00:00,0.0,0.0,13.27,3.08,66.3,35.01,0.0
2025,3,2,1,2025-03-02 01:00:00,0.0,0.0,11.01,3.26,74.21,16.5,0.0
2025,3,2,2,2025-03-02 02:00:00,0.0,0.0,11.85,4.74,73.21,12.29,0.0
2025,3,2,3,2025-03-02 03:00:00,0.0,0.0,13.42,4.55,70.91,23.8,0.0
2025,3,2,4,2025-03-02 04:00:00,0.0,0.0,11.8,3.71,75.94,38.64,0.0
2025,3,2,5,2025-03-02 05:00:00,0.0,0.0,12.64,4.03,66.97,25.02,0.0
2025,3,2,6,2025-03-02 06:00:00,0.0,0.0,13.26,4.5,72.69,24.11,0.0
2025,3,2,7,2025-03-02 07:00:00,195.05,163.81,14.18,5.7,70.89,21.35,85.39
2025,3,2,8,2025-03-02 08:00:00,422.47,334.38,16.54,4.03,60.95,27.8,165.09
2025,3,2,9,2025-03-02 09:00:00,617.77,423.01,16.73,3.28,67.11,42.03,213.86
2025,3,2,10,2025-03-02 10:00:00,767.63,646.8,17.66,5.38,59.69,20.99,317.32
2025,3,2,11,2025-03-02 11:00:00,861.83,699.01,21.66,4.7,62.29,25.19,340.82
2025,3,2,12,2025-03-02 12:00:00,893.96,788.34,20.74,2.9,61.13,15.75,391.65
2025,3,2,13,2025-03-02 13:00:00,861.83,804.58,21.31,2.34,62.28,8.86,391.72
2025,3,2,14,2025-03-02 14:00:00,767.63,682.5,21.95,2.99,57.12,14.79,339.9
2025,3,2,15,2025-03-02 15:00:00,617.77,451.51,22.28,3.9,62.01,35.89,212.25
2025,3,2,16,2025-03-02 16:00:00,422.47,327.4,22.38,2.77,58.5,30.0,155.88
2025,3,2,17,2025-03-02 17:00:00,195.05,184.16,21.13,1.34,57.79,7.44,87.82
2025,3,2,18,2025-03-02 18:00:00,0.0,0.0,20.16,3.1,60.57,27.77,0.0
2025,3,2,19,2025-03-02 19:00:00,0.0,0.0,20.28,1.84,65.22,31.43,0.0
2025,3,2,20,2025-03-02 20:00:00,0.0,0.0,18.09,2.13,63.44,16.82,0.0
2025,3,2,21,2025-03-02 21:00:00,0.0,0.0,17.6,3.22,64.3,27.54,0.0
2025,3,2,22,2025-03-02 22:00:00,0.0,0.0,16.9,3.6,70.57,28.52,0.0
2025,3,2,23,2025-03-02 23:00:00,0.0,0.0,15.22,2.94,70.2,41.81,0.0
2025,3,3,0,2025-03-03 00:00:00,0.0,0.0,15.39,3.33,61.06,8.97,0.0
2025,3,3,1,2025-03-03 01:00:00,0.0,0.0,12.36,4.72,70.29,26.02,0.0
2025,3,3,2,2025-03-03 02:00:00,0.0,0.0,13.6,4.06,75.7,11.55,0.0
2025,3,3,3,2025-03-03 03:00:00,0.0,0.0,12.53,5.63,68.05,14.0,0.0
2025,3,3,4,2025-03-03 04:00:00,0.0,0.0,12.11,4.23,73.39,9.12,0.0
2025,3,3,5,2025-03-03 05:00:00,0.0,0.0,13.42,5.03,68.95,19.69,0.0
2025,3,3,6,2025-03-03 06:00:00,0.0,0.0,12.07,5.59,71.55,15.65,0.0
2025,3,3,7,2025-03-03 07:00:00,197.52,144.42,15.47,4.77,68.97,35.84,65.92
2025,3,3,8,2025-03-03 08:00:00,425.04,355.52,15.86,5.33,65.78,21.81,182.94
2025,3,3,9,2025-03-03 09:00:00,620.42,472.4,16.56,4.54,65.35,31.81,231.12
2025,3,3,10,2025-03-03 10:00:00,770.34,679.84,18.32,2.56,61.08,15.66,337.18
2025,3,3,11,2025-03-03 11:00:00,864.58,661.91,18.53,4.4,65.54,31.25,330.33
2025,3,3,12,2025-03-03 12:00:00,896.73,706.06,20.46,2.75,60.84,28.35,350.25
2025,3,3,13,2025-03-03 13:00:00,864.58,611.49,21.74,2.57,63.53,39.03,295.07
2025,3,3,14,2025-03-03 14:00:00,770.34,666.61,20.46,1.89,58.56,17.95,325.98
2025,3,3,15,2025-03-03 15:00:00,620.42,433.09,22.17,2.27,61.6,40.26,216.1
2025,3,3,16,2025-03-03 16:00:00,425.04,335.49,20.94,2.41,56.12,28.09,173.18
2025,3,3,17,2025-03-03 17:00:00,197.52,158.52,20.76,2.16,55.58,26.32,76.93
2025,3,3,18,2025-03-03 18:00:00,0.0,0.0,19.66,2.26,63.39,9.67,0.0
2025,3,3,19,2025-03-03 19:00:00,0.0,0.0,17.74,1.56,63.06,16.73,0.0
2025,3,3,20,2025-03-03 20:00:00,0.0,0.0,16.93,1.74,60.7,40.93,0.0
2025,3,3,21,2025-03-03 21:00:00,0.0,0.0,18.53,1.98,63.9,35.2,0.0
2025,3,3,22,2025-03-03 22:00:00,0.0,0.0,15.6,2.83,61.6,11.12,0.0
2025,3,3,23,2025-03-03 23:00:00,0.0,0.0,14.65,3.34,69.87,26.04,0.0
2025,3,4,0,2025-03-04 00:00:00,0.0,0.0,14.29,2.93,63.92,6.22,0.0
2025,3,4,1,2025-03-04 01:00:00,0.0,0.0,12.49,1.23,74.26,11.83,0.0
2025,3,4,2,2025-03-04 02:00:00,0.0,0.0,12.01,3.72,70.81,13.66,0.0
2025,3,4,3,2025-03-04 03:00:00,0.0,0.0,13.34,4.9,68.79,22.89,0.0
2025,3,4,4,2025-03-04 04:00:00,0.0,0.0,11.93,2.91,67.49,30.08,0.0
2025,3,4,5,2025-03-04 05:00:00,0.0,0.0,12.23,4.88,68.99,31.21,0.0
2025,3,4,6,2025-03-04 06:00:00,0.0,0.0,12.76,4.68,75.21,12.7,0.0
2025,3,4,7,2025-03-04 07:00:00,199.99,155.94,15.61,4.27,68.12,29.37,76.8
2025,3,4,8,2025-03-04 08:00:00,427.6,307.11,16.9,4.03,60.88,37.57,155.91
2025,3,4,9,2025-03-04 09:00:00,623.05,483.54,16.91,4.6,62.83,29.86,238.35
2025,3,4,10,2025-03-04 10:00:00,773.02,700.07,18.7,6.11,63.74,12.58,350.6
2025,3,4,11,2025-03-04 11:00:00,867.3,731.18,19.52,3.94,55.92,20.93,358.78
2025,3,4,12,2025-03-04 12:00:00,899.46,645.73,22.45,3.31,59.48,37.61,316.14
2025,3,4,13,2025-03-04 13:00:00,867.3,617.18,22.99,3.3,55.37,38.45,298.85
2025,3,4,14,2025-03-04 14:00:00,773.02,695.62,22.19,3.6,64.23,13.35,335.09
2025,3,4,15,2025-03-04 15:00:00,623.05,510.35,21.23,4.55,62.46,24.12,247.34
2025,3,4,16,2025-03-04 16:00:00,427.6,366.79,23.46,1.04,59.46,18.96,173.34
2025,3,4,17,2025-03-04 17:00:00,199.99,171.43,22.46,2.18,52.98,19.04,94.03
2025,3,4,18,2025-03-04 18:00:00,0.0,0.0,19.75,3.61,60.71,9.51,0.0
2025,3,4,19,2025-03-04 19:00:00,0.0,0.0,19.94,1.84,64.18,18.85,0.0
2025,3,4,20,2025-03-04 20:00:00,0.0,0.0,18.79,2.03,64.31,38.39,0.0
2025,3,4,21,2025-03-04 21:00:00,0.0,0.0,17.79,1.97,63.67,14.79,0.0
2025,3,4,22,2025-03-04 22:00:00,0.0,0.0,16.18,2.89,70.69,12.9,0.0
2025,3,4,23,2025-03-04 23:00:00,0.0,0.0,15.01,4.03,65.79,19.07,0.0
2025,3,5,0,2025-03-05 00:00:00,0.0,0.0,14.17,3.7,70.45,29.04,0.0
2025,3,5,1,2025-03-05 01:00:00,0.0,0.0,13.6,3.74,75.66,37.14,0.0
2025,3,5,2,2025-03-05 02:00:00,0.0,0.0,13.13,4.1,70.67,24.52,0.0
2025,3,5,3,2025-03-05 03:00:00,0.0,0.0,12.66,4.23,75.08,27.58,0.0
2025,3,5,4,2025-03-05 04:00:00,0.0,0.0,12.87,5.24,64.78,4.36,0.0
2025,3,5,5,2025-03-05 05:00:00,0.0,0.0,13.75,5.81,69.52,12.86,0.0
2025,3,5,6,2025-03-05 06:00:00,0.0,0.0,15.17,4.64,68.25,20.2,0.0
2025,3,5,7,2025-03-05 07:00:00,202.46,191.74,16.43,5.66,67.88,7.06,91.5
2025,3,5,8,2025-03-05 08:00:00,430.15,339.84,16.0,4.52,72.23,27.99,172.01
2025,3,5,9,2025-03-05 09:00:00,625.66,535.1,16.85,4.45,62.07,19.3,263.75
2025,3,5,10,2025-03-05 10:00:00,775.68,704.48,19.47,3.18,61.22,12.24,342.94
2025,3,5,11,2025-03-05 11:00:00,869.99,808.28,19.49,4.18,63.02,9.46,385.87
2025,3,5,12,2025-03-05 12:00:00,902.16,715.42,21.81,3.47,62.24,27.6,347.46
2025,3,5,13,2025-03-05 13:00:00,869.99,782.91,21.32,3.37,57.54,13.35,374.51
2025,3,5,14,2025-03-05 14:00:00,775.68,619.94,23.36,1.9,56.82,26.77,296.11
2025,3,5,15,2025-03-05 15:00:00,625.66,520.16,22.86,2.29,58.65,22.48,252.67
2025,3,5,16,2025-03-05 16:00:00,430.15,323.16,22.75,2.17,63.62,33.16,160.77
2025,3,5,17,2025-03-05 17:00:00,202.46,185.32,24.04,4.24,61.98,11.29,94.18
2025,3,5,18,2025-03-05 18:00:00,0.0,0.0,20.67,3.27,59.37,36.75,0.0
2025,3,5,19,2025-03-05 19:00:00,0.0,0.0,19.37,3.02,63.24,21.22,0.0
2025,3,5,20,2025-03-05 20:00:00,0.0,0.0,17.61,3.52,60.99,9.31,0.0
2025,3,5,21,2025-03-05 21:00:00,0.0,0.0,16.62,2.25,65.38,16.42,0.0
2025,3,5,22,2025-03-05 22:00:00,0.0,0.0,15.36,3.12,68.59,26.24,0.0
2025,3,5,23,2025-03-05 23:00:00,0.0,0.0,14.25,4.04,69.99,18.55,0.0
2025,3,6,0,2025-03-06 00:00:00,0.0,0.0,13.66,2.87,73.81,26.64,0.0
2025,3,6,1,2025-03-06 01:00:00,0.0,0.0,13.3,3.5,70.37,9.69,0.0
2025,3,6,2,2025-03-06 02:00:00,0.0,0.0,13.6,4.4,71.23,25.89,0.0
2025,3,6,3,2025-03-06 03:00:00,0.0,0.0,12.22,4.15,68.61,32.27,0.0
2025,3,6,4,2025-03-06 04:00:00,0.0,0.0,13.06,4.71,72.17,5.03,0.0
2025,3,6,5,2025-03-06 05:00:00,0.0,0.0,14.16,3.61,70.43,26.33,0.0
2025,3,6,6,2025-03-06 06:00:00,0.0,0.0,16.55,5.15,70.86,12.26,0.0
2025,3,6,7,2025-03-06 07:00:00,204.94,170.14,14.46,4.57,69.72,22.64,84.46
2025,3,6,8,2025-03-06 08:00:00,432.68,346.26,16.96,5.08,65.84,26.63,165.55
2025,3,6,9,2025-03-06 09:00:00,628.25,555.44,18.31,4.17,65.29,15.45,275.15
2025,3,6,10,2025-03-06 10:00:00,778.32,670.5,19.27,3.48,63.65,18.47,334.24
2025,3,6,11,2025-03-06 11:00:00,872.65,855.77,19.95,3.47,61.26,2.58,419.03
2025,3,6,12,2025-03-06 12:00:00,904.83,726.1,21.41,2.81,55.46,26.34,351.72
2025,3,6,13,2025-03-06 13:00:00,872.65,764.36,21.96,3.22,55.13,16.55,366.38
2025,3,6,14,2025-03-06 14:00:00,778.32,732.77,23.23,2.83,61.55,7.8,350.76
2025,3,6,15,2025-03-06 15:00:00,628.25,605.75,21.26,4.06,60.89,4.78,304.89
2025,3,6,16,2025-03-06 16:00:00,432.68,320.25,24.06,2.91,63.12,34.65,153.86
2025,3,6,17,2025-03-06 17:00:00,204.94,159.6,22.42,3.33,58.35,29.5,76.51
2025,3,6,18,2025-03-06 18:00:00,0.0,0.0,21.48,1.48,58.0,31.1,0.0
2025,3,6,19,2025-03-06 19:00:00,0.0,0.0,19.24,1.85,64.28,12.67,0.0
2025,3,6,20,2025-03-06 20:00:00,0.0,0.0,17.99,2.03,66.99,18.95,0.0
2025,3,6,21,2025-03-06 21:00:00,0.0,0.0,17.21,2.31,63.9,24.21,0.0
2025,3,6,22,2025-03-06 22:00:00,0.0,0.0,16.47,3.93,69.07,15.6,0.0
2025,3,6,23,2025-03-06 23:00:00,0.0,0.0,14.89,1.39,73.19,2.98,0.0
2025,3,7,0,2025-03-07 00:00:00,0.0,0.0,14.61,3.21,70.29,17.33,0.0
2025,3,7,1,2025-03-07 01:00:00,0.0,0.0,12.98,4.79,68.31,4.76,0.0
2025,3,7,2,2025-03-07 02:00:00,0.0,0.0,12.77,4.0,63.96,32.53,0.0
2025,3,7,3,2025-03-07 03:00:00,0.0,0.0,12.17,2.13,77.37,7.33,0.0
2025,3,7,4,2025-03-07 04:00:00,0.0,0.0,12.82,4.86,66.32,34.52,0.0
2025,3,7,5,2025-03-07 05:00:00,0.0,0.0,12.72,4.82,63.47,33.57,0.0
2025,3,7,6,2025-03-07 06:00:00,0.0,0.0,14.17,4.06,65.58,11.14,0.0
2025,3,7,7,2025-03-07 07:00:00,207.41,167.76,14.14,6.09,69.41,25.49,83.16
2025,3,7,8,2025-03-07 08:00:00,435.21,371.28,14.99,5.03,63.69,19.59,185.89
2025,3,7,9,2025-03-07 09:00:00,630.83,514.59,17.52,5.16,62.63,24.57,252.98
2025,3,7,10,2025-03-07 10:00:00,780.93,688.97,20.5,3.1,60.77,15.7,337.97
2025,3,7,11,2025-03-07 11:00:00,875.28,788.86,19.74,3.22,55.64,13.16,385.54
2025,3,7,12,2025-03-07 12:00:00,907.47,865.59,21.09,4.61,59.21,6.15,426.59
2025,3,7,13,2025-03-07 13:00:00,875.28,678.4,21.92,3.78,56.86,29.99,335.52
2025,3,7,14,2025-03-07 14:00:00,780.93,604.02,22.58,1.09,57.8,30.2,294.97
2025,3,7,15,2025-03-07 15:00:00,630.83,569.48,23.26,3.7,59.79,12.97,275.19
2025,3,7,16,2025-03-07 16:00:00,435.21,385.82,22.3,3.46,57.63,15.13,183.93
2025,3,7,17,2025-03-07 17:00:00,207.41,165.33,22.2,2.05,54.64,27.06,75.96
2025,3,7,18,2025-03-07 18:00:00,0.0,0.0,21.16,2.6,65.17,13.5,0.0
2025,3,7,19,2025-03-07 19:00:00,0.0,0.0,19.49,0.62,57.8,14.95,0.0
2025,3,7,20,2025-03-07 20:00:00,0.0,0.0,18.67,1.97,63.28,9.52,0.0
2025,3,7,21,2025-03-07 21:00:00,0.0,0.0,18.53,2.63,67.0,2.59,0.0
2025,3,7,22,2025-03-07 22:00:00,0.0,0.0,17.0,3.2,69.73,8.24,0.0
2025,3,7,23,2025-03-07 23:00:00,0.0,0.0,15.4,2.51,68.51,4.71,0.0
2025,3,8,0,2025-03-08 00:00:00,0.0,0.0,14.02,2.96,67.21,15.3,0.0
2025,3,8,1,2025-03-08 01:00:00,0.0,0.0,14.16,3.71,70.96,11.39,0.0
2025,3,8,2,2025-03-08 02:00:00,0.0,0.0,12.35,3.11,71.75,5.37,0.0
2025,3,8,3,2025-03-08 03:00:00,0.0,0.0,12.4,4.54,70.85,6.79,0.0
2025,3,8,4,2025-03-08 04:00:00,0.0,0.0,12.61,5.42,67.93,11.09,0.0
2025,3,8,5,2025-03-08 05:00:00,0.0,0.0,12.32,4.02,71.38,18.4,0.0
2025,3,8,6,2025-03-08 06:00:00,0.0,0.0,14.25,5.22,64.63,8.55,0.0
2025,3,8,7,2025-03-08 07:00:00,209.89,199.39,16.08,3.37,69.48,6.67,100.5
2025,3,8,8,2025-03-08 08:00:00,437.73,408.13,16.97,4.35,63.65,9.02,207.36
2025,3,8,9,2025-03-08 09:00:00,633.38,518.13,16.82,5.5,63.92,24.26,250.44
2025,3,8,10,2025-03-08 10:00:00,783.5,589.53,19.0,4.18,61.14,33.01,282.53
2025,3,8,11,2025-03-08 11:00:00,877.88,873.49,20.95,2.31,60.34,0.67,433.22
2025,3,8,12,2025-03-08 12:00:00,910.07,843.03,20.53,1.86,56.22,9.82,407.76
2025,3,8,13,2025-03-08 13:00:00,877.88,683.93,23.24,3.8,53.4,29.46,327.66
2025,3,8,14,2025-03-08 14:00:00,783.5,675.1,22.98,3.46,61.09,18.45,323.43
2025,3,8,15,2025-03-08 15:00:00,633.38,501.18,21.87,2.65,57.55,27.83,243.43
2025,3,8,16,2025-03-08 16:00:00,437.73,397.8,21.46,2.12,59.91,12.16,195.84
2025,3,8,17,2025-03-08 17:00:00,209.89,197.68,21.85,1.78,49.0,7.75,93.02
2025,3,8,18,2025-03-08 18:00:00,0.0,0.0,21.98,3.74,63.03,5.77,0.0
2025,3,8,19,2025-03-08 19:00:00,0.0,0.0,19.8,2.15,63.63,25.59,0.0
2025,3,8,20,2025-03-08 20:00:00,0.0,0.0,18.83,3.02,68.41,4.67,0.0
2025,3,8,21,2025-03-08 21:00:00,0.0,0.0,18.52,3.01,60.77,20.99,0.0
2025,3,8,22,2025-03-08 22:00:00,0.0,0.0,17.21,2.74,68.51,9.12,0.0
2025,3,8,23,2025-03-08 23:00:00,0.0,0.0,16.46,2.61,67.86,3.55,0.0
2025,3,9,0,2025-03-09 00:00:00,0.0,0.0,14.88,3.96,69.64,7.11,0.0
2025,3,9,1,2025-03-09 01:00:00,0.0,0.0,12.91,3.57,73.73,25.24,0.0
2025,3,9,2,2025-03-09 02:00:00,0.0,0.0,14.74,2.86,64.61,26.4,0.0
2025,3,9,3,2025-03-09 03:00:00,0.0,0.0,13.11,5.58,71.5,12.36,0.0
2025,3,9,4,2025-03-09 04:00:00,0.0,0.0,12.99,4.26,66.35,1.73,0.0
2025,3,9,5,2025-03-09 05:00:00,0.0,0.0,15.65,4.83,71.76,7.87,0.0
2025,3,9,6,2025-03-09 06:00:00,0.0,0.0,14.0,5.21,68.4,13.13,0.0
2025,3,9,7,2025-03-09 07:00:00,212.36,170.55,15.9,4.68,72.18,26.25,85.96
2025,3,9,8,2025-03-09 08:00:00,440.23,431.74,16.09,5.18,68.67,2.57,220.34
2025,3,9,9,2025-03-09 09:00:00,635.9,565.68,16.69,5.4,61.11,14.72,283.05
2025,3,9,10,2025-03-09 10:00:00,786.05,654.23,19.08,4.0,59.18,22.36,326.57
2025,3,9,11,2025-03-09 11:00:00,880.44,765.59,20.87,4.52,65.5,17.39,372.84
2025,3,9,12,2025-03-09 12:00:00,912.63,883.19,22.0,3.77,58.02,4.3,430.05
2025,3,9,13,2025-03-09 13:00:00,880.44,660.43,22.97,3.01,56.75,33.32,316.29
2025,3,9,14,2025-03-09 14:00:00,786.05,619.27,23.61,4.67,53.94,28.29,299.1
2025,3,9,15,2025-03-09 15:00:00,635.9,480.13,22.9,2.61,57.09,32.66,236.35
2025,3,9,16,2025-03-09 16:00:00,440.23,435.74,21.11,2.62,61.27,1.36,211.73
2025,3,9,17,2025-03-09 17:00:00,212.36,185.5,21.07,2.46,58.84,16.87,84.02
2025,3,9,18,2025-03-09 18:00:00,0.0,0.0,21.71,3.44,56.79,7.83,0.0
2025,3,9,19,2025-03-09 19:00:00,0.0,0.0,21.62,2.8,56.23,18.03,0.0
2025,3,9,20,2025-03-09 20:00:00,0.0,0.0,19.68,2.04,64.41,0.53,0.0
2025,3,9,21,2025-03-09 21:00:00,0.0,0.0,17.45,3.13,65.7,8.97,0.0
2025,3,9,22,2025-03-09 22:00:00,0.0,0.0,16.75,3.65,64.94,24.15,0.0
2025,3,9,23,2025-03-09 23:00:00,0.0,0.0,15.27,3.34,67.34,0.07,0.0
2025,3,10,0,2025-03-10 00:00:00,0.0,0.0,15.26,2.7,68.22,29.52,0.0
2025,3,10,1,2025-03-10 01:00:00,0.0,0.0,13.38,3.76,69.11,30.26,0.0
2025,3,10,2,2025-03-10 02:00:00,0.0,0.0,13.32,4.62,73.75,7.14,0.0
2025,3,10,3,2025-03-10 03:00:00,0.0,0.0,12.41,5.95,70.02,0.63,0.0
2025,3,10,4,2025-03-10 04:00:00,0.0,0.0,12.09,3.89,73.7,28.02,0.0
2025,3,10,5,2025-03-10 05:00:00,0.0,0.0,11.32,6.3,71.83,6.85,0.0
2025,3,10,6,2025-03-10 06:00:00,0.0,0.0,13.85,5.72,67.71,10.96,0.0
2025,3,10,7,2025-03-10 07:00:00,214.83,176.33,14.51,5.88,70.18,23.9,94.85
2025,3,10,8,2025-03-10 08:00:00,442.72,395.03,16.24,5.91,75.51,14.36,198.07
2025,3,10,9,2025-03-10 09:00:00,638.41,632.43,17.46,3.29,66.2,1.25,311.88
2025,3,10,10,2025-03-10 10:00:00,788.57,703.41,18.09,2.81,67.35,14.4,350.07
2025,3,10,11,2025-03-10 11:00:00,882.96,689.23,20.56,2.86,65.18,29.26,333.16
2025,3,10,12,2025-03-10 12:00:00,915.16,915.16,21.3,3.23,64.72,0.0,438.74
2025,3,10,13,2025-03-10 13:00:00,882.96,710.34,21.19,2.0,58.35,26.07,342.22
2025,3,10,14,2025-03-10 14:00:00,788.57,767.41,22.34,3.9,66.42,3.58,374.68
2025,3,10,15,2025-03-10 15:00:00,638.41,523.53,23.2,2.48,60.69,23.99,255.0
2025,3,10,16,2025-03-10 16:00:00,442.72,392.83,22.46,1.86,58.48,15.02,188.53
2025,3,10,17,2025-03-10 17:00:00,214.83,214.83,21.71,3.39,61.21,0.0,108.57
2025,3,10,18,2025-03-10 18:00:00,0.0,0.0,21.71,2.91,62.98,0.0,0.0
2025,3,10,19,2025-03-10 19:00:00,0.0,0.0,19.71,2.59,62.43,7.61,0.0
2025,3,10,20,2025-03-10 20:00:00,0.0,0.0,18.16,3.19,65.23,24.15,0.0
2025,3,10,21,2025-03-10 21:00:00,0.0,0.0,16.16,3.85,72.26,11.76,0.0
2025,3,10,22,2025-03-10 22:00:00,0.0,0.0,15.74,2.97,63.99,15.85,0.0
2025,3,10,23,2025-03-10 23:00:00,0.0,0.0,15.76,4.09,65.18,5.46,0.0
2025,3,11,0,2025-03-11 00:00:00,0.0,0.0,14.92,2.81,72.7,13.86,0.0
2025,3,11,1,2025-03-11 01:00:00,0.0,0.0,14.8,3.78,76.49,11.71,0.0
2025,3,11,2,2025-03-11 02:00:00,0.0,0.0,14.42,5.29,73.14,0.0,0.0
2025,3,11,3,2025-03-11 03:00:00,0.0,0.0,12.6,5.17,69.62,4.18,0.0
2025,3,11,4,2025-03-11 04:00:00,0.0,0.0,14.29,3.78,65.51,25.21,0.0
2025,3,11,5,2025-03-11 05:00:00,0.0,0.0,13.78,3.87,71.16,2.12,0.0
2025,3,11,6,2025-03-11 06:00:00,0.0,0.0,12.9,4.28,69.64,5.37,0.0
2025,3,11,7,2025-03-11 07:00:00,217.29,217.29,15.49,4.85,73.67,0.0,105.32
2025,3,11,8,2025-03-11 08:00:00,445.19,445.19,17.12,4.25,65.67,0.0,221.07
2025,3,11,9,2025-03-11 09:00:00,640.89,520.87,19.02,5.66,64.93,24.97,259.18
2025,3,11,10,2025-03-11 10:00:00,791.05,607.12,19.83,3.65,59.49,31.0,297.27
2025,3,11,11,2025-03-11 11:00:00,885.45,885.45,20.81,5.13,59.49,0.0,439.41
2025,3,11,12,2025-03-11 12:00:00,917.65,917.65,22.23,4.82,60.58,0.0,440.64
2025,3,11,13,2025-03-11 13:00:00,885.45,729.23,22.46,2.94,64.3,23.52,357.19
2025,3,11,14,2025-03-11 14:00:00,791.05,628.88,22.24,1.75,56.36,27.33,303.65
2025,3,11,15,2025-03-11 15:00:00,640.89,620.01,24.75,0.74,61.93,4.34,295.93
2025,3,11,16,2025-03-11 16:00:00,445.19,350.79,22.7,2.44,56.18,28.27,162.36
2025,3,11,17,2025-03-11 17:00:00,217.29,197.33,21.47,1.04,59.98,12.25,96.35
2025,3,11,18,2025-03-11 18:00:00,0.0,0.0,23.13,3.03,57.45,2.68,0.0
2025,3,11,19,2025-03-11 19:00:00,0.0,0.0,19.31,2.27,57.79,12.7,0.0
2025,3,11,20,2025-03-11 20:00:00,0.0,0.0,19.3,2.73,63.66,25.95,0.0
2025,3,11,21,2025-03-11 21:00:00,0.0,0.0,18.81,2.15,67.37,6.77,0.0
2025,3,11,22,2025-03-11 22:00:00,0.0,0.0,16.33,2.17,63.87,14.47,0.0
2025,3,11,23,2025-03-11 23:00:00,0.0,0.0,15.12,3.25,69.4,3.41,0.0
2025,3,12,0,2025-03-12 00:00:00,0.0,0.0,14.01,4.19,68.21,29.23,0.0
2025,3,12,1,2025-03-12 01:00:00,0.0,0.0,12.64,3.11,73.18,22.51,0.0
2025,3,12,2,2025-03-12 02:00:00,0.0,0.0,14.79,3.62,71.99,18.83,0.0
2025,3,12,3,2025-03-12 03:00:00,0.0,0.0,11.51,4.28,71.46,4.23,0.0
2025,3,12,4,2025-03-12 04:00:00,0.0,0.0,14.49,5.32,72.07,23.06,0.0
2025,3,12,5,2025-03-12 05:00:00,0.0,0.0,12.67,3.07,70.9,4.68,0.0
2025,3,12,6,2025-03-12 06:00:00,0.0,0.0,15.16,4.73,68.8,4.41,0.0
2025,3,12,7,2025-03-12 07:00:00,219.75,198.95,16.59,5.01,71.49,12.62,99.29
2025,3,12,8,2025-03-12 08:00:00,447.64,367.47,16.85,3.25,64.8,23.88,179.1
2025,3,12,9,2025-03-12 09:00:00,643.34,590.9,17.24,4.32,59.06,10.87,295.3
2025,3,12,10,2025-03-12 10:00:00,793.5,692.91,19.1,2.56,66.64,16.9,335.25
2025,3,12,11,2025-03-12 11:00:00,887.9,833.38,19.96,3.0,61.52,8.19,409.27
2025,3,12,12,2025-03-12 12:00:00,920.1,827.94,21.56,3.16,66.83,13.35,402.42
2025,3,12,13,2025-03-12 13:00:00,887.9,723.63,23.2,3.04,56.96,24.67,350.82
2025,3,12,14,2025-03-12 14:00:00,793.5,633.65,23.08,1.45,58.56,26.86,315.69
2025,3,12,15,2025-03-12 15:00:00,643.34,629.38,22.44,1.36,60.81,2.89,306.4
2025,3,12,16,2025-03-12 16:00:00,447.64,351.9,22.6,2.42,54.76,28.52,165.0
2025,3,12,17,2025-03-12 17:00:00,219.75,177.55,23.0,2.55,64.8,25.61,83.95
2025,3,12,18,2025-03-12 18:00:00,0.0,0.0,21.15,0.85,63.12,0.9,0.0
2025,3,12,19,2025-03-12 19:00:00,0.0,0.0,20.82,2.69,58.89,25.13,0.0
2025,3,12,20,2025-03-12 20:00:00,0.0,0.0,19.06,2.49,55.06,26.75,0.0
2025,3,12,21,2025-03-12 21:00:00,0.0,0.0,19.57,2.05,67.17,12.14,0.0
2025,3,12,22,2025-03-12 22:00:00,0.0,0.0,16.23,3.6,65.81,22.59,0.0
2025,3,12,23,2025-03-12 23:00:00,0.0,0.0,15.29,4.47,71.36,26.14,0.0
2025,3,13,0,2025-03-13 00:00:00,0.0,0.0,14.76,3.58,72.01,6.71,0.0
2025,3,13,1,2025-03-13 01:00:00,0.0,0.0,14.0,4.26,66.22,11.21,0.0
2025,3,13,2,2025-03-13 02:00:00,0.0,0.0,12.65,3.85,73.37,21.54,0.0
2025,3,13,3,2025-03-13 03:00:00,0.0,0.0,13.38,4.86,73.99,28.08,0.0
2025,3,13,4,2025-03-13 04:00:00,0.0,0.0,13.49,4.57,75.85,0.0,0.0
2025,3,13,5,2025-03-13 05:00:00,0.0,0.0,13.53,4.34,67.79,11.15,0.0
2025,3,13,6,2025-03-13 06:00:00,0.0,0.0,14.38,6.08,67.11,27.99,0.0
2025,3,13,7,2025-03-13 07:00:00,222.2,222.2,16.29,4.03,69.92,0.0,106.95
2025,3,13,8,2025-03-13 08:00:00,450.08,359.73,17.43,4.42,69.23,26.77,175.14
2025,3,13,9,2025-03-13 09:00:00,645.76,580.32,18.12,3.03,61.0,13.51,289.61
2025,3,13,10,2025-03-13 10:00:00,795.92,668.95,19.21,3.9,66.19,21.27,329.4
2025,3,13,11,2025-03-13 11:00:00,890.31,890.31,20.45,3.61,68.56,0.0,437.71
2025,3,13,12,2025-03-13 12:00:00,922.5,894.91,19.33,4.54,60.91,3.99,435.63
2025,3,13,13,2025-03-13 13:00:00,890.31,753.28,23.35,4.48,56.84,20.52,360.58
2025,3,13,14,2025-03-13 14:00:00,795.92,732.66,21.81,2.78,58.4,10.6,356.02
2025,3,13,15,2025-03-13 15:00:00,645.76,586.3,25.99,2.32,61.03,12.28,276.61
2025,3,13,16,2025-03-13 16:00:00,450.08,420.46,24.06,4.54,57.56,8.78,205.62
2025,3,13,17,2025-03-13 17:00:00,222.2,182.55,22.36,1.93,60.61,23.79,94.56
2025,3,13,18,2025-03-13 18:00:00,0.0,0.0,21.81,1.27,58.81,4.25,0.0
2025,3,13,19,2025-03-13 19:00:00,0.0,0.0,20.19,1.16,64.38,18.25,0.0
2025,3,13,20,2025-03-13 20:00:00,0.0,0.0,19.83,2.55,60.43,2.56,0.0
2025,3,13,21,2025-03-13 21:00:00,0.0,0.0,17.6,2.4,68.41,14.59,0.0
2025,3,13,22,2025-03-13 22:00:00,0.0,0.0,18.47,2.41,66.89,9.79,0.0
2025,3,13,23,2025-03-13 23:00:00,0.0,0.0,15.28,3.12,62.28,13.4,0.0
2025,3,14,0,2025-03-14 00:00:00,0.0,0.0,16.21,3.74,70.16,14.54,0.0
2025,3,14,1,2025-03-14 01:00:00,0.0,0.0,13.93,4.97,73.29,16.59,0.0
2025,3,14,2,2025-03-14 02:00:00,0.0,0.0,13.69,2.63,69.02,13.22,0.0
2025,3,14,3,2025-03-14 03:00:00,0.0,0.0,12.69,4.54,79.09,0.0,0.0
2025,3,14,4,2025-03-14 04:00:00,0.0,0.0,13.81,4.98,71.36,18.66,0.0
2025,3,14,5,2025-03-14 05:00:00,0.0,0.0,13.42,3.05,68.72,23.12,0.0
2025,3,14,6,2025-03-14 06:00:00,0.0,0.0,16.09,3.92,70.76,12.98,0.0
2025,3,14,7,2025-03-14 07:00:00,224.65,186.11,15.79,4.7,67.27,22.87,92.19
2025,3,14,8,2025-03-14 08:00:00,452.5,375.83,17.72,5.95,66.21,22.59,189.94
2025,3,14,9,2025-03-14 09:00:00,648.16,539.17,17.64,4.47,60.94,22.42,265.82
2025,3,14,10,2025-03-14 10:00:00,798.29,755.34,19.7,5.22,64.23,7.17,379.12
2025,3,14,11,2025-03-14 11:00:00,892.67,865.28,20.61,4.28,62.95,4.09,427.12
2025,3,14,12,2025-03-14 12:00:00,924.86,875.27,22.44,3.85,59.5,7.15,430.85
2025,3,14,13,2025-03-14 13:00:00,892.67,797.84,22.7,2.74,57.13,14.17,384.41
2025,3,14,14,2025-03-14 14:00:00,798.29,702.64,23.09,3.37,61.6,15.98,335.79
2025,3,14,15,2025-03-14 15:00:00,648.16,534.79,23.87,3.95,60.15,23.32,258.68
2025,3,14,16,2025-03-14 16:00:00,452.5,452.5,22.31,3.09,54.4,0.0,219.61
2025,3,14,17,2025-03-14 17:00:00,224.65,185.17,22.6,1.25,59.19,23.43,86.49
2025,3,14,18,2025-03-14 18:00:00,0.0,0.0,22.74,1.13,62.11,14.35,0.0
2025,3,14,19,2025-03-14 19:00:00,0.0,0.0,22.22,1.87,63.11,11.19,0.0
2025,3,14,20,2025-03-14 20:00:00,0.0,0.0,19.65,3.11,65.1,5.57,0.0
2025,3,14,21,2025-03-14 21:00:00,0.0,0.0,19.15,3.19,65.51,2.12,0.0
2025,3,14,22,2025-03-14 22:00:00,0.0,0.0,17.47,3.16,67.1,0.34,0.0
2025,3,14,23,2025-03-14 23:00:00,0.0,0.0,16.41,4.27,67.49,12.75,0.0
2025,3,15,0,2025-03-15 00:00:00,0.0,0.0,14.08,5.2,76.87,7.37,0.0
2025,3,15,1,2025-03-15 01:00:00,0.0,0.0,13.75,3.76,71.08,0.0,0.0
2025,3,15,2,2025-03-15 02:00:00,0.0,0.0,14.07,3.14,71.77,0.0,0.0
2025,3,15,3,2025-03-15 03:00:00,0.0,0.0,14.03,5.01,70.9,1.74,0.0
2025,3,15,4,2025-03-15 04:00:00,0.0,0.0,13.39,5.19,65.29,7.13,0.0
2025,3,15,5,2025-03-15 05:00:00,0.0,0.0,14.33,4.64,70.78,0.0,0.0
2025,3,15,6,2025-03-15 06:00:00,0.0,0.0,14.09,3.72,67.84,17.21,0.0
2025,3,15,7,2025-03-15 07:00:00,227.08,182.59,16.19,5.19,65.45,26.13,98.47
2025,3,15,8,2025-03-15 08:00:00,454.9,403.96,17.36,4.75,63.56,14.93,199.37
2025,3,15,9,2025-03-15 09:00:00,650.52,560.62,17.83,3.47,63.13,18.43,279.38
2025,3,15,10,2025-03-15 10:00:00,800.63,743.17,20.1,2.8,65.47,9.57,359.02
2025,3,15,11,2025-03-15 11:00:00,895.0,843.28,21.4,4.6,58.69,7.7,409.26
2025,3,15,12,2025-03-15 12:00:00,927.18,800.39,20.8,4.02,64.64,18.23,388.25
2025,3,15,13,2025-03-15 13:00:00,895.0,836.07,22.34,3.57,58.02,8.78,403.56
2025,3,15,14,2025-03-15 14:00:00,800.63,800.63,21.29,3.7,63.49,0.0,390.75
2025,3,15,15,2025-03-15 15:00:00,650.52,542.58,23.28,4.18,58.9,22.13,257.59
2025,3,15,16,2025-03-15 16:00:00,454.9,416.43,22.59,1.59,60.48,11.28,203.57
2025,3,15,17,2025-03-15 17:00:00,227.08,196.39,23.88,2.25,56.89,18.02,92.75
2025,3,15,18,2025-03-15 18:00:00,0.0,0.0,22.62,3.26,58.86,16.43,0.0
2025,3,15,19,2025-03-15 19:00:00,0.0,0.0,23.04,3.86,60.65,4.13,0.0
2025,3,15,20,2025-03-15 20:00:00,0.0,0.0,19.35,3.08,61.55,6.93,0.0
2025,3,15,21,2025-03-15 21:00:00,0.0,0.0,18.54,2.84,66.75,0.0,0.0
2025,3,15,22,2025-03-15 22:00:00,0.0,0.0,18.16,3.73,64.68,17.04,0.0
2025,3,15,23,2025-03-15 23:00:00,0.0,0.0,15.64,1.79,64.95,0.0,0.0
2025,3,16,0,2025-03-16 00:00:00,0.0,0.0,14.91,3.29,67.05,17.44,0.0
2025,3,16,1,2025-03-16 01:00:00,0.0,0.0,14.72,4.82,74.35,3.74,0.0
2025,3,16,2,2025-03-16 02:00:00,0.0,0.0,14.25,4.85,73.32,0.0,0.0
2025,3,16,3,2025-03-16 03:00:00,0.0,0.0,13.41,3.8,66.91,15.22,0.0
2025,3,16,4,2025-03-16 04:00:00,0.0,0.0,14.15,4.17,68.59,24.12,0.0
2025,3,16,5,2025-03-16 05:00:00,0.0,0.0,14.4,4.31,73.73,23.08,0.0
2025,3,16,6,2025-03-16 06:00:00,0.0,0.0,15.16,4.76,64.17,3.43,0.0
2025,3,16,7,2025-03-16 07:00:00,229.51,191.89,15.88,4.58,74.44,21.86,99.54
2025,3,16,8,2025-03-16 08:00:00,457.27,384.87,16.81,4.75,65.37,21.11,194.59
2025,3,16,9,2025-03-16 09:00:00,652.86,545.97,16.78,5.33,65.05,21.83,272.53
2025,3,16,10,2025-03-16 10:00:00,802.94,799.73,21.37,4.3,64.89,0.53,388.43
2025,3,16,11,2025-03-16 11:00:00,897.28,817.03,21.05,3.82,63.22,11.92,394.92
2025,3,16,12,2025-03-16 12:00:00,929.46,929.46,22.33,3.02,65.66,0.0,450.28
2025,3,16,13,2025-03-16 13:00:00,897.28,813.25,21.7,2.98,61.69,12.49,397.46
2025,3,16,14,2025-03-16 14:00:00,802.94,764.09,22.75,2.76,59.51,6.45,372.24
2025,3,16,15,2025-03-16 15:00:00,652.86,652.86,24.83,4.2,54.09,0.0,314.07
2025,3,16,16,2025-03-16 16:00:00,457.27,457.27,24.17,3.48,57.49,0.0,214.69
2025,3,16,17,2025-03-16 17:00:00,229.51,229.51,22.69,4.41,57.52,0.0,112.65
2025,3,16,18,2025-03-16 18:00:00,0.0,0.0,23.1,1.71,65.6,18.36,0.0
2025,3,16,19,2025-03-16 19:00:00,0.0,0.0,20.8,2.52,63.75,5.22,0.0
2025,3,16,20,2025-03-16 20:00:00,0.0,0.0,21.93,3.22,63.12,20.78,0.0
2025,3,16,21,2025-03-16 21:00:00,0.0,0.0,18.03,2.42,67.08,11.53,0.0
2025,3,16,22,2025-03-16 22:00:00,0.0,0.0,16.38,2.61,64.92,10.91,0.0
2025,3,16,23,2025-03-16 23:00:00,0.0,0.0,17.37,2.3,71.44,0.0,0.0
2025,3,17,0,2025-03-17 00:00:00,0.0,0.0,14.93,2.92,69.73,1.59,0.0
2025,3,17,1,2025-03-17 01:00:00,0.0,0.0,15.75,4.73,67.88,0.0,0.0
2025,3,17,2,2025-03-17 02:00:00,0.0,0.0,12.53,4.74,79.47,0.73,0.0
2025,3,17,3,2025-03-17 03:00:00,0.0,0.0,13.99,3.48,67.62,0.0,0.0
2025,3,17,4,2025-03-17 04:00:00,0.0,0.0,14.92,5.1,73.31,3.38,0.0
2025,3,17,5,2025-03-17 05:00:00,0.0,0.0,16.3,5.3,66.0,15.49,0.0
2025,3,17,6,2025-03-17 06:00:00,0.0,0.0,14.16,5.62,66.3,20.46,0.0
2025,3,17,7,2025-03-17 07:00:00,231.93,212.42,16.23,4.39,71.58,11.22,108.69
2025,3,17,8,2025-03-17 08:00:00,459.63,383.31,16.65,5.56,69.15,22.14,198.8
2025,3,17,9,2025-03-17 09:00:00,655.16,655.16,17.44,5.05,67.49,0.0,325.13
2025,3,17,10,2025-03-17 10:00:00,805.2,724.48,20.24,4.28,56.77,13.37,354.68
2025,3,17,11,2025-03-17 11:00:00,899.51,899.51,21.7,4.23,62.61,0.0,437.05
2025,3,17,12,2025-03-17 12:00:00,931.68,831.75,19.99,2.59,57.33,14.3,408.01
2025,3,17,13,2025-03-17 13:00:00,899.51,858.2,24.39,2.03,58.04,6.12,415.17
2025,3,17,14,2025-03-17 14:00:00,805.2,672.05,23.93,3.28,63.54,22.05,324.72
2025,3,17,15,2025-03-17 15:00:00,655.16,583.24,24.92,2.56,56.38,14.64,278.46
2025,3,17,16,2025-03-17 16:00:00,459.63,446.1,23.91,3.33,56.56,3.92,209.16
2025,3,17,17,2025-03-17 17:00:00,231.93,192.78,23.54,2.09,57.4,22.5,93.75
2025,3,17,18,2025-03-17 18:00:00,0.0,0.0,22.42,0.92,54.46,19.85,0.0
2025,3,17,19,2025-03-17 19:00:00,0.0,0.0,20.93,2.58,61.61,21.61,0.0
2025,3,17,20,2025-03-17 20:00:00,0.0,0.0,19.56,1.6,62.25,3.99,0.0
2025,3,17,21,2025-03-17 21:00:00,0.0,0.0,18.19,2.76,69.56,11.33,0.0
2025,3,17,22,2025-03-17 22:00:00,0.0,0.0,17.83,2.61,66.96,5.47,0.0
2025,3,17,23,2025-03-17 23:00:00,0.0,0.0,16.99,3.68,69.62,0.71,0.0
2025,3,18,0,2025-03-18 00:00:00,0.0,0.0,16.46,3.63,66.87,15.57,0.0
2025,3,18,1,2025-03-18 01:00:00,0.0,0.0,15.36,2.86,66.31,7.37,0.0
2025,3,18,2,2025-03-18 02:00:00,0.0,0.0,15.57,5.4,65.47,0.0,0.0
2025,3,18,3,2025-03-18 03:00:00,0.0,0.0,13.28,5.5,72.97,4.11,0.0
2025,3,18,4,2025-03-18 04:00:00,0.0,0.0,14.71,3.65,72.34,0.0,0.0
2025,3,18,5,2025-03-18 05:00:00,0.0,0.0,14.0,5.61,73.06,18.53,0.0
2025,3,18,6,2025-03-18 06:00:00,0.0,0.0,14.98,4.94,66.6,8.45,0.0
2025,3,18,7,2025-03-18 07:00:00,234.34,193.48,16.96,2.97,65.87,23.24,94.38
2025,3,18,8,2025-03-18 08:00:00,461.96,396.42,16.35,5.49,70.51,18.92,195.81
2025,3,18,9,2025-03-18 09:00:00,657.43,657.43,19.92,3.7,68.56,0.0,317.94
2025,3,18,10,2025-03-18 10:00:00,807.42,698.71,19.61,3.53,66.89,17.95,342.8
2025,3,18,11,2025-03-18 11:00:00,901.71,901.71,20.72,4.2,61.91,0.0,442.91
2025,3,18,12,2025-03-18 12:00:00,933.87,781.45,22.74,5.21,61.23,21.76,382.55
2025,3,18,13,2025-03-18 13:00:00,901.71,746.65,23.03,3.58,60.05,22.93,362.15
2025,3,18,14,2025-03-18 14:00:00,807.42,707.02,25.16,1.92,61.79,16.58,342.48
2025,3,18,15,2025-03-18 15:00:00,657.43,602.51,23.05,3.06,60.01,11.14,287.11
2025,3,18,16,2025-03-18 16:00:00,461.96,461.96,24.33,2.35,57.66,0.0,215.15
2025,3,18,17,2025-03-18 17:00:00,234.34,196.24,22.81,3.48,55.75,21.67,97.09
2025,3,18,18,2025-03-18 18:00:00,0.0,0.0,22.49,1.49,60.96,20.29,0.0
2025,3,18,19,2025-03-18 19:00:00,0.0,0.0,21.14,1.94,62.36,13.6,0.0
2025,3,18,20,2025-03-18 20:00:00,0.0,0.0,19.59,1.89,69.01,3.86,0.0
2025,3,18,21,2025-03-18 21:00:00,0.0,0.0,19.08,1.37,65.4,2.78,0.0
2025,3,18,22,2025-03-18 22:00:00,0.0,0.0,18.73,2.19,65.71,13.33,0.0
2025,3,18,23,2025-03-18 23:00:00,0.0,0.0,16.45,4.04,63.9,10.71,0.0
2025,3,19,0,2025-03-19 00:00:00,0.0,0.0,14.76,3.44,66.95,3.99,0.0
2025,3,19,1,2025-03-19 01:00:00,0.0,0.0,15.17,2.09,68.25,2.71,0.0
2025,3,19,2,2025-03-19 02:00:00,0.0,0.0,14.35,4.54,74.25,0.44,0.0
2025,3,19,3,2025-03-19 03:00:00,0.0,0.0,14.31,4.29,70.61,19.37,0.0
2025,3,19,4,2025-03-19 04:00:00,0.0,0.0,13.45,5.24,67.97,19.16,0.0
2025,3,19,5,2025-03-19 05:00:00,0.0,0.0,15.14,3.81,71.11,3.15,0.0
2025,3,19,6,2025-03-19 06:00:00,0.0,0.0,14.96,4.81,67.86,20.45,0.0
2025,3,19,7,2025-03-19 07:00:00,236.73,236.73,16.2,5.25,65.7,0.0,112.25
2025,3,19,8,2025-03-19 08:00:00,464.27,407.19,17.11,3.95,69.17,16.39,194.79
2025,3,19,9,2025-03-19 09:00:00,659.67,597.55,17.67,5.7,67.48,12.56,296.61
2025,3,19,10,2025-03-19 10:00:00,809.6,809.6,20.32,4.4,62.62,0.0,392.92
2025,3,19,11,2025-03-19 11:00:00,903.85,903.85,20.46,3.01,61.1,0.0,442.17
2025,3,19,12,2025-03-19 12:00:00,936.0,936.0,22.93,0.99,58.51,0.0,455.78
2025,3,19,13,2025-03-19 13:00:00,903.85,760.74,22.58,3.57,66.53,21.11,368.15
2025,3,19,14,2025-03-19 14:00:00,809.6,755.51,22.7,2.44,60.5,8.91,359.49
2025,3,19,15,2025-03-19 15:00:00,659.67,659.67,23.88,2.92,59.55,0.0,320.01
2025,3,19,16,2025-03-19 16:00:00,464.27,464.27,22.42,2.69,61.12,0.0,224.26
2025,3,19,17,2025-03-19 17:00:00,236.73,233.3,22.44,3.1,58.73,1.93,112.08
2025,3,19,18,2025-03-19 18:00:00,0.0,0.0,22.36,2.06,59.86,0.52,0.0
2025,3,19,19,2025-03-19 19:00:00,0.0,0.0,22.08,2.05,57.36,0.0,0.0
2025,3,19,20,2025-03-19 20:00:00,0.0,0.0,20.45,3.6,64.14,0.0,0.0
2025,3,19,21,2025-03-19 21:00:00,0.0,0.0,18.51,3.31,68.99,2.82,0.0
2025,3,19,22,2025-03-19 22:00:00,0.0,0.0,18.34,3.55,64.64,2.49,0.0
2025,3,19,23,2025-03-19 23:00:00,0.0,0.0,16.36,2.65,73.0,3.56,0.0
2025,3,20,0,2025-03-20 00:00:00,0.0,0.0,16.1,2.6,73.52,1.81,0.0
2025,3,20,1,2025-03-20 01:00:00,0.0,0.0,14.83,4.74,70.5,3.77,0.0
2025,3,20,2,2025-03-20 02:00:00,0.0,0.0,15.01,3.21,68.46,14.5,0.0
2025,3,20,3,2025-03-20 03:00:00,0.0,0.0,14.05,4.19,67.53,6.01,0.0
2025,3,20,4,2025-03-20 04:00:00,0.0,0.0,13.32,4.7,71.92,16.31,0.0
2025,3,20,5,2025-03-20 05:00:00,0.0,0.0,14.67,3.3,67.27,0.87,0.0
2025,3,20,6,2025-03-20 06:00:00,0.0,0.0,16.71,6.19,67.3,19.31,0.0
2025,3,20,7,2025-03-20 07:00:00,239.11,239.11,16.71,4.31,70.08,0.0,122.33
2025,3,20,8,2025-03-20 08:00:00,466.56,466.56,16.77,4.68,66.22,0.0,231.48
2025,3,20,9,2025-03-20 09:00:00,661.87,646.11,19.2,4.97,69.04,3.17,317.31
2025,3,20,10,2025-03-20 10:00:00,811.74,701.73,19.91,2.9,66.35,18.07,344.54
2025,3,20,11,2025-03-20 11:00:00,905.95,889.25,22.69,3.66,61.82,2.46,433.92
2025,3,20,12,2025-03-20 12:00:00,938.08,938.08,22.53,3.28,61.49,0.0,454.97
2025,3,20,13,2025-03-20 13:00:00,905.95,899.81,22.11,3.04,57.73,0.9,436.51
2025,3,20,14,2025-03-20 14:00:00,811.74,757.73,25.0,2.07,55.64,8.87,366.05
2025,3,20,15,2025-03-20 15:00:00,661.87,577.8,23.45,3.84,60.72,16.94,281.6
2025,3,20,16,2025-03-20 16:00:00,466.56,466.56,24.29,3.33,62.69,0.0,217.27
2025,3,20,17,2025-03-20 17:00:00,239.11,226.37,23.23,1.49,56.34,7.11,103.53
2025,3,20,18,2025-03-20 18:00:00,0.0,0.0,23.27,1.76,60.67,13.56,0.0
2025,3,20,19,2025-03-20 19:00:00,0.0,0.0,23.3,2.24,67.98,14.46,0.0
2025,3,20,20,2025-03-20 20:00:00,0.0,0.0,20.74,2.91,65.68,0.0,0.0
2025,3,20,21,2025-03-20 21:00:00,0.0,0.0,18.16,2.74,61.31,16.34,0.0
2025,3,20,22,2025-03-20 22:00:00,0.0,0.0,19.01,1.77,64.45,16.84,0.0
2025,3,20,23,2025-03-20 23:00:00,0.0,0.0,17.28,4.42,69.34,0.0,0.0
2025,3,21,0,2025-03-21 00:00:00,0.0,0.0,15.92,3.28,72.88,0.0,0.0
2025,3,21,1,2025-03-21 01:00:00,0.0,0.0,14.98,5.1,72.93,15.88,0.0
2025,3,21,2,2025-03-21 02:00:00,0.0,0.0,14.62,1.86,70.11,15.23,0.0
2025,3,21,3,2025-03-21 03:00:00,0.0,0.0,14.85,4.83,71.04,0.92,0.0
2025,3,21,4,2025-03-21 04:00:00,0.0,0.0,15.14,5.31,72.59,0.0,0.0
2025,3,21,5,2025-03-21 05:00:00,0.0,0.0,15.16,3.44,71.02,5.85,0.0
2025,3,21,6,2025-03-21 06:00:00,0.0,0.0,16.82,3.94,68.37,16.52,0.0
2025,3,21,7,2025-03-21 07:00:00,241.48,218.87,16.46,4.46,62.89,12.48,106.97
2025,3,21,8,2025-03-21 08:00:00,468.82,421.59,18.33,4.73,63.63,13.43,209.74
2025,3,21,9,2025-03-21 09:00:00,664.03,591.99,19.06,4.6,63.61,14.47,292.91
2025,3,21,10,2025-03-21 10:00:00,813.83,762.17,19.85,3.86,68.75,8.46,380.35
2025,3,21,11,2025-03-21 11:00:00,908.0,788.33,20.8,4.03,59.0,17.57,385.96
2025,3,21,12,2025-03-21 12:00:00,940.11,911.18,22.58,2.58,59.5,4.1,447.09
2025,3,21,13,2025-03-21 13:00:00,908.0,803.42,24.64,2.37,58.2,15.36,384.6
2025,3,21,14,2025-03-21 14:00:00,813.83,813.83,24.77,2.31,58.52,0.0,388.7
2025,3,21,15,2025-03-21 15:00:00,664.03,564.31,24.16,1.28,58.8,20.02,273.15
2025,3,21,16,2025-03-21 16:00:00,468.82,468.82,22.42,3.04,58.61,0.0,226.87
2025,3,21,17,2025-03-21 17:00:00,241.48,208.96,24.12,1.53,60.84,17.96,95.3
2025,3,21,18,2025-03-21 18:00:00,0.0,0.0,22.56,2.44,67.75,7.56,0.0
2025,3,21,19,2025-03-21 19:00:00,0.0,0.0,23.13,1.95,60.57,14.82,0.0
2025,3,21,20,2025-03-21 20:00:00,0.0,0.0,20.41,2.06,63.31,0.0,0.0
2025,3,21,21,2025-03-21 21:00:00,0.0,0.0,19.5,1.49,67.66,6.39,0.0
2025,3,21,22,2025-03-21 22:00:00,0.0,0.0,18.5,3.67,68.51,16.12,0.0
2025,3,21,23,2025-03-21 23:00:00,0.0,0.0,16.08,3.42,66.76,15.24,0.0
2025,3,22,0,2025-03-22 00:00:00,0.0,0.0,15.33,4.03,66.15,0.0,0.0
2025,3,22,1,2025-03-22 01:00:00,0.0,0.0,14.71,2.4,68.32,0.0,0.0
2025,3,22,2,2025-03-22 02:00:00,0.0,0.0,14.04,3.38,70.62,18.45,0.0
2025,3,22,3,2025-03-22 03:00:00,0.0,0.0,14.86,3.68,65.99,8.16,0.0
2025,3,22,4,2025-03-22 04:00:00,0.0,0.0,13.82,3.79,70.76,1.54,0.0
2025,3,22,5,2025-03-22 05:00:00,0.0,0.0,16.16,4.01,65.17,7.55,0.0
2025,3,22,6,2025-03-22 06:00:00,0.0,0.0,15.31,3.85,68.74,0.0,0.0
2025,3,22,7,2025-03-22 07:00:00,243.83,243.83,19.14,3.12,67.25,0.0,125.01
2025,3,22,8,2025-03-22 08:00:00,471.05,471.05,17.69,4.79,67.66,0.0,230.68
2025,3,22,9,2025-03-22 09:00:00,666.16,666.16,19.23,5.78,59.22,0.0,325.62
2025,3,22,10,2025-03-22 10:00:00,815.88,772.39,21.8,3.29,66.17,7.11,371.36
2025,3,22,11,2025-03-22 11:00:00,910.0,905.79,21.59,3.44,63.19,0.62,439.63
2025,3,22,12,2025-03-22 12:00:00,942.1,914.16,23.31,3.12,62.71,3.95,437.07
2025,3,22,13,2025-03-22 13:00:00,910.0,889.09,24.1,3.21,60.98,3.06,431.42
2025,3,22,14,2025-03-22 14:00:00,815.88,757.22,24.39,2.56,56.31,9.59,358.9
2025,3,22,15,2025-03-22 15:00:00,666.16,628.8,23.82,2.76,56.87,7.48,299.53
2025,3,22,16,2025-03-22 16:00:00,471.05,416.94,23.32,3.84,62.3,15.32,203.21
2025,3,22,17,2025-03-22 17:00:00,243.83,224.14,24.42,2.52,60.92,10.77,111.45
2025,3,22,18,2025-03-22 18:00:00,0.0,0.0,23.84,2.2,62.22,0.33,0.0
2025,3,22,19,2025-03-22 19:00:00,0.0,0.0,21.83,2.11,57.39,15.81,0.0
2025,3,22,20,2025-03-22 20:00:00,0.0,0.0,19.64,2.73,59.07,0.0,0.0
2025,3,22,21,2025-03-22 21:00:00,0.0,0.0,19.07,2.73,63.78,0.0,0.0
2025,3,22,22,2025-03-22 22:00:00,0.0,0.0,18.71,3.3,64.23,5.23,0.0
2025,3,22,23,2025-03-22 23:00:00,0.0,0.0,18.06,2.73,67.07,8.27,0.0
2025,3,23,0,2025-03-23 00:00:00,0.0,0.0,15.98,3.99,67.52,0.0,0.0
2025,3,23,1,2025-03-23 01:00:00,0.0,0.0,14.48,4.93,70.43,16.73,0.0
2025,3,23,2,2025-03-23 02:00:00,0.0,0.0,15.47,3.64,71.47,0.0,0.0
2025,3,23,3,2025-03-23 03:00:00,0.0,0.0,15.05,4.61,70.0,18.62,0.0
2025,3,23,4,2025-03-23 04:00:00,0.0,0.0,14.8,5.48,67.68,4.26,0.0
2025,3,23,5,2025-03-23 05:00:00,0.0,0.0,14.91,5.8,71.12,11.08,0.0
2025,3,23,6,2025-03-23 06:00:00,2.48,2.13,14.7,5.6,66.24,19.09,0.0
2025,3,23,7,2025-03-23 07:00:00,246.17,214.17,16.8,5.44,72.01,17.33,107.47
2025,3,23,8,2025-03-23 08:00:00,473.26,467.17,17.81,4.3,65.1,1.71,229.13
2025,3,23,9,2025-03-23 09:00:00,668.26,668.26,17.91,4.03,68.67,0.0,330.41
2025,3,23,10,2025-03-23 10:00:00,817.89,817.89,19.16,3.8,63.42,0.0,401.13
2025,3,23,11,2025-03-23 11:00:00,911.95,803.24,21.48,3.17,63.1,15.89,397.1
2025,3,23,12,2025-03-23 12:00:00,944.03,879.57,23.72,1.39,62.88,9.1,421.45
2025,3,23,13,2025-03-23 13:00:00,911.95,911.95,24.03,3.7,61.91,0.0,437.78
2025,3,23,14,2025-03-23 14:00:00,817.89,736.0,24.15,2.88,58.59,13.35,353.08
2025,3,23,15,2025-03-23 15:00:00,668.26,668.26,25.06,1.69,64.42,0.0,319.19
2025,3,23,16,2025-03-23 16:00:00,473.26,429.7,23.71,1.75,58.68,12.27,207.2
2025,3,23,17,2025-03-23 17:00:00,246.17,246.17,24.34,1.36,58.59,0.0,115.35
2025,3,23,18,2025-03-23 18:00:00,2.48,2.41,23.8,2.67,62.31,3.76,0.0
2025,3,23,19,2025-03-23 19:00:00,0.0,0.0,22.76,1.56,62.07,17.93,0.0
2025,3,23,20,2025-03-23 20:00:00,0.0,0.0,21.68,2.25,63.06,3.73,0.0
2025,3,23,21,2025-03-23 21:00:00,0.0,0.0,19.34,3.89,63.09,10.86,0.0
2025,3,23,22,2025-03-23 22:00:00,0.0,0.0,18.14,2.85,69.89,0.0,0.0
2025,3,23,23,2025-03-23 23:00:00,0.0,0.0,16.28,4.34,68.24,0.0,0.0
2025,3,24,0,2025-03-24 00:00:00,0.0,0.0,16.57,3.8,67.4,0.0,0.0
2025,3,24,1,2025-03-24 01:00:00,0.0,0.0,14.86,4.43,70.89,0.0,0.0
2025,3,24,2,2025-03-24 02:00:00,0.0,0.0,14.76,3.98,73.02,2.35,0.0
2025,3,24,3,2025-03-24 03:00:00,0.0,0.0,14.62,4.78,71.78,18.12,0.0
2025,3,24,4,2025-03-24 04:00:00,0.0,0.0,14.58,4.41,71.9,0.0,0.0
2025,3,24,5,2025-03-24 05:00:00,0.0,0.0,14.81,4.99,69.91,4.04,0.0
2025,3,24,6,2025-03-24 06:00:00,4.96,4.96,16.18,5.66,63.35,0.0,0.0
2025,3,24,7,2025-03-24 07:00:00,248.49,243.11,17.29,5.13,71.13,2.89,118.77
2025,3,24,8,2025-03-24 08:00:00,475.43,463.48,18.82,5.34,62.83,3.35,226.52
2025,3,24,9,2025-03-24 09:00:00,670.31,670.31,19.31,4.52,65.81,0.0,328.92
2025,3,24,10,2025-03-24 10:00:00,819.85,745.16,20.59,5.04,61.16,12.15,359.33
2025,3,24,11,2025-03-24 11:00:00,913.85,842.94,22.24,3.6,67.0,10.35,413.7
2025,3,24,12,2025-03-24 12:00:00,945.91,945.91,23.7,3.79,61.01,0.0,461.17
2025,3,24,13,2025-03-24 13:00:00,913.85,869.38,23.93,2.87,61.99,6.49,422.0
2025,3,24,14,2025-03-24 14:00:00,819.85,819.34,23.63,2.82,58.4,0.08,397.2
2025,3,24,15,2025-03-24 15:00:00,670.31,597.48,24.86,4.13,54.96,14.49,291.12
2025,3,24,16,2025-03-24 16:00:00,475.43,475.43,25.22,4.06,54.89,0.0,232.14
2025,3,24,17,2025-03-24 17:00:00,248.49,242.76,23.28,1.39,57.35,3.07,118.87
2025,3,24,18,2025-03-24 18:00:00,4.96,4.96,23.53,1.49,62.47,0.0,0.0
2025,3,24,19,2025-03-24 19:00:00,0.0,0.0,22.85,1.7,60.6,0.0,0.0
2025,3,24,20,2025-03-24 20:00:00,0.0,0.0,20.97,1.69,63.4,0.0,0.0
2025,3,24,21,2025-03-24 21:00:00,0.0,0.0,20.82,3.19,64.62,12.55,0.0
2025,3,24,22,2025-03-24 22:00:00,0.0,0.0,20.19,2.75,63.28,0.0,0.0
2025,3,24,23,2025-03-24 23:00:00,0.0,0.0,16.85,2.01,74.03,18.47,0.0
2025,3,25,0,2025-03-25 00:00:00,0.0,0.0,17.27,2.82,67.12,0.0,0.0
2025,3,25,1,2025-03-25 01:00:00,0.0,0.0,15.87,3.02,70.51,13.04,0.0
2025,3,25,2,2025-03-25 02:00:00,0.0,0.0,14.84,3.74,70.98,0.0,0.0
2025,3,25,3,2025-03-25 03:00:00,0.0,0.0,15.15,3.06,68.46,0.27,0.0
2025,3,25,4,2025-03-25 04:00:00,0.0,0.0,14.85,4.24,68.64,0.0,0.0
2025,3,25,5,2025-03-25 05:00:00,0.0,0.0,14.27,5.58,71.0,5.2,0.0
2025,3,25,6,2025-03-25 06:00:00,7.43,6.69,16.56,3.61,74.01,13.34,0.0
2025,3,25,7,2025-03-25 07:00:00,250.8,224.48,18.33,4.74,71.41,13.99,109.05
2025,3,25,8,2025-03-25 08:00:00,477.58,476.95,18.28,4.64,64.9,0.18,238.48
2025,3,25,9,2025-03-25 09:00:00,672.33,672.33,19.98,5.03,63.86,0.0,334.54
2025,3,25,10,2025-03-25 10:00:00,821.76,815.17,22.7,2.75,59.23,1.07,397.66
2025,3,25,11,2025-03-25 11:00:00,915.7,915.7,21.96,4.62,63.22,0.0,440.77
2025,3,25,12,2025-03-25 12:00:00,947.74,947.74,23.05,2.04,61.66,0.0,461.96
2025,3,25,13,2025-03-25 13:00:00,915.7,915.7,24.3,2.5,67.01,0.0,447.9
2025,3,25,14,2025-03-25 14:00:00,821.76,819.29,24.13,2.46,60.11,0.4,393.86
2025,3,25,15,2025-03-25 15:00:00,672.33,672.33,24.77,2.59,54.78,0.0,328.25
2025,3,25,16,2025-03-25 16:00:00,477.58,477.58,24.73,3.05,56.73,0.0,224.37
2025,3,25,17,2025-03-25 17:00:00,250.8,218.05,23.98,2.74,58.93,17.41,104.99
2025,3,25,18,2025-03-25 18:00:00,7.43,6.86,23.12,2.17,62.88,10.22,2.55
2025,3,25,19,2025-03-25 19:00:00,0.0,0.0,23.22,2.5,64.03,17.16,0.0
2025,3,25,20,2025-03-25 20:00:00,0.0,0.0,19.79,3.54,66.02,11.12,0.0
2025,3,25,21,2025-03-25 21:00:00,0.0,0.0,19.78,2.38,65.84,12.03,0.0
2025,3,25,22,2025-03-25 22:00:00,0.0,0.0,18.21,3.93,66.21,10.4,0.0
2025,3,25,23,2025-03-25 23:00:00,0.0,0.0,17.47,2.37,69.17,0.0,0.0
2025,3,26,0,2025-03-26 00:00:00,0.0,0.0,17.74,3.29,72.17,8.55,0.0
2025,3,26,1,2025-03-26 01:00:00,0.0,0.0,15.31,4.6,66.04,17.27,0.0
2025,3,26,2,2025-03-26 02:00:00,0.0,0.0,14.75,4.07,70.1,9.37,0.0
2025,3,26,3,2025-03-26 03:00:00,0.0,0.0,14.94,4.74,71.88,0.0,0.0
2025,3,26,4,2025-03-26 04:00:00,0.0,0.0,14.46,4.99,71.41,0.0,0.0
2025,3,26,5,2025-03-26 05:00:00,0.0,0.0,16.59,4.46,65.73,3.26,0.0
2025,3,26,6,2025-03-26 06:00:00,9.9,9.87,17.04,3.81,73.7,0.3,9.6
2025,3,26,7,2025-03-26 07:00:00,253.09,253.09,16.62,3.63,70.03,0.0,124.4
2025,3,26,8,2025-03-26 08:00:00,479.7,479.7,18.61,3.48,67.9,0.0,237.49
2025,3,26,9,2025-03-26 09:00:00,674.31,622.33,19.7,4.43,65.71,10.28,305.14
2025,3,26,10,2025-03-26 10:00:00,823.63,740.18,21.15,5.27,64.5,13.51,360.76
2025,3,26,11,2025-03-26 11:00:00,917.5,917.5,21.44,4.83,65.47,0.0,442.32
2025,3,26,12,2025-03-26 12:00:00,949.51,949.51,23.17,3.95,61.85,0.0,455.28
2025,3,26,13,2025-03-26 13:00:00,917.5,831.15,23.64,2.02,56.31,12.55,401.79
2025,3,26,14,2025-03-26 14:00:00,823.63,755.58,24.37,4.12,60.42,11.02,362.9
2025,3,26,15,2025-03-26 15:00:00,674.31,674.31,24.57,1.79,59.43,0.0,325.4
2025,3,26,16,2025-03-26 16:00:00,479.7,437.63,23.71,1.15,56.54,11.7,206.57
2025,3,26,17,2025-03-26 17:00:00,253.09,253.09,24.45,2.46,60.78,0.0,120.69
2025,3,26,18,2025-03-26 18:00:00,9.9,9.82,23.26,2.32,62.66,1.08,14.41
2025,3,26,19,2025-03-26 19:00:00,0.0,0.0,21.32,2.1,61.36,0.0,0.0
2025,3,26,20,2025-03-26 20:00:00,0.0,0.0,21.94,2.6,60.05,16.17,0.0
2025,3,26,21,2025-03-26 21:00:00,0.0,0.0,19.59,1.76,68.21,13.12,0.0
2025,3,26,22,2025-03-26 22:00:00,0.0,0.0,19.27,0.92,64.04,1.37,0.0
2025,3,26,23,2025-03-26 23:00:00,0.0,0.0,18.12,3.33,69.01,0.0,0.0
2025,3,27,0,2025-03-27 00:00:00,0.0,0.0,16.69,2.58,69.1,9.43,0.0
2025,3,27,1,2025-03-27 01:00:00,0.0,0.0,16.51,5.66,71.71,0.0,0.0
2025,3,27,2,2025-03-27 02:00:00,0.0,0.0,13.99,4.08,71.99,0.0,0.0
2025,3,27,3,2025-03-27 03:00:00,0.0,0.0,14.64,4.66,68.89,0.0,0.0
2025,3,27,4,2025-03-27 04:00:00,0.0,0.0,14.9,4.54,69.85,14.06,0.0
2025,3,27,5,2025-03-27 05:00:00,0.0,0.0,14.89,4.9,73.52,17.04,0.0
2025,3,27,6,2025-03-27 06:00:00,12.36,12.36,16.1,4.36,71.97,0.0,4.25
2025,3,27,7,2025-03-27 07:00:00,255.36,255.36,16.24,5.08,66.2,0.0,124.58
2025,3,27,8,2025-03-27 08:00:00,481.8,421.27,18.22,3.92,69.5,16.75,205.24
2025,3,27,9,2025-03-27 09:00:00,676.24,676.24,21.82,5.17,68.16,0.0,332.81
2025,3,27,10,2025-03-27 10:00:00,825.45,825.45,22.36,3.17,60.02,0.0,398.26
2025,3,27,11,2025-03-27 11:00:00,919.24,919.24,22.25,4.03,61.28,0.0,446.98
2025,3,27,12,2025-03-27 12:00:00,951.24,951.24,23.69,3.11,60.31,0.0,454.41
2025,3,27,13,2025-03-27 13:00:00,919.24,919.24,24.97,2.73,57.88,0.0,443.36
2025,3,27,14,2025-03-27 14:00:00,825.45,825.45,26.17,3.22,59.94,0.0,395.91
2025,3,27,15,2025-03-27 15:00:00,676.24,676.24,25.52,2.74,55.78,0.0,323.82
2025,3,27,16,2025-03-27 16:00:00,481.8,462.34,24.6,3.63,61.67,5.39,222.56
2025,3,27,17,2025-03-27 17:00:00,255.36,255.36,24.68,3.86,59.74,0.0,117.97
2025,3,27,18,2025-03-27 18:00:00,12.36,12.36,23.97,2.12,63.74,0.0,5.8
2025,3,27,19,2025-03-27 19:00:00,0.0,0.0,21.63,2.78,63.34,2.8,0.0
2025,3,27,20,2025-03-27 20:00:00,0.0,0.0,20.71,3.91,62.09,0.0,0.0
2025,3,27,21,2025-03-27 21:00:00,0.0,0.0,19.8,2.54,64.35,7.34,0.0
2025,3,27,22,2025-03-27 22:00:00,0.0,0.0,18.23,3.08,64.09,15.2,0.0
2025,3,27,23,2025-03-27 23:00:00,0.0,0.0,18.34,2.3,69.11,5.89,0.0
2025,3,28,0,2025-03-28 00:00:00,0.0,0.0,17.57,5.07,73.98,0.0,0.0
2025,3,28,1,2025-03-28 01:00:00,0.0,0.0,16.07,3.24,73.1,3.93,0.0
2025,3,28,2,2025-03-28 02:00:00,0.0,0.0,15.21,4.68,73.24,5.36,0.0
2025,3,28,3,2025-03-28 03:00:00,0.0,0.0,14.4,2.97,71.68,0.0,0.0
2025,3,28,4,2025-03-28 04:00:00,0.0,0.0,13.6,4.67,73.29,0.0,0.0
2025,3,28,5,2025-03-28 05:00:00,0.0,0.0,15.33,5.18,67.66,10.41,0.0
2025,3,28,6,2025-03-28 06:00:00,14.81,13.17,17.19,3.68,70.31,14.8,12.04
2025,3,28,7,2025-03-28 07:00:00,257.61,257.61,17.27,6.28,73.4,0.0,133.88
2025,3,28,8,2025-03-28 08:00:00,483.86,483.86,16.95,5.48,60.42,0.0,238.3
2025,3,28,9,2025-03-28 09:00:00,678.14,678.14,20.92,3.64,65.68,0.0,327.46
2025,3,28,10,2025-03-28 10:00:00,827.22,743.77,21.0,5.2,64.14,13.45,365.39
2025,3,28,11,2025-03-28 11:00:00,920.94,840.05,21.87,4.36,59.65,11.71,407.45
2025,3,28,12,2025-03-28 12:00:00,952.9,940.38,23.7,4.92,65.92,1.75,454.8
2025,3,28,13,2025-03-28 13:00:00,920.94,920.94,25.23,4.4,61.62,0.0,439.75
2025,3,28,14,2025-03-28 14:00:00,827.22,827.22,25.94,1.96,61.46,0.0,394.48
2025,3,28,15,2025-03-28 15:00:00,678.14,678.14,25.65,1.7,59.73,0.0,323.29
2025,3,28,16,2025-03-28 16:00:00,483.86,483.86,23.61,3.08,58.04,0.0,230.48
2025,3,28,17,2025-03-28 17:00:00,257.61,257.61,25.7,2.87,60.38,0.0,118.06
2025,3,28,18,2025-03-28 18:00:00,14.81,14.25,23.2,3.1,66.73,5.04,5.29
2025,3,28,19,2025-03-28 19:00:00,0.0,0.0,22.18,1.86,61.08,8.17,0.0
2025,3,28,20,2025-03-28 20:00:00,0.0,0.0,20.86,3.09,66.49,0.0,0.0
2025,3,28,21,2025-03-28 21:00:00,0.0,0.0,20.96,1.6,67.55,0.0,0.0
2025,3,28,22,2025-03-28 22:00:00,0.0,0.0,19.1,3.32,68.52,0.0,0.0
2025,3,28,23,2025-03-28 23:00:00,0.0,0.0,18.96,4.28,69.81,0.0,0.0
2025,3,29,0,2025-03-29 00:00:00,0.0,0.0,15.98,3.47,70.28,6.49,0.0
2025,3,29,1,2025-03-29 01:00:00,0.0,0.0,16.69,4.21,73.03,0.0,0.0
2025,3,29,2,2025-03-29 02:00:00,0.0,0.0,14.79,4.48,69.4,0.0,0.0
2025,3,29,3,2025-03-29 03:00:00,0.0,0.0,15.46,4.14,70.35,0.48,0.0
2025,3,29,4,2025-03-29 04:00:00,0.0,0.0,15.75,4.75,72.49,0.82,0.0
2025,3,29,5,2025-03-29 05:00:00,0.0,0.0,15.49,3.78,66.91,0.0,0.0
2025,3,29,6,2025-03-29 06:00:00,17.25,17.25,15.57,5.3,68.68,0.0,9.14
2025,3,29,7,2025-03-29 07:00:00,259.84,245.43,18.57,3.57,73.35,7.39,120.65
2025,3,29,8,2025-03-29 08:00:00,485.89,440.24,18.79,3.97,65.92,12.52,218.48
2025,3,29,9,2025-03-29 09:00:00,680.0,680.0,21.15,5.08,66.38,0.0,330.34
2025,3,29,10,2025-03-29 10:00:00,828.95,828.95,20.94,3.11,62.11,0.0,410.85
2025,3,29,11,2025-03-29 11:00:00,922.58,904.07,23.08,4.29,66.7,2.67,437.91
2025,3,29,12,2025-03-29 12:00:00,954.52,954.52,24.98,2.56,58.12,0.0,459.62
2025,3,29,13,2025-03-29 13:00:00,922.58,922.58,22.72,3.1,56.86,0.0,452.47
2025,3,29,14,2025-03-29 14:00:00,828.95,797.79,25.41,2.88,54.33,5.01,383.48
2025,3,29,15,2025-03-29 15:00:00,680.0,680.0,24.67,3.1,57.36,0.0,326.45
2025,3,29,16,2025-03-29 16:00:00,485.89,449.29,26.82,3.88,58.54,10.04,207.23
2025,3,29,17,2025-03-29 17:00:00,259.84,259.84,24.46,2.7,60.17,0.0,126.51
2025,3,29,18,2025-03-29 18:00:00,17.25,17.25,23.72,1.03,54.68,0.0,10.85
2025,3,29,19,2025-03-29 19:00:00,0.0,0.0,22.64,2.72,61.62,1.95,0.0
2025,3,29,20,2025-03-29 20:00:00,0.0,0.0,20.74,2.98,63.94,0.0,0.0
2025,3,29,21,2025-03-29 21:00:00,0.0,0.0,19.67,1.81,64.18,0.0,0.0
2025,3,29,22,2025-03-29 22:00:00,0.0,0.0,17.71,3.4,64.45,0.0,0.0
2025,3,29,23,2025-03-29 23:00:00,0.0,0.0,17.37,3.37,65.52,0.0,0.0
2025,3,30,0,2025-03-30 00:00:00,0.0,0.0,16.83,3.64,65.75,0.0,0.0
2025,3,30,1,2025-03-30 01:00:00,0.0,0.0,16.19,3.44,67.63,11.8,0.0
2025,3,30,2,2025-03-30 02:00:00,0.0,0.0,14.02,4.58,71.82,11.55,0.0
2025,3,30,3,2025-03-30 03:00:00,0.0,0.0,14.3,4.58,70.49,2.71,0.0
2025,3,30,4,2025-03-30 04:00:00,0.0,0.0,16.09,4.01,63.39,0.0,0.0
2025,3,30,5,2025-03-30 05:00:00,0.0,0.0,17.58,5.17,72.93,0.0,0.0
2025,3,30,6,2025-03-30 06:00:00,19.69,19.69,18.56,5.14,66.08,0.0,16.65
2025,3,30,7,2025-03-30 07:00:00,262.05,262.05,18.58,4.16,69.86,0.0,139.21
2025,3,30,8,2025-03-30 08:00:00,487.89,487.89,19.01,4.73,64.66,0.0,239.45
2025,3,30,9,2025-03-30 09:00:00,681.82,639.46,20.68,3.68,71.35,8.28,311.32
2025,3,30,10,2025-03-30 10:00:00,830.63,830.63,22.95,4.54,69.09,0.0,404.06
2025,3,30,11,2025-03-30 11:00:00,924.17,840.93,23.39,3.81,62.17,12.01,410.44
2025,3,30,12,2025-03-30 12:00:00,956.08,956.08,23.57,4.37,61.19,0.0,461.61
2025,3,30,13,2025-03-30 13:00:00,924.17,924.17,25.36,1.66,59.47,0.0,439.59
2025,3,30,14,2025-03-30 14:00:00,830.63,830.63,27.14,2.72,60.21,0.0,400.15
2025,3,30,15,2025-03-30 15:00:00,681.82,633.41,23.85,3.67,60.29,9.47,308.68
2025,3,30,16,2025-03-30 16:00:00,487.89,486.47,24.52,1.81,56.25,0.39,237.07
2025,3,30,17,2025-03-30 17:00:00,262.05,262.05,23.63,3.27,60.24,0.0,125.82
2025,3,30,18,2025-03-30 18:00:00,19.69,19.34,23.52,2.06,55.71,2.41,11.98
2025,3,30,19,2025-03-30 19:00:00,0.0,0.0,22.61,3.64,63.55,15.79,0.0
2025,3,30,20,2025-03-30 20:00:00,0.0,0.0,21.8,2.21,58.63,2.71,0.0
2025,3,30,21,2025-03-30 21:00:00,0.0,0.0,20.92,2.69,62.69,0.0,0.0
2025,3,30,22,2025-03-30 22:00:00,0.0,0.0,19.02,2.89,68.4,0.0,0.0
2025,3,30,23,2025-03-30 23:00:00,0.0,0.0,18.03,3.66,70.68,0.0,0.0
2025,3,31,0,2025-03-31 00:00:00,0.0,0.0,16.82,3.71,72.04,4.81,0.0
2025,3,31,1,2025-03-31 01:00:00,0.0,0.0,15.69,3.91,71.91,2.87,0.0
2025,3,31,2,2025-03-31 02:00:00,0.0,0.0,13.93,4.15,74.07,10.21,0.0
2025,3,31,3,2025-03-31 03:00:00,0.0,0.0,15.73,4.27,71.94,10.9,0.0
2025,3,31,4,2025-03-31 04:00:00,0.0,0.0,15.36,3.86,69.23,0.0,0.0
2025,3,31,5,2025-03-31 05:00:00,0.0,0.0,15.6,4.74,69.67,0.0,0.0
2025,3,31,6,2025-03-31 06:00:00,22.12,22.12,18.74,4.48,66.69,0.0,15.2
2025,3,31,7,2025-03-31 07:00:00,264.24,258.29,19.64,4.85,65.1,3.0,122.18
2025,3,31,8,2025-03-31 08:00:00,489.85,435.08,19.97,4.11,66.65,14.91,213.37
2025,3,31,9,2025-03-31 09:00:00,683.59,677.96,20.18,3.83,67.43,1.1,334.91
2025,3,31,10,2025-03-31 10:00:00,832.26,832.26,21.87,5.39,64.09,0.0,409.69
2025,3,31,11,2025-03-31 11:00:00,925.71,924.47,23.33,4.64,63.8,0.18,445.75
2025,3,31,12,2025-03-31 12:00:00,957.59,957.59,24.67,4.42,60.94,0.0,461.85
2025,3,31,13,2025-03-31 13:00:00,925.71,901.85,24.34,4.71,58.21,3.44,433.51
2025,3,31,14,2025-03-31 14:00:00,832.26,832.26,24.45,2.06,57.99,0.0,398.76
2025,3,31,15,2025-03-31 15:00:00,683.59,683.59,25.27,2.13,52.99,0.0,324.38
2025,3,31,16,2025-03-31 16:00:00,489.85,489.85,26.05,1.41,62.07,0.0,239.63
2025,3,31,17,2025-03-31 17:00:00,264.24,239.7,25.07,2.23,55.23,12.38,112.01
2025,3,31,18,2025-03-31 18:00:00,22.12,21.97,22.52,2.76,61.56,0.92,10.83
2025,3,31,19,2025-03-31 19:00:00,0.0,0.0,22.84,2.41,62.37,0.0,0.0
2025,3,31,20,2025-03-31 20:00:00,0.0,0.0,23.33,2.95,65.13,0.0,0.0
2025,3,31,21,2025-03-31 21:00:00,0.0,0.0,19.53,2.03,70.29,0.0,0.0
2025,3,31,22,2025-03-31 22:00:00,0.0,0.0,19.4,4.11,66.68,0.0,0.0
2025,3,31,23,2025-03-31 23:00:00,0.0,0.0,17.99,5.07,67.56,7.23,0.0
2025,4,1,0,2025-04-01 00:00:00,0.0,0.0,16.99,3.4,67.29,0.0,0.0
2025,4,1,1,2025-04-01 01:00:00,0.0,0.0,17.88,1.82,71.93,0.0,0.0
2025,4,1,2,2025-04-01 02:00:00,0.0,0.0,15.58,4.81,72.42,0.0,0.0
2025,4,1,3,2025-04-01 03:00:00,0.0,0.0,15.55,4.3,65.39,0.0,0.0
2025,4,1,4,2025-04-01 04:00:00,0.0,0.0,15.58,4.04,72.54,0.0,0.0
2025,4,1,5,2025-04-01 05:00:00,0.0,0.0,17.36,4.66,70.78,0.24,0.0
2025,4,1,6,2025-04-01 06:00:00,24.54,24.54,19.56,4.71,70.68,0.0,16.63
2025,4,1,7,2025-04-01 07:00:00,266.4,241.62,19.11,4.67,69.19,12.41,118.66
2025,4,1,8,2025-04-01 08:00:00,491.79,477.19,19.13,3.0,65.18,3.96,233.08
2025,4,1,9,2025-04-01 09:00:00,685.33,666.79,20.43,4.6,68.08,3.61,325.75
2025,4,1,10,2025-04-01 10:00:00,833.84,785.27,21.95,3.72,66.22,7.77,376.48
2025,4,1,11,2025-04-01 11:00:00,927.2,889.7,23.01,3.74,60.38,5.39,428.41
2025,4,1,12,2025-04-01 12:00:00,959.04,892.22,25.14,2.56,63.59,9.29,432.4
2025,4,1,13,2025-04-01 13:00:00,927.2,927.2,24.67,2.85,67.7,0.0,451.51
2025,4,1,14,2025-04-01 14:00:00,833.84,833.84,24.83,2.54,57.16,0.0,399.61
2025,4,1,15,2025-04-01 15:00:00,685.33,685.33,25.11,3.63,62.48,0.0,332.14
2025,4,1,16,2025-04-01 16:00:00,491.79,489.31,25.45,1.69,59.78,0.67,232.65
2025,4,1,17,2025-04-01 17:00:00,266.4,263.66,24.3,3.86,63.26,1.37,128.29
2025,4,1,18,2025-04-01 18:00:00,24.54,24.54,24.63,2.44,62.36,0.0,9.65
2025,4,1,19,2025-04-01 19:00:00,0.0,0.0,23.72,2.15,62.22,0.0,0.0
2025,4,1,20,2025-04-01 20:00:00,0.0,0.0,22.21,2.56,58.74,0.0,0.0
2025,4,1,21,2025-04-01 21:00:00,0.0,0.0,19.9,2.09,62.95,0.0,0.0
2025,4,1,22,2025-04-01 22:00:00,0.0,0.0,19.62,3.21,62.14,0.0,0.0
2025,4,1,23,2025-04-01 23:00:00,0.0,0.0,18.89,3.21,68.22,2.51,0.0
2025,4,2,0,2025-04-02 00:00:00,0.0,0.0,16.29,3.5,68.72,0.0,0.0
2025,4,2,1,2025-04-02 01:00:00,0.0,0.0,16.5,3.94,65.96,0.0,0.0
2025,4,2,2,2025-04-02 02:00:00,0.0,0.0,16.73,5.69,65.19,4.01,0.0
2025,4,2,3,2025-04-02 03:00:00,0.0,0.0,14.39,4.53,70.81,0.0,0.0
2025,4,2,4,2025-04-02 04:00:00,0.0,0.0,16.15,4.34,64.89,0.0,0.0
2025,4,2,5,2025-04-02 05:00:00,0.0,0.0,16.22,3.36,72.64,6.19,0.0
2025,4,2,6,2025-04-02 06:00:00,26.94,25.06,17.3,5.24,68.65,9.31,18.85
2025,4,2,7,2025-04-02 07:00:00,268.55,268.55,17.29,4.71,68.55,0.0,123.04
2025,4,2,8,2025-04-02 08:00:00,493.69,450.37,20.09,3.71,65.37,11.7,217.38
2025,4,2,9,2025-04-02 09:00:00,687.02,687.02,19.86,5.16,60.61,0.0,331.25
2025,4,2,10,2025-04-02 10:00:00,835.37,835.37,22.48,5.04,64.63,0.0,404.75
2025,4,2,11,2025-04-02 11:00:00,928.63,928.63,23.43,5.65,61.54,0.0,443.49
2025,4,2,12,2025-04-02 12:00:00,960.44,876.63,24.5,3.34,61.63,11.63,422.07
2025,4,2,13,2025-04-02 13:00:00,928.63,928.63,24.85,1.71,64.69,0.0,444.19
2025,4,2,14,2025-04-02 14:00:00,835.37,826.51,26.1,1.99,55.74,1.42,392.46
2025,4,2,15,2025-04-02 15:00:00,687.02,628.94,25.03,2.26,67.4,11.27,294.09
2025,4,2,16,2025-04-02 16:00:00,493.69,493.69,26.75,2.37,55.23,0.0,235.78
2025,4,2,17,2025-04-02 17:00:00,268.55,249.27,25.01,2.28,58.69,9.57,122.57
2025,4,2,18,2025-04-02 18:00:00,26.94,26.94,24.89,2.91,59.36,0.0,14.31
2025,4,2,19,2025-04-02 19:00:00,0.0,0.0,24.35,1.66,60.0,8.05,0.0
2025,4,2,20,2025-04-02 20:00:00,0.0,0.0,22.07,0.53,64.46,0.0,0.0
2025,4,2,21,2025-04-02 21:00:00,0.0,0.0,21.81,2.49,62.98,13.76,0.0
2025,4,2,22,2025-04-02 22:00:00,0.0,0.0,19.87,2.27,67.15,0.0,0.0
2025,4,2,23,2025-04-02 23:00:00,0.0,0.0,19.43,2.85,62.33,11.25,0.0
2025,4,3,0,2025-04-03 00:00:00,0.0,0.0,18.22,3.26,69.9,7.51,0.0
2025,4,3,1,2025-04-03 01:00:00,0.0,0.0,17.75,4.56,68.05,9.2,0.0
2025,4,3,2,2025-04-03 02:00:00,0.0,0.0,15.84,3.15,72.59,0.0,0.0
2025,4,3,3,2025-04-03 03:00:00,0.0,0.0,15.4,3.98,67.43,0.91,0.0
2025,4,3,4,2025-04-03 04:00:00,0.0,0.0,15.66,4.87,76.17,0.0,0.0
2025,4,3,5,2025-04-03 05:00:00,0.0,0.0,16.08,6.23,70.88,0.0,0.0
2025,4,3,6,2025-04-03 06:00:00,29.33,29.33,18.4,4.28,68.65,0.0,11.86
2025,4,3,7,2025-04-03 07:00:00,270.67,270.67,17.86,5.81,72.36,0.0,130.53
2025,4,3,8,2025-04-03 08:00:00,495.56,495.56,18.95,4.61,67.94,0.0,246.26
2025,4,3,9,2025-04-03 09:00:00,688.67,647.76,21.8,4.89,59.85,7.92,314.88
2025,4,3,10,2025-04-03 10:00:00,836.86,797.86,21.04,4.0,70.73,6.21,389.82
2025,4,3,11,2025-04-03 11:00:00,930.01,930.01,22.36,4.69,60.47,0.0,451.75
2025,4,3,12,2025-04-03 12:00:00,961.78,895.86,24.88,2.17,55.49,9.14,424.98
2025,4,3,13,2025-04-03 13:00:00,930.01,930.01,24.06,4.16,59.03,0.0,446.32
2025,4,3,14,2025-04-03 14:00:00,836.86,778.81,25.63,2.71,53.5,9.25,374.04
2025,4,3,15,2025-04-03 15:00:00,688.67,669.06,27.14,3.07,65.45,3.8,311.1
2025,4,3,16,2025-04-03 16:00:00,495.56,464.17,26.37,1.47,57.43,8.44,220.18
2025,4,3,17,2025-04-03 17:00:00,270.67,257.24,25.39,2.19,57.12,6.61,121.34
2025,4,3,18,2025-04-03 18:00:00,29.33,29.1,22.88,1.13,64.5,1.09,12.75
2025,4,3,19,2025-04-03 19:00:00,0.0,0.0,23.58,3.54,64.25,0.0,0.0
2025,4,3,20,2025-04-03 20:00:00,0.0,0.0,22.74,1.73,63.39,0.0,0.0
2025,4,3,21,2025-04-03 21:00:00,0.0,0.0,21.55,2.3,62.87,0.0,0.0
2025,4,3,22,2025-04-03 22:00:00,0.0,0.0,19.65,3.95,69.65,12.26,0.0
2025,4,3,23,2025-04-03 23:00:00,0.0,0.0,18.12,2.4,66.39,0.0,0.0
2025,4,4,0,2025-04-04 00:00:00,0.0,0.0,17.36,2.64,66.17,0.0,0.0
2025,4,4,1,2025-04-04 01:00:00,0.0,0.0,17.62,3.15,70.63,0.0,0.0
2025,4,4,2,2025-04-04 02:00:00,0.0,0.0,15.96,3.85,71.7,0.0,0.0
2025,4,4,3,2025-04-04 03:00:00,0.0,0.0,14.66,4.61,70.52,0.0,0.0
2025,4,4,4,2025-04-04 04:00:00,0.0,0.0,16.28,5.54,63.0,0.0,0.0
2025,4,4,5,2025-04-04 05:00:00,0.0,0.0,16.59,5.9,75.0,9.68,0.0
2025,4,4,6,2025-04-04 06:00:00,31.72,31.72,19.38,6.31,68.14,0.0,18.37
2025,4,4,7,2025-04-04 07:00:00,272.77,269.8,19.38,6.25,72.05,1.45,133.17
2025,4,4,8,2025-04-04 08:00:00,497.39,497.39,21.53,4.48,70.64,0.0,242.92
2025,4,4,9,2025-04-04 09:00:00,690.28,690.28,20.58,5.61,67.42,0.0,340.4
2025,4,4,10,2025-04-04 10:00:00,838.29,838.29,22.35,4.55,66.55,0.0,405.58
2025,4,4,11,2025-04-04 11:00:00,931.33,860.39,23.47,3.85,60.51,10.16,417.06
2025,4,4,12,2025-04-04 12:00:00,963.07,963.07,24.62,3.81,63.7,0.0,462.41
2025,4,4,13,2025-04-04 13:00:00,931.33,863.34,25.54,2.74,63.47,9.74,415.3
2025,4,4,14,2025-04-04 14:00:00,838.29,837.89,25.97,3.24,63.57,0.06,396.85
2025,4,4,15,2025-04-04 15:00:00,690.28,690.28,26.1,2.28,59.64,0.0,328.7
2025,4,4,16,2025-04-04 16:00:00,497.39,448.48,26.8,0.5,61.83,13.11,213.43
2025,4,4,17,2025-04-04 17:00:00,272.77,272.77,24.25,1.45,60.92,0.0,130.35
2025,4,4,18,2025-04-04 18:00:00,31.72,29.93,24.56,2.53,60.07,7.49,9.39
2025,4,4,19,2025-04-04 19:00:00,0.0,0.0,23.23,3.66,61.25,7.55,0.0
2025,4,4,20,2025-04-04 20:00:00,0.0,0.0,22.06,1.96,64.98,0.0,0.0
2025,4,4,21,2025-04-04 21:00:00,0.0,0.0,20.51,2.35,66.77,0.0,0.0
2025,4,4,22,2025-04-04 22:00:00,0.0,0.0,19.32,3.83,67.36,2.99,0.0
2025,4,4,23,2025-04-04 23:00:00,0.0,0.0,18.51,2.54,66.84,0.0,0.0
2025,4,5,0,2025-04-05 00:00:00,0.0,0.0,16.32,3.14,71.61,0.0,0.0
2025,4,5,1,2025-04-05 01:00:00,0.0,0.0,16.97,3.77,69.21,0.0,0.0
2025,4,5,2,2025-04-05 02:00:00,0.0,0.0,17.65,4.33,72.36,0.0,0.0
2025,4,5,3,2025-04-05 03:00:00,0.0,0.0,16.86,5.48,72.83,8.52,0.0
2025,4,5,4,2025-04-05 04:00:00,0.0,0.0,15.71,5.12,68.11,7.69,0.0
2025,4,5,5,2025-04-05 05:00:00,0.0,0.0,17.67,3.99,73.44,0.0,0.0
2025,4,5,6,2025-04-05 06:00:00,34.08,33.56,18.16,5.37,70.25,2.03,17.14
2025,4,5,7,2025-04-05 07:00:00,274.84,257.7,18.79,4.39,69.57,8.32,127.71
2025,4,5,8,2025-04-05 08:00:00,499.19,499.19,19.27,4.71,63.48,0.0,244.16
2025,4,5,9,2025-04-05 09:00:00,691.85,691.85,20.57,3.14,63.4,0.0,339.89
2025,4,5,10,2025-04-05 10:00:00,839.68,839.68,24.34,4.05,62.95,0.0,403.84
2025,4,5,11,2025-04-05 11:00:00,932.61,932.61,23.75,2.66,63.03,0.0,451.81
2025,4,5,12,2025-04-05 12:00:00,964.3,964.3,22.94,3.83,58.55,0.0,463.88
2025,4,5,13,2025-04-05 13:00:00,932.61,829.3,26.94,4.54,55.72,14.77,394.06
2025,4,5,14,2025-04-05 14:00:00,839.68,839.68,24.7,2.69,59.5,0.0,399.39
2025,4,5,15,2025-04-05 15:00:00,691.85,691.85,25.99,1.72,64.55,0.0,331.14
2025,4,5,16,2025-04-05 16:00:00,499.19,499.19,26.34,2.24,59.33,0.0,236.48
2025,4,5,17,2025-04-05 17:00:00,274.84,253.3,23.65,1.45,61.78,10.45,118.58
2025,4,5,18,2025-04-05 18:00:00,34.08,34.08,25.12,3.15,62.53,0.0,18.47
2025,4,5,19,2025-04-05 19:00:00,0.0,0.0,23.21,1.79,68.7,0.0,0.0
2025,4,5,20,2025-04-05 20:00:00,0.0,0.0,22.41,2.48,66.28,2.53,0.0
2025,4,5,21,2025-04-05 21:00:00,0.0,0.0,21.59,0.5,65.4,0.0,0.0
2025,4,5,22,2025-04-05 22:00:00,0.0,0.0,19.8,3.09,65.22,2.93,0.0
2025,4,5,23,2025-04-05 23:00:00,0.0,0.0,19.32,3.68,64.92,0.0,0.0
2025,4,6,0,2025-04-06 00:00:00,0.0,0.0,17.99,4.14,71.48,0.0,0.0
2025,4,6,1,2025-04-06 01:00:00,0.0,0.0,17.72,4.68,68.43,0.0,0.0
2025,4,6,2,2025-04-06 02:00:00,0.0,0.0,17.17,4.55,70.19,0.0,0.0
2025,4,6,3,2025-04-06 03:00:00,0.0,0.0,17.2,5.68,71.59,0.0,0.0
2025,4,6,4,2025-04-06 04:00:00,0.0,0.0,16.85,3.53,71.28,8.26,0.0
2025,4,6,5,2025-04-06 05:00:00,0.0,0.0,16.64,3.61,68.93,0.0,0.0
2025,4,6,6,2025-04-06 06:00:00,36.44,36.44,16.51,4.74,72.63,0.0,18.82
2025,4,6,7,2025-04-06 07:00:00,276.89,276.89,19.84,5.53,70.27,0.0,134.91
2025,4,6,8,2025-04-06 08:00:00,500.96,500.96,19.76,4.0,65.76,0.0,242.9
2025,4,6,9,2025-04-06 09:00:00,693.37,629.86,21.34,5.1,62.67,12.21,307.02
2025,4,6,10,2025-04-06 10:00:00,841.02,746.31,22.38,5.46,64.12,15.02,358.01
2025,4,6,11,2025-04-06 11:00:00,933.83,933.83,24.39,4.42,57.13,0.0,452.55
2025,4,6,12,2025-04-06 12:00:00,965.49,865.31,23.83,4.74,61.06,13.83,418.22
2025,4,6,13,2025-04-06 13:00:00,933.83,853.68,25.3,1.86,61.52,11.44,412.74
2025,4,6,14,2025-04-06 14:00:00,841.02,841.02,26.09,2.51,58.67,0.0,404.32
2025,4,6,15,2025-04-06 15:00:00,693.37,693.37,26.36,2.78,60.3,0.0,328.41
2025,4,6,16,2025-04-06 16:00:00,500.96,500.96,27.03,3.11,58.12,0.0,237.99
2025,4,6,17,2025-04-06 17:00:00,276.89,276.89,26.94,2.19,58.04,0.0,139.47
2025,4,6,18,2025-04-06 18:00:00,36.44,34.31,24.83,2.31,62.99,7.76,25.46
2025,4,6,19,2025-04-06 19:00:00,0.0,0.0,24.61,1.67,59.77,14.45,0.0
2025,4,6,20,2025-04-06 20:00:00,0.0,0.0,22.99,1.76,62.43,13.15,0.0
2025,4,6,21,2025-04-06 21:00:00,0.0,0.0,20.02,3.67,68.02,0.0,0.0
2025,4,6,22,2025-04-06 22:00:00,0.0,0.0,20.51,2.29,61.97,11.18,0.0
2025,4,6,23,2025-04-06 23:00:00,0.0,0.0,18.06,2.67,68.22,0.0,0.0
2025,4,7,0,2025-04-07 00:00:00,0.0,0.0,17.58,4.75,68.56,0.0,0.0
2025,4,7,1,2025-04-07 01:00:00,0.0,0.0,17.69,4.87,68.91,0.84,0.0
2025,4,7,2,2025-04-07 02:00:00,0.0,0.0,16.77,5.4,72.38,0.0,0.0
2025,4,7,3,2025-04-07 03:00:00,0.0,0.0,16.54,3.87,71.49,11.05,0.0
2025,4,7,4,2025-04-07 04:00:00,0.0,0.0,16.35,5.52,67.62,0.0,0.0
2025,4,7,5,2025-04-07 05:00:00,0.0,0.0,17.8,5.08,64.57,0.0,0.0
2025,4,7,6,2025-04-07 06:00:00,38.77,34.63,17.57,6.0,67.6,14.26,16.08
2025,4,7,7,2025-04-07 07:00:00,278.92,278.92,19.11,4.57,66.85,0.0,138.74
2025,4,7,8,2025-04-07 08:00:00,502.69,502.69,20.68,4.79,71.67,0.0,247.64
2025,4,7,9,2025-04-07 09:00:00,694.86,663.77,20.77,3.79,61.74,5.97,327.41
2025,4,7,10,2025-04-07 10:00:00,842.31,842.31,23.46,3.12,61.73,0.0,408.21
2025,4,7,11,2025-04-07 11:00:00,935.0,935.0,23.32,3.38,58.45,0.0,451.18
2025,4,7,12,2025-04-07 12:00:00,966.61,859.72,25.17,4.67,60.24,14.74,407.89
2025,4,7,13,2025-04-07 13:00:00,935.0,935.0,26.87,2.63,62.5,0.0,446.65
2025,4,7,14,2025-04-07 14:00:00,842.31,821.92,25.2,4.38,53.35,3.23,393.17
2025,4,7,15,2025-04-07 15:00:00,694.86,694.86,26.26,3.18,58.49,0.0,338.16
2025,4,7,16,2025-04-07 16:00:00,502.69,502.69,26.68,3.37,64.72,0.0,228.82
2025,4,7,17,2025-04-07 17:00:00,278.92,273.67,24.9,2.25,62.69,2.51,131.02
2025,4,7,18,2025-04-07 18:00:00,38.77,38.01,24.93,2.71,63.76,2.62,15.92
2025,4,7,19,2025-04-07 19:00:00,0.0,0.0,24.3,2.05,64.8,9.37,0.0
2025,4,7,20,2025-04-07 20:00:00,0.0,0.0,21.33,2.36,62.61,0.0,0.0
2025,4,7,21,2025-04-07 21:00:00,0.0,0.0,22.39,3.31,66.65,0.0,0.0
2025,4,7,22,2025-04-07 22:00:00,0.0,0.0,19.97,3.51,65.82,0.0,0.0
2025,4,7,23,2025-04-07 23:00:00,0.0,0.0,17.56,3.58,73.33,0.0,0.0
2025,4,8,0,2025-04-08 00:00:00,0.0,0.0,17.26,3.49,74.81,0.0,0.0
2025,4,8,1,2025-04-08 01:00:00,0.0,0.0,17.75,4.2,68.43,8.91,0.0
2025,4,8,2,2025-04-08 02:00:00,0.0,0.0,17.12,4.5,72.0,0.0,0.0
2025,4,8,3,2025-04-08 03:00:00,0.0,0.0,17.61,4.86,70.62,2.93,0.0
2025,4,8,4,2025-04-08 04:00:00,0.0,0.0,16.52,6.06,68.84,0.0,0.0
2025,4,8,5,2025-04-08 05:00:00,0.0,0.0,18.08,6.83,61.89,14.96,0.0
2025,4,8,6,2025-04-08 06:00:00,41.1,41.1,17.43,4.76,71.21,0.0,14.13
2025,4,8,7,2025-04-08 07:00:00,280.91,280.91,19.36,4.49,68.39,0.0,141.87
2025,4,8,8,2025-04-08 08:00:00,504.39,477.94,20.07,4.49,71.15,6.99,238.01
2025,4,8,9,2025-04-08 09:00:00,696.29,647.26,21.9,5.34,64.71,9.39,313.64
2025,4,8,10,2025-04-08 10:00:00,843.55,843.55,23.45,4.1,65.75,0.0,400.63
2025,4,8,11,2025-04-08 11:00:00,936.11,936.11,23.86,3.37,58.81,0.0,449.38
2025,4,8,12,2025-04-08 12:00:00,967.69,967.69,26.41,4.25,60.6,0.0,462.44
2025,4,8,13,2025-04-08 13:00:00,936.11,917.03,26.93,4.69,63.51,2.72,435.03
2025,4,8,14,2025-04-08 14:00:00,843.55,843.55,26.86,3.54,60.67,0.0,399.25
2025,4,8,15,2025-04-08 15:00:00,696.29,696.29,27.29,4.16,61.33,0.0,331.2
2025,4,8,16,2025-04-08 16:00:00,504.39,504.39,26.03,2.38,59.92,0.0,236.44
2025,4,8,17,2025-04-08 17:00:00,280.91,273.93,25.81,1.82,58.76,3.31,128.51
2025,4,8,18,2025-04-08 18:00:00,41.1,41.1,26.57,3.48,57.4,0.0,18.44
2025,4,8,19,2025-04-08 19:00:00,0.0,0.0,25.17,0.92,67.5,5.61,0.0
2025,4,8,20,2025-04-08 20:00:00,0.0,0.0,22.39,2.53,60.27,0.0,0.0
2025,4,8,21,2025-04-08 21:00:00,0.0,0.0,21.15,1.86,58.47,15.0,0.0
2025,4,8,22,2025-04-08 22:00:00,0.0,0.0,19.4,2.17,65.61,0.0,0.0
2025,4,8,23,2025-04-08 23:00:00,0.0,0.0,18.55,3.07,64.07,0.0,0.0
2025,4,9,0,2025-04-09 00:00:00,0.0,0.0,18.96,4.0,68.16,15.12,0.0
2025,4,9,1,2025-04-09 01:00:00,0.0,0.0,17.48,4.11,67.8,10.68,0.0
2025,4,9,2,2025-04-09 02:00:00,0.0,0.0,17.68,4.37,70.93,7.32,0.0
2025,4,9,3,2025-04-09 03:00:00,0.0,0.0,16.97,3.71,73.03,4.26,0.0
2025,4,9,4,2025-04-09 04:00:00,0.0,0.0,17.35,3.49,72.05,9.74,0.0
2025,4,9,5,2025-04-09 05:00:00,0.0,0.0,17.72,7.36,68.02,0.0,0.0
2025,4,9,6,2025-04-09 06:00:00,43.4,39.12,17.77,4.82,68.91,13.14,24.45
2025,4,9,7,2025-04-09 07:00:00,282.89,282.89,19.45,4.44,66.63,0.0,143.5
2025,4,9,8,2025-04-09 08:00:00,506.05,505.63,20.94,4.98,70.32,0.11,241.98
2025,4,9,9,2025-04-09 09:00:00,697.69,683.6,22.45,4.39,69.27,2.69,333.68
2025,4,9,10,2025-04-09 10:00:00,844.74,818.0,22.96,4.71,61.01,4.22,399.29
2025,4,9,11,2025-04-09 11:00:00,937.18,937.18,23.67,3.63,62.29,0.0,454.51
2025,4,9,12,2025-04-09 12:00:00,968.71,925.95,26.97,2.48,58.55,5.88,436.92
2025,4,9,13,2025-04-09 13:00:00,937.18,937.18,26.38,2.3,59.04,0.0,441.47
2025,4,9,14,2025-04-09 14:00:00,844.74,768.75,29.17,2.82,58.49,11.99,358.37
2025,4,9,15,2025-04-09 15:00:00,697.69,620.78,25.72,2.49,54.74,14.7,296.56
2025,4,9,16,2025-04-09 16:00:00,506.05,480.96,26.1,1.44,61.55,6.61,226.03
2025,4,9,17,2025-04-09 17:00:00,282.89,256.56,25.09,2.76,61.04,12.41,114.74
2025,4,9,18,2025-04-09 18:00:00,43.4,39.26,25.18,1.72,60.86,12.72,18.31
2025,4,9,19,2025-04-09 19:00:00,0.0,0.0,23.85,2.64,58.76,0.0,0.0
2025,4,9,20,2025-04-09 20:00:00,0.0,0.0,23.3,3.56,62.35,0.0,0.0
2025,4,9,21,2025-04-09 21:00:00,0.0,0.0,21.35,2.97,58.92,0.0,0.0
2025,4,9,22,2025-04-09 22:00:00,0.0,0.0,20.16,3.71,66.63,0.0,0.0
2025,4,9,23,2025-04-09 23:00:00,0.0,0.0,19.51,3.0,69.83,0.0,0.0
2025,4,10,0,2025-04-10 00:00:00,0.0,0.0,18.45,3.98,65.37,0.0,0.0
2025,4,10,1,2025-04-10 01:00:00,0.0,0.0,17.45,2.07,71.24,0.0,0.0
2025,4,10,2,2025-04-10 02:00:00,0.0,0.0,18.03,5.16,69.42,0.0,0.0
2025,4,10,3,2025-04-10 03:00:00,0.0,0.0,16.98,3.91,68.86,15.41,0.0
2025,4,10,4,2025-04-10 04:00:00,0.0,0.0,17.59,3.58,69.67,2.43,0.0
2025,4,10,5,2025-04-10 05:00:00,0.0,0.0,17.2,3.21,67.63,1.96,0.0
2025,4,10,6,2025-04-10 06:00:00,45.69,45.69,19.53,3.65,75.2,0.0,26.09
2025,4,10,7,2025-04-10 07:00:00,284.83,284.83,19.97,4.2,69.31,0.0,134.19
2025,4,10,8,2025-04-10 08:00:00,507.68,507.68,22.36,4.5,67.85,0.0,243.74
2025,4,10,9,2025-04-10 09:00:00,699.05,646.64,21.07,3.98,64.52,10.0,320.25
2025,4,10,10,2025-04-10 10:00:00,845.89,845.89,23.33,3.77,65.54,0.0,411.98
2025,4,10,11,2025-04-10 11:00:00,938.19,938.19,24.51,3.51,63.01,0.0,449.53
2025,4,10,12,2025-04-10 12:00:00,969.68,969.68,25.5,4.63,59.01,0.0,463.08
2025,4,10,13,2025-04-10 13:00:00,938.19,938.19,25.68,3.37,60.35,0.0,453.65
2025,4,10,14,2025-04-10 14:00:00,845.89,845.89,26.55,3.62,58.57,0.0,400.82
2025,4,10,15,2025-04-10 15:00:00,699.05,642.01,27.47,4.14,62.78,10.88,305.55
2025,4,10,16,2025-04-10 16:00:00,507.68,507.68,27.21,2.73,61.93,0.0,248.11
2025,4,10,17,2025-04-10 17:00:00,284.83,259.18,25.8,2.31,55.62,12.01,129.38
2025,4,10,18,2025-04-10 18:00:00,45.69,41.53,24.55,2.23,56.4,12.15,23.44
2025,4,10,19,2025-04-10 19:00:00,0.0,0.0,23.52,1.69,59.25,0.0,0.0
2025,4,10,20,2025-04-10 20:00:00,0.0,0.0,22.79,3.14,65.16,11.8,0.0
2025,4,10,21,2025-04-10 21:00:00,0.0,0.0,21.5,3.43,60.29,0.0,0.0
2025,4,10,22,2025-04-10 22:00:00,0.0,0.0,21.31,3.92,68.9,0.0,0.0
2025,4,10,23,2025-04-10 23:00:00,0.0,0.0,19.72,3.34,70.74,0.0,0.0
2025,4,11,0,2025-04-11 00:00:00,0.0,0.0,16.87,3.31,71.38,0.0,0.0
2025,4,11,1,2025-04-11 01:00:00,0.0,0.0,18.75,4.15,73.6,10.68,0.0
2025,4,11,2,2025-04-11 02:00:00,0.0,0.0,16.41,3.17,71.12,0.0,0.0
2025,4,11,3,2025-04-11 03:00:00,0.0,0.0,16.19,5.2,75.81,0.77,0.0
2025,4,11,4,2025-04-11 04:00:00,0.0,0.0,16.88,4.13,72.22,0.0,0.0
2025,4,11,5,2025-04-11 05:00:00,0.0,0.0,17.47,4.19,70.26,11.95,0.0
2025,4,11,6,2025-04-11 06:00:00,47.96,44.71,18.23,5.58,66.21,9.04,20.54
2025,4,11,7,2025-04-11 07:00:00,286.75,286.75,20.08,4.17,71.25,0.0,137.05
2025,4,11,8,2025-04-11 08:00:00,509.28,509.28,19.84,4.56,65.07,0.0,248.49
2025,4,11,9,2025-04-11 09:00:00,700.36,692.54,22.15,3.04,67.6,1.49,345.04
2025,4,11,10,2025-04-11 10:00:00,846.98,846.98,23.33,4.16,61.61,0.0,407.01
2025,4,11,11,2025-04-11 11:00:00,939.16,939.16,23.75,3.38,62.3,0.0,449.27
2025,4,11,12,2025-04-11 12:00:00,970.59,949.6,25.46,3.74,58.56,2.88,454.32
2025,4,11,13,2025-04-11 13:00:00,939.16,859.92,27.0,3.57,67.61,11.25,406.25
2025,4,11,14,2025-04-11 14:00:00,846.98,844.69,27.61,3.92,58.32,0.36,402.59
2025,4,11,15,2025-04-11 15:00:00,700.36,700.36,27.0,4.39,56.09,0.0,327.09
2025,4,11,16,2025-04-11 16:00:00,509.28,509.28,27.07,0.56,54.97,0.0,247.58
2025,4,11,17,2025-04-11 17:00:00,286.75,268.63,28.41,3.12,60.91,8.43,127.81
2025,4,11,18,2025-04-11 18:00:00,47.96,47.96,26.25,1.83,60.28,0.0,15.56
2025,4,11,19,2025-04-11 19:00:00,0.0,0.0,25.85,2.75,53.1,15.77,0.0
2025,4,11,20,2025-04-11 20:00:00,0.0,0.0,23.42,1.3,62.35,0.0,0.0
2025,4,11,21,2025-04-11 21:00:00,0.0,0.0,22.35,0.95,70.04,8.53,0.0
2025,4,11,22,2025-04-11 22:00:00,0.0,0.0,19.98,2.49,68.49,3.45,0.0
2025,4,11,23,2025-04-11 23:00:00,0.0,0.0,20.88,3.27,66.11,0.0,0.0
2025,4,12,0,2025-04-12 00:00:00,0.0,0.0,19.15,3.76,72.15,0.0,0.0
2025,4,12,1,2025-04-12 01:00:00,0.0,0.0,16.89,2.16,76.51,0.0,0.0
2025,4,12,2,2025-04-12 02:00:00,0.0,0.0,15.78,3.52,71.63,0.0,0.0
2025,4,12,3,2025-04-12 03:00:00,0.0,0.0,18.84,5.29,71.23,0.0,0.0
2025,4,12,4,2025-04-12 04:00:00,0.0,0.0,18.55,5.93,71.05,0.0,0.0
2025,4,12,5,2025-04-12 05:00:00,0.0,0.0,19.13,4.26,68.79,0.0,0.0
2025,4,12,6,2025-04-12 06:00:00,50.21,50.21,17.74,5.77,67.28,0.0,26.05
2025,4,12,7,2025-04-12 07:00:00,288.65,268.33,18.45,5.07,72.65,9.39,134.8
2025,4,12,8,2025-04-12 08:00:00,510.83,479.88,20.86,4.55,62.36,8.08,238.13
2025,4,12,9,2025-04-12 09:00:00,701.63,671.24,23.19,4.82,65.88,5.78,318.68
2025,4,12,10,2025-04-12 10:00:00,848.03,848.03,24.45,4.18,66.17,0.0,407.01
2025,4,12,11,2025-04-12 11:00:00,940.07,940.07,24.6,3.52,58.99,0.0,447.39
2025,4,12,12,2025-04-12 12:00:00,971.46,971.46,26.49,3.27,62.98,0.0,463.74
2025,4,12,13,2025-04-12 13:00:00,940.07,838.26,26.21,2.37,61.4,14.44,408.98
2025,4,12,14,2025-04-12 14:00:00,848.03,848.03,26.98,3.09,62.08,0.0,405.7
2025,4,12,15,2025-04-12 15:00:00,701.63,701.63,26.29,2.64,59.4,0.0,334.63
2025,4,12,16,2025-04-12 16:00:00,510.83,510.83,27.63,2.29,56.49,0.0,247.36
2025,4,12,17,2025-04-12 17:00:00,288.65,288.65,26.85,2.86,54.84,0.0,142.69
2025,4,12,18,2025-04-12 18:00:00,50.21,50.21,26.03,3.38,59.64,0.0,21.28
2025,4,12,19,2025-04-12 19:00:00,0.0,0.0,25.11,2.4,62.73,0.0,0.0
2025,4,12,20,2025-04-12 20:00:00,0.0,0.0,23.71,1.61,63.16,0.0,0.0
2025,4,12,21,2025-04-12 21:00:00,0.0,0.0,22.28,1.11,61.75,0.0,0.0
2025,4,12,22,2025-04-12 22:00:00,0.0,0.0,20.65,2.83,69.7,0.0,0.0
2025,4,12,23,2025-04-12 23:00:00,0.0,0.0,19.5,3.13,65.47,0.0,0.0
2025,4,13,0,2025-04-13 00:00:00,0.0,0.0,19.38,3.82,64.01,0.0,0.0
2025,4,13,1,2025-04-13 01:00:00,0.0,0.0,19.37,2.57,72.23,0.0,0.0
2025,4,13,2,2025-04-13 02:00:00,0.0,0.0,17.94,3.9,71.75,0.0,0.0
2025,4,13,3,2025-04-13 03:00:00,0.0,0.0,15.92,5.73,68.72,9.52,0.0
2025,4,13,4,2025-04-13 04:00:00,0.0,0.0,16.41,5.88,70.69,17.35,0.0
2025,4,13,5,2025-04-13 05:00:00,0.0,0.0,18.94,4.01,72.8,0.0,0.0
2025,4,13,6,2025-04-13 06:00:00,52.44,45.75,19.94,5.84,67.32,17.02,21.6
2025,4,13,7,2025-04-13 07:00:00,290.51,270.31,20.62,4.76,69.26,9.27,134.34
2025,4,13,8,2025-04-13 08:00:00,512.36,512.36,22.26,3.69,64.87,0.0,250.36
2025,4,13,9,2025-04-13 09:00:00,702.86,702.86,21.52,5.69,67.47,0.0,342.06
2025,4,13,10,2025-04-13 10:00:00,849.04,835.99,23.14,4.24,60.96,2.05,414.23
2025,4,13,11,2025-04-13 11:00:00,940.93,940.93,24.9,5.31,63.03,0.0,452.2
2025,4,13,12,2025-04-13 12:00:00,972.27,972.27,25.05,3.26,63.53,0.0,467.29
2025,4,13,13,2025-04-13 13:00:00,940.93,847.8,27.57,1.36,55.87,13.2,402.01
2025,4,13,14,2025-04-13 14:00:00,849.04,817.54,27.4,2.53,61.41,4.95,392.9
2025,4,13,15,2025-04-13 15:00:00,702.86,702.86,27.22,2.34,62.08,0.0,334.47
2025,4,13,16,2025-04-13 16:00:00,512.36,512.36,28.33,1.59,61.86,0.0,243.54
2025,4,13,17,2025-04-13 17:00:00,290.51,290.51,26.69,2.61,53.13,0.0,140.09
2025,4,13,18,2025-04-13 18:00:00,52.44,52.44,25.89,1.8,63.72,0.0,26.55
2025,4,13,19,2025-04-13 19:00:00,0.0,0.0,24.63,2.19,57.42,5.83,0.0
2025,4,13,20,2025-04-13 20:00:00,0.0,0.0,22.9,2.9,64.43,0.0,0.0
2025,4,13,21,2025-04-13 21:00:00,0.0,0.0,22.45,2.55,67.28,0.0,0.0
2025,4,13,22,2025-04-13 22:00:00,0.0,0.0,22.41,1.05,63.5,0.0,0.0
2025,4,13,23,2025-04-13 23:00:00,0.0,0.0,19.6,2.92,67.26,0.0,0.0
2025,4,14,0,2025-04-14 00:00:00,0.0,0.0,18.07,2.98,67.22,3.75,0.0
2025,4,14,1,2025-04-14 01:00:00,0.0,0.0,18.03,4.25,77.94,0.0,0.0
2025,4,14,2,2025-04-14 02:00:00,0.0,0.0,17.69,4.96,69.43,6.35,0.0
2025,4,14,3,2025-04-14 03:00:00,0.0,0.0,17.44,3.47,68.85,13.81,0.0
2025,4,14,4,2025-04-14 04:00:00,0.0,0.0,18.05,4.95,71.55,9.7,0.0
2025,4,14,5,2025-04-14 05:00:00,0.0,0.0,18.33,4.26,68.36,14.22,0.0
2025,4,14,6,2025-04-14 06:00:00,54.65,54.29,18.03,5.37,70.55,0.89,22.07
2025,4,14,7,2025-04-14 07:00:00,292.35,292.35,19.73,4.36,70.72,0.0,144.2
2025,4,14,8,2025-04-14 08:00:00,513.84,513.84,20.5,5.0,63.78,0.0,254.11
2025,4,14,9,2025-04-14 09:00:00,704.05,612.86,22.04,5.14,69.98,17.27,300.42
2025,4,14,10,2025-04-14 10:00:00,850.0,749.55,24.12,4.12,61.51,15.76,355.87
2025,4,14,11,2025-04-14 11:00:00,941.74,894.19,25.51,3.15,57.65,6.73,424.13
2025,4,14,12,2025-04-14 12:00:00,973.04,973.04,24.06,1.98,65.15,0.0,468.6
2025,4,14,13,2025-04-14 13:00:00,941.74,941.74,27.99,2.52,60.99,0.0,450.36
2025,4,14,14,2025-04-14 14:00:00,850.0,746.62,26.6,3.07,62.81,16.22,349.63
2025,4,14,15,2025-04-14 15:00:00,704.05,704.05,27.61,2.96,63.63,0.0,324.93
2025,4,14,16,2025-04-14 16:00:00,513.84,513.84,27.69,2.31,59.33,0.0,242.68
2025,4,14,17,2025-04-14 17:00:00,292.35,292.35,26.35,2.5,55.68,0.0,134.63
2025,4,14,18,2025-04-14 18:00:00,54.65,52.52,23.95,2.26,63.41,5.21,20.45
2025,4,14,19,2025-04-14 19:00:00,0.0,0.0,25.56,2.4,64.16,0.0,0.0
2025,4,14,20,2025-04-14 20:00:00,0.0,0.0,23.88,3.36,61.36,12.94,0.0
2025,4,14,21,2025-04-14 21:00:00,0.0,0.0,22.13,2.33,60.65,0.0,0.0
2025,4,14,22,2025-04-14 22:00:00,0.0,0.0,21.83,2.14,67.17,11.96,0.0
2025,4,14,23,2025-04-14 23:00:00,0.0,0.0,20.99,2.93,62.36,0.0,0.0
2025,4,15,0,2025-04-15 00:00:00,0.0,0.0,17.9,3.91,77.0,18.32,0.0
2025,4,15,1,2025-04-15 01:00:00,0.0,0.0,17.84,3.83,72.74,0.0,0.0
2025,4,15,2,2025-04-15 02:00:00,0.0,0.0,18.42,4.5,74.63,0.0,0.0
2025,4,15,3,2025-04-15 03:00:00,0.0,0.0,18.46,3.45,72.47,5.99,0.0
2025,4,15,4,2025-04-15 04:00:00,0.0,0.0,17.14,3.46,69.08,5.81,0.0
2025,4,15,5,2025-04-15 05:00:00,0.0,0.0,19.4,4.45,68.06,0.0,0.0
2025,4,15,6,2025-04-15 06:00:00,56.84,56.84,18.12,6.04,73.3,0.0,19.83
2025,4,15,7,2025-04-15 07:00:00,294.16,273.2,20.71,5.47,68.99,9.5,131.76
2025,4,15,8,2025-04-15 08:00:00,515.3,484.6,20.52,4.71,70.15,7.94,237.3
2025,4,15,9,2025-04-15 09:00:00,705.19,705.19,21.59,4.34,69.78,0.0,344.1
2025,4,15,10,2025-04-15 10:00:00,850.91,850.91,25.22,4.24,59.89,0.0,405.57
2025,4,15,11,2025-04-15 11:00:00,942.51,828.56,25.47,4.21,60.99,16.12,402.16
2025,4,15,12,2025-04-15 12:00:00,973.75,893.98,26.03,5.13,61.8,10.92,429.98
2025,4,15,13,2025-04-15 13:00:00,942.51,942.51,27.01,4.53,61.12,0.0,451.31
2025,4,15,14,2025-04-15 14:00:00,850.91,838.73,27.34,3.07,54.01,1.91,397.29
2025,4,15,15,2025-04-15 15:00:00,705.19,705.19,28.32,3.64,60.56,0.0,326.93
2025,4,15,16,2025-04-15 16:00:00,515.3,515.3,29.29,2.3,58.68,0.0,245.61
2025,4,15,17,2025-04-15 17:00:00,294.16,271.41,27.59,1.03,60.29,10.31,125.72
2025,4,15,18,2025-04-15 18:00:00,56.84,50.63,26.13,1.31,60.72,14.58,22.83
2025,4,15,19,2025-04-15 19:00:00,0.0,0.0,25.08,2.43,68.05,5.38,0.0
2025,4,15,20,2025-04-15 20:00:00,0.0,0.0,24.62,2.63,65.05,13.0,0.0
2025,4,15,21,2025-04-15 21:00:00,0.0,0.0,22.82,2.04,66.45,0.0,0.0
2025,4,15,22,2025-04-15 22:00:00,0.0,0.0,20.96,1.37,69.11,0.0,0.0
2025,4,15,23,2025-04-15 23:00:00,0.0,0.0,21.76,2.36,68.94,11.6,0.0
2025,4,16,0,2025-04-16 00:00:00,0.0,0.0,19.96,2.72,66.54,13.76,0.0
2025,4,16,1,2025-04-16 01:00:00,0.0,0.0,18.79,3.53,75.0,0.0,0.0
2025,4,16,2,2025-04-16 02:00:00,0.0,0.0,17.49,3.76,72.16,8.41,0.0
2025,4,16,3,2025-04-16 03:00:00,0.0,0.0,18.77,4.91,67.63,0.0,0.0
2025,4,16,4,2025-04-16 04:00:00,0.0,0.0,19.6,5.18,74.32,16.92,0.0
2025,4,16,5,2025-04-16 05:00:00,0.0,0.0,19.74,4.11,72.18,18.46,0.0
2025,4,16,6,2025-04-16 06:00:00,59.01,53.65,19.33,3.9,65.56,12.11,34.33
2025,4,16,7,2025-04-16 07:00:00,295.94,295.94,18.78,3.07,67.01,0.0,142.53
2025,4,16,8,2025-04-16 08:00:00,516.71,501.17,20.41,5.43,66.56,4.01,244.74
2025,4,16,9,2025-04-16 09:00:00,706.3,706.3,23.24,4.68,70.77,0.0,339.93
2025,4,16,10,2025-04-16 10:00:00,851.77,851.77,24.8,4.72,61.84,0.0,410.12
2025,4,16,11,2025-04-16 11:00:00,943.22,899.08,25.89,3.28,63.52,6.24,430.63
2025,4,16,12,2025-04-16 12:00:00,974.41,959.84,26.52,3.98,59.69,1.99,458.14
2025,4,16,13,2025-04-16 13:00:00,943.22,943.22,26.11,4.37,61.25,0.0,453.4
2025,4,16,14,2025-04-16 14:00:00,851.77,791.25,27.93,2.72,60.13,9.47,373.23
2025,4,16,15,2025-04-16 15:00:00,706.3,662.64,26.72,0.92,58.98,8.24,320.19
2025,4,16,16,2025-04-16 16:00:00,516.71,516.71,27.35,1.64,63.0,0.0,250.66
2025,4,16,17,2025-04-16 17:00:00,295.94,258.11,27.91,1.86,61.14,17.04,127.12
2025,4,16,18,2025-04-16 18:00:00,59.01,58.59,25.89,2.55,58.09,0.95,28.79
2025,4,16,19,2025-04-16 19:00:00,0.0,0.0,24.64,2.22,61.78,9.55,0.0
2025,4,16,20,2025-04-16 20:00:00,0.0,0.0,24.21,2.69,67.01,0.43,0.0
2025,4,16,21,2025-04-16 21:00:00,0.0,0.0,24.07,2.85,73.84,9.04,0.0
2025,4,16,22,2025-04-16 22:00:00,0.0,0.0,21.33,2.67,65.27,16.09,0.0
2025,4,16,23,2025-04-16 23:00:00,0.0,0.0,22.22,1.84,70.57,7.08,0.0
2025,4,17,0,2025-04-17 00:00:00,0.0,0.0,20.11,4.43,71.8,0.0,0.0
2025,4,17,1,2025-04-17 01:00:00,0.0,0.0,17.07,4.7,69.93,0.0,0.0
2025,4,17,2,2025-04-17 02:00:00,0.0,0.0,18.18,4.62,73.48,17.07,0.0
2025,4,17,3,2025-04-17 03:00:00,0.0,0.0,17.25,2.73,68.68,0.0,0.0
2025,4,17,4,2025-04-17 04:00:00,0.0,0.0,18.98,5.34,70.4,0.0,0.0
2025,4,17,5,2025-04-17 05:00:00,0.0,0.0,18.85,6.3,66.58,0.0,0.0
2025,4,17,6,2025-04-17 06:00:00,61.16,55.33,18.38,3.92,67.89,12.72,27.71
2025,4,17,7,2025-04-17 07:00:00,297.69,297.69,20.09,5.56,64.09,0.0,151.3
2025,4,17,8,2025-04-17 08:00:00,518.1,480.39,21.04,3.98,67.53,9.7,232.85
2025,4,17,9,2025-04-17 09:00:00,707.36,630.88,22.34,4.53,66.93,14.42,305.78
2025,4,17,10,2025-04-17 10:00:00,852.6,816.1,23.75,4.61,65.9,5.71,391.41
2025,4,17,11,2025-04-17 11:00:00,943.89,880.76,25.9,5.12,67.69,8.92,422.78
2025,4,17,12,2025-04-17 12:00:00,975.03,975.03,27.2,3.86,59.71,0.0,457.32
2025,4,17,13,2025-04-17 13:00:00,943.89,876.61,28.23,3.69,59.07,9.5,418.22
2025,4,17,14,2025-04-17 14:00:00,852.6,845.4,28.58,2.76,54.41,1.13,396.69
2025,4,17,15,2025-04-17 15:00:00,707.36,701.12,27.67,1.94,58.79,1.18,333.44
2025,4,17,16,2025-04-17 16:00:00,518.1,463.24,27.59,3.19,64.06,14.12,219.48
2025,4,17,17,2025-04-17 17:00:00,297.69,297.69,27.68,2.03,61.22,0.0,140.21
2025,4,17,18,2025-04-17 18:00:00,61.16,61.16,27.1,2.94,58.58,0.0,25.93
2025,4,17,19,2025-04-17 19:00:00,0.0,0.0,25.63,1.82,61.86,0.0,0.0
2025,4,17,20,2025-04-17 20:00:00,0.0,0.0,24.24,3.66,60.47,0.0,0.0
2025,4,17,21,2025-04-17 21:00:00,0.0,0.0,22.56,2.21,65.14,13.53,0.0
2025,4,17,22,2025-04-17 22:00:00,0.0,0.0,20.87,2.43,68.39,6.48,0.0
2025,4,17,23,2025-04-17 23:00:00,0.0,0.0,20.26,3.78,69.75,5.44,0.0
2025,4,18,0,2025-04-18 00:00:00,0.0,0.0,19.32,3.76,67.95,18.23,0.0
2025,4,18,1,2025-04-18 01:00:00,0.0,0.0,18.91,4.17,64.72,0.0,0.0
2025,4,18,2,2025-04-18 02:00:00,0.0,0.0,16.74,3.92,70.68,7.45,0.0
2025,4,18,3,2025-04-18 03:00:00,0.0,0.0,17.84,3.91,66.78,0.0,0.0
2025,4,18,4,2025-04-18 04:00:00,0.0,0.0,17.63,3.99,71.08,6.3,0.0
2025,4,18,5,2025-04-18 05:00:00,0.0,0.0,18.21,6.09,69.72,11.52,0.0
2025,4,18,6,2025-04-18 06:00:00,63.29,63.29,20.12,4.8,66.96,0.0,22.72
2025,4,18,7,2025-04-18 07:00:00,299.41,299.41,21.29,3.99,65.5,0.0,139.32
2025,4,18,8,2025-04-18 08:00:00,519.44,519.44,22.17,4.26,67.24,0.0,259.34
2025,4,18,9,2025-04-18 09:00:00,708.39,639.57,22.67,5.38,65.52,12.95,309.26
2025,4,18,10,2025-04-18 10:00:00,853.37,853.37,25.01,4.48,62.79,0.0,412.97
2025,4,18,11,2025-04-18 11:00:00,944.51,944.51,25.34,3.24,60.18,0.0,453.04
2025,4,18,12,2025-04-18 12:00:00,975.6,975.6,27.01,4.25,57.38,0.0,472.05
2025,4,18,13,2025-04-18 13:00:00,944.51,944.51,26.81,3.44,59.06,0.0,449.35
2025,4,18,14,2025-04-18 14:00:00,853.37,725.56,28.46,2.66,59.91,19.97,343.77
2025,4,18,15,2025-04-18 15:00:00,708.39,599.12,28.33,2.15,57.06,20.57,278.7
2025,4,18,16,2025-04-18 16:00:00,519.44,487.15,26.66,1.48,58.0,8.29,227.81
2025,4,18,17,2025-04-18 17:00:00,299.41,256.17,27.27,2.78,64.03,19.26,119.99
2025,4,18,18,2025-04-18 18:00:00,63.29,63.29,26.18,2.29,57.11,0.0,26.53
2025,4,18,19,2025-04-18 19:00:00,0.0,0.0,24.37,1.57,68.55,0.0,0.0
2025,4,18,20,2025-04-18 20:00:00,0.0,0.0,24.06,2.57,62.59,0.0,0.0
2025,4,18,21,2025-04-18 21:00:00,0.0,0.0,24.28,2.91,61.86,10.72,0.0
2025,4,18,22,2025-04-18 22:00:00,0.0,0.0,22.05,2.26,67.72,0.0,0.0
2025,4,18,23,2025-04-18 23:00:00,0.0,0.0,21.03,3.0,62.67,0.0,0.0
2025,4,19,0,2025-04-19 00:00:00,0.0,0.0,19.35,3.71,63.75,12.07,0.0
2025,4,19,1,2025-04-19 01:00:00,0.0,0.0,18.9,4.37,73.0,6.29,0.0
2025,4,19,2,2025-04-19 02:00:00,0.0,0.0,18.05,5.37,70.4,0.0,0.0
2025,4,19,3,2025-04-19 03:00:00,0.0,0.0,18.09,4.76,67.53,13.57,0.0
2025,4,19,4,2025-04-19 04:00:00,0.0,0.0,18.25,5.16,71.65,0.0,0.0
2025,4,19,5,2025-04-19 05:00:00,0.0,0.0,18.9,3.44,68.87,2.54,0.0
2025,4,19,6,2025-04-19 06:00:00,65.39,62.33,18.67,4.77,65.74,6.23,29.68
2025,4,19,7,2025-04-19 07:00:00,301.1,289.32,21.45,4.66,67.73,5.22,139.01
2025,4,19,8,2025-04-19 08:00:00,520.76,520.76,22.39,5.05,64.39,0.0,249.04
2025,4,19,9,2025-04-19 09:00:00,709.37,709.37,23.84,4.35,65.06,0.0,340.13
2025,4,19,10,2025-04-19 10:00:00,854.11,749.03,23.25,5.41,65.33,16.4,358.81
2025,4,19,11,2025-04-19 11:00:00,945.09,819.8,24.84,3.12,59.8,17.68,391.22
2025,4,19,12,2025-04-19 12:00:00,976.12,976.12,26.48,4.11,59.47,0.0,468.11
2025,4,19,13,2025-04-19 13:00:00,945.09,945.09,27.31,3.6,63.28,0.0,443.88
2025,4,19,14,2025-04-19 14:00:00,854.11,756.26,28.33,2.69,59.92,15.27,358.02
2025,4,19,15,2025-04-19 15:00:00,709.37,617.47,28.24,1.75,58.98,17.27,287.46
2025,4,19,16,2025-04-19 16:00:00,520.76,520.76,28.65,2.4,58.22,0.0,245.06
2025,4,19,17,2025-04-19 17:00:00,301.1,301.1,26.68,2.77,58.5,0.0,142.33
2025,4,19,18,2025-04-19 18:00:00,65.39,64.53,27.27,1.96,56.02,1.76,28.46
2025,4,19,19,2025-04-19 19:00:00,0.0,0.0,26.34,3.59,58.66,5.62,0.0
2025,4,19,20,2025-04-19 20:00:00,0.0,0.0,24.26,1.76,61.12,19.69,0.0
2025,4,19,21,2025-04-19 21:00:00,0.0,0.0,23.16,2.09,69.84,14.86,0.0
2025,4,19,22,2025-04-19 22:00:00,0.0,0.0,22.22,3.59,70.7,5.94,0.0
2025,4,19,23,2025-04-19 23:00:00,0.0,0.0,20.08,4.36,76.91,0.0,0.0
2025,4,20,0,2025-04-20 00:00:00,0.0,0.0,21.36,3.41,69.57,18.3,0.0
2025,4,20,1,2025-04-20 01:00:00,0.0,0.0,18.75,4.5,69.16,16.59,0.0
2025,4,20,2,2025-04-20 02:00:00,0.0,0.0,18.85,5.01,77.35,18.6,0.0
2025,4,20,3,2025-04-20 03:00:00,0.0,0.0,17.15,4.41,75.67,5.98,0.0
2025,4,20,4,2025-04-20 04:00:00,0.0,0.0,18.56,5.32,70.4,20.18,0.0
2025,4,20,5,2025-04-20 05:00:00,0.0,0.0,18.65,4.09,70.11,19.04,0.0
2025,4,20,6,2025-04-20 06:00:00,67.47,64.62,19.46,3.85,68.87,5.63,26.07
2025,4,20,7,2025-04-20 07:00:00,302.77,252.79,21.05,6.2,63.7,22.01,122.9
2025,4,20,8,2025-04-20 08:00:00,522.03,522.03,23.15,6.06,65.79,0.0,252.61
2025,4,20,9,2025-04-20 09:00:00,710.32,638.6,23.81,3.19,63.92,13.46,307.29
2025,4,20,10,2025-04-20 10:00:00,854.8,741.64,25.88,2.37,61.95,17.65,357.81
2025,4,20,11,2025-04-20 11:00:00,945.62,834.22,24.43,4.9,66.16,15.71,396.55
2025,4,20,12,2025-04-20 12:00:00,976.6,832.76,27.08,4.11,57.3,19.64,399.16
2025,4,20,13,2025-04-20 13:00:00,945.62,904.78,28.78,3.57,61.76,5.76,429.89
2025,4,20,14,2025-04-20 14:00:00,854.8,854.8,28.16,2.79,58.63,0.0,404.89
2025,4,20,15,2025-04-20 15:00:00,710.32,649.27,28.77,2.56,54.13,11.46,307.41
2025,4,20,16,2025-04-20 16:00:00,522.03,522.03,28.28,1.81,56.96,0.0,244.47
2025,4,20,17,2025-04-20 17:00:00,302.77,252.73,28.22,3.17,61.28,22.04,120.45
2025,4,20,18,2025-04-20 18:00:00,67.47,62.43,26.85,3.62,61.18,9.95,32.65
2025,4,20,19,2025-04-20 19:00:00,0.0,0.0,23.9,3.28,61.58,1.11,0.0
2025,4,20,20,2025-04-20 20:00:00,0.0,0.0,24.71,2.2,61.66,9.95,0.0
2025,4,20,21,2025-04-20 21:00:00,0.0,0.0,22.26,2.5,63.43,15.32,0.0
2025,4,20,22,2025-04-20 22:00:00,0.0,0.0,22.58,2.01,65.02,0.0,0.0
2025,4,20,23,2025-04-20 23:00:00,0.0,0.0,23.5,2.98,70.35,0.56,0.0
2025,4,21,0,2025-04-21 00:00:00,0.0,0.0,21.25,1.39,68.1,20.07,0.0
2025,4,21,1,2025-04-21 01:00:00,0.0,0.0,18.09,3.04,69.56,10.7,0.0
2025,4,21,2,2025-04-21 02:00:00,0.0,0.0,17.87,5.69,74.88,15.75,0.0
2025,4,21,3,2025-04-21 03:00:00,0.0,0.0,17.34,4.02,77.12,0.0,0.0
2025,4,21,4,2025-04-21 04:00:00,0.0,0.0,18.83,5.83,66.62,0.0,0.0
2025,4,21,5,2025-04-21 05:00:00,0.0,0.0,20.13,4.9,69.35,1.86,0.0
2025,4,21,6,2025-04-21 06:00:00,69.52,67.61,19.62,5.46,69.68,3.66,34.6
2025,4,21,7,2025-04-21 07:00:00,304.4,255.88,19.86,3.71,74.57,21.26,126.12
2025,4,21,8,2025-04-21 08:00:00,523.28,451.71,22.13,3.97,69.16,18.23,217.8
2025,4,21,9,2025-04-21 09:00:00,711.23,646.15,23.98,5.28,64.19,12.2,316.19
2025,4,21,10,2025-04-21 10:00:00,855.45,805.1,26.25,4.23,64.42,7.85,382.65
2025,4,21,11,2025-04-21 11:00:00,946.11,839.45,26.57,3.69,64.17,15.03,401.52
2025,4,21,12,2025-04-21 12:00:00,977.03,886.21,27.19,3.5,60.56,12.39,418.32
2025,4,21,13,2025-04-21 13:00:00,946.11,923.04,28.75,3.51,55.71,3.25,434.03
2025,4,21,14,2025-04-21 14:00:00,855.45,710.52,28.63,1.78,60.14,22.59,332.18
2025,4,21,15,2025-04-21 15:00:00,711.23,677.27,27.72,3.01,61.93,6.37,327.67
2025,4,21,16,2025-04-21 16:00:00,523.28,523.28,28.27,2.47,61.43,0.0,253.98
2025,4,21,17,2025-04-21 17:00:00,304.4,282.89,27.07,0.54,57.9,9.42,140.29
2025,4,21,18,2025-04-21 18:00:00,69.52,68.52,28.01,2.2,64.04,1.92,31.22
2025,4,21,19,2025-04-21 19:00:00,0.0,0.0,25.84,2.03,61.04,2.68,0.0
2025,4,21,20,2025-04-21 20:00:00,0.0,0.0,24.42,1.47,68.58,0.0,0.0
2025,4,21,21,2025-04-21 21:00:00,0.0,0.0,23.58,1.75,66.64,15.65,0.0
2025,4,21,22,2025-04-21 22:00:00,0.0,0.0,22.43,3.89,67.0,1.62,0.0
2025,4,21,23,2025-04-21 23:00:00,0.0,0.0,21.14,3.56,63.6,0.0,0.0
2025,4,22,0,2025-04-22 00:00:00,0.0,0.0,20.58,2.44,70.92,0.0,0.0
2025,4,22,1,2025-04-22 01:00:00,0.0,0.0,18.5,4.13,68.4,11.86,0.0
2025,4,22,2,2025-04-22 02:00:00,0.0,0.0,17.91,4.1,68.56,0.0,0.0
2025,4,22,3,2025-04-22 03:00:00,0.0,0.0,20.09,3.09,67.49,12.18,0.0
2025,4,22,4,2025-04-22 04:00:00,0.0,0.0,17.51,4.24,72.96,11.43,0.0
2025,4,22,5,2025-04-22 05:00:00,0.0,0.0,19.89,4.67,70.87,3.75,0.0
2025,4,22,6,2025-04-22 06:00:00,71.55,69.26,19.38,5.45,71.67,4.26,34.81
2025,4,22,7,2025-04-22 07:00:00,306.01,257.6,20.99,4.92,68.87,21.09,126.17
2025,4,22,8,2025-04-22 08:00:00,524.48,524.48,23.41,4.7,68.76,0.0,255.46
2025,4,22,9,2025-04-22 09:00:00,712.1,588.31,22.62,2.58,61.05,23.18,287.93
2025,4,22,10,2025-04-22 10:00:00,856.06,856.06,25.66,3.48,65.95,0.0,414.18
2025,4,22,11,2025-04-22 11:00:00,946.55,893.32,25.32,3.92,62.51,7.5,427.47
2025,4,22,12,2025-04-22 12:00:00,977.42,977.42,27.19,2.06,62.51,0.0,468.55
2025,4,22,13,2025-04-22 13:00:00,946.55,813.51,26.91,2.91,57.49,18.74,390.99
2025,4,22,14,2025-04-22 14:00:00,856.06,856.06,29.76,2.55,55.78,0.0,397.55
2025,4,22,15,2025-04-22 15:00:00,712.1,712.1,29.82,1.35,60.53,0.0,329.02
2025,4,22,16,2025-04-22 16:00:00,524.48,524.48,28.1,4.68,58.02,0.0,242.55
2025,4,22,17,2025-04-22 17:00:00,306.01,254.52,28.1,3.73,57.68,22.43,130.6
2025,4,22,18,2025-04-22 18:00:00,71.55,60.93,26.24,3.05,64.67,19.78,23.75
2025,4,22,19,2025-04-22 19:00:00,0.0,0.0,25.73,2.7,54.27,0.0,0.0
2025,4,22,20,2025-04-22 20:00:00,0.0,0.0,25.02,2.2,65.19,0.0,0.0
2025,4,22,21,2025-04-22 21:00:00,0.0,0.0,23.07,3.41,63.12,5.1,0.0
2025,4,22,22,2025-04-22 22:00:00,0.0,0.0,23.4,3.17,69.43,0.5,0.0
2025,4,22,23,2025-04-22 23:00:00,0.0,0.0,21.22,2.5,69.18,3.3,0.0
2025,4,23,0,2025-04-23 00:00:00,0.0,0.0,19.55,3.65,66.79,13.66,0.0
2025,4,23,1,2025-04-23 01:00:00,0.0,0.0,19.97,5.5,65.61,14.12,0.0
2025,4,23,2,2025-04-23 02:00:00,0.0,0.0,19.65,3.4,72.66,0.39,0.0
2025,4,23,3,2025-04-23 03:00:00,0.0,0.0,19.65,3.6,74.13,13.35,0.0
2025,4,23,4,2025-04-23 04:00:00,0.0,0.0,18.41,4.07,69.36,4.03,0.0
2025,4,23,5,2025-04-23 05:00:00,0.0,0.0,19.66,4.51,70.92,23.03,0.0
2025,4,23,6,2025-04-23 06:00:00,73.55,62.61,19.59,4.47,71.68,19.84,31.08
2025,4,23,7,2025-04-23 07:00:00,307.58,262.52,21.7,3.63,65.36,19.53,127.43
2025,4,23,8,2025-04-23 08:00:00,525.66,463.61,21.9,3.18,62.95,15.74,227.16
2025,4,23,9,2025-04-23 09:00:00,712.93,694.55,23.41,4.15,66.37,3.44,333.45
2025,4,23,10,2025-04-23 10:00:00,856.63,824.11,23.33,2.52,65.63,5.06,394.21
2025,4,23,11,2025-04-23 11:00:00,946.96,855.53,26.28,2.52,63.58,12.87,405.33
2025,4,23,12,2025-04-23 12:00:00,977.77,977.77,25.8,3.2,58.4,0.0,465.42
2025,4,23,13,2025-04-23 13:00:00,946.96,796.16,28.97,2.19,56.81,21.23,382.83
2025,4,23,14,2025-04-23 14:00:00,856.63,856.63,29.59,1.96,53.97,0.0,401.48
2025,4,23,15,2025-04-23 15:00:00,712.93,712.93,28.65,2.51,62.04,0.0,345.42
2025,4,23,16,2025-04-23 16:00:00,525.66,443.87,27.69,2.62,67.6,20.75,212.08
2025,4,23,17,2025-04-23 17:00:00,307.58,307.58,28.51,2.47,58.09,0.0,149.89
2025,4,23,18,2025-04-23 18:00:00,73.55,68.25,26.57,1.74,66.81,9.61,33.68
2025,4,23,19,2025-04-23 19:00:00,0.0,0.0,26.84,1.62,66.02,23.85,0.0
2025,4,23,20,2025-04-23 20:00:00,0.0,0.0,26.02,3.64,67.76,4.53,0.0
2025,4,23,21,2025-04-23 21:00:00,0.0,0.0,23.74,2.88,63.68,18.69,0.0
2025,4,23,22,2025-04-23 22:00:00,0.0,0.0,22.68,2.89,66.58,13.01,0.0
2025,4,23,23,2025-04-23 23:00:00,0.0,0.0,20.98,3.07,64.74,0.0,0.0
2025,4,24,0,2025-04-24 00:00:00,0.0,0.0,21.45,4.13,69.67,13.62,0.0
2025,4,24,1,2025-04-24 01:00:00,0.0,0.0,21.5,3.02,71.79,9.07,0.0
2025,4,24,2,2025-04-24 02:00:00,0.0,0.0,18.71,5.64,71.66,22.59,0.0
2025,4,24,3,2025-04-24 03:00:00,0.0,0.0,19.73,5.17,72.6,10.24,0.0
2025,4,24,4,2025-04-24 04:00:00,0.0,0.0,18.01,4.98,66.27,0.0,0.0
2025,4,24,5,2025-04-24 05:00:00,0.0,0.0,19.22,5.02,70.66,6.52,0.0
2025,4,24,6,2025-04-24 06:00:00,75.53,67.78,19.98,5.46,73.41,13.68,37.18
2025,4,24,7,2025-04-24 07:00:00,309.12,251.28,21.62,4.75,63.64,24.95,117.25
2025,4,24,8,2025-04-24 08:00:00,526.8,513.57,21.36,4.61,67.01,3.35,248.06
2025,4,24,9,2025-04-24 09:00:00,713.72,697.73,23.47,5.37,62.04,2.99,338.1
2025,4,24,10,2025-04-24 10:00:00,857.15,818.31,25.17,3.86,66.22,6.04,402.12
2025,4,24,11,2025-04-24 11:00:00,947.32,827.26,25.09,4.06,63.45,16.9,393.27
2025,4,24,12,2025-04-24 12:00:00,978.07,916.79,27.27,4.54,58.29,8.35,436.26
2025,4,24,13,2025-04-24 13:00:00,947.32,947.32,29.08,2.12,58.32,0.0,450.58
2025,4,24,14,2025-04-24 14:00:00,857.15,723.31,27.95,2.14,47.15,20.82,341.79
2025,4,24,15,2025-04-24 15:00:00,713.72,699.64,29.4,2.68,58.57,2.63,333.73
2025,4,24,16,2025-04-24 16:00:00,526.8,483.28,27.75,2.77,61.17,11.02,225.75
2025,4,24,17,2025-04-24 17:00:00,309.12,256.35,27.51,0.98,63.72,22.76,124.56
2025,4,24,18,2025-04-24 18:00:00,75.53,60.69,27.96,3.81,64.99,26.2,24.49
2025,4,24,19,2025-04-24 19:00:00,0.0,0.0,26.34,2.49,60.9,3.19,0.0
2025,4,24,20,2025-04-24 20:00:00,0.0,0.0,24.93,1.81,65.13,0.0,0.0
2025,4,24,21,2025-04-24 21:00:00,0.0,0.0,23.44,1.88,74.12,11.43,0.0
2025,4,24,22,2025-04-24 22:00:00,0.0,0.0,23.02,3.91,64.8,18.61,0.0
2025,4,24,23,2025-04-24 23:00:00,0.0,0.0,20.94,3.39,68.7,8.09,0.0
2025,4,25,0,2025-04-25 00:00:00,0.0,0.0,20.57,4.86,70.25,18.17,0.0
2025,4,25,1,2025-04-25 01:00:00,0.0,0.0,20.4,3.12,70.15,3.79,0.0
2025,4,25,2,2025-04-25 02:00:00,0.0,0.0,17.73,5.24,69.04,2.71,0.0
2025,4,25,3,2025-04-25 03:00:00,0.0,0.0,19.67,4.48,72.77,18.98,0.0
2025,4,25,4,2025-04-25 04:00:00,0.0,0.0,19.98,4.54,71.9,12.53,0.0
2025,4,25,5,2025-04-25 05:00:00,0.0,0.0,19.83,5.39,73.97,11.38,0.0
2025,4,25,6,2025-04-25 06:00:00,77.48,65.89,20.43,5.68,69.64,19.94,32.51
2025,4,25,7,2025-04-25 07:00:00,310.64,310.64,21.1,5.01,69.55,0.0,155.71
2025,4,25,8,2025-04-25 08:00:00,527.91,527.91,24.33,3.71,65.68,0.0,260.78
2025,4,25,9,2025-04-25 09:00:00,714.48,587.1,24.88,4.44,75.29,23.77,277.36
2025,4,25,10,2025-04-25 10:00:00,857.64,726.31,25.45,4.73,58.98,20.42,345.25
2025,4,25,11,2025-04-25 11:00:00,947.64,862.03,27.59,2.08,64.59,12.04,412.71
2025,4,25,12,2025-04-25 12:00:00,978.34,868.44,27.44,2.75,63.27,14.98,407.29
2025,4,25,13,2025-04-25 13:00:00,947.64,894.11,28.37,5.29,57.41,7.53,422.79
2025,4,25,14,2025-04-25 14:00:00,857.64,825.54,29.62,2.98,60.04,4.99,390.84
2025,4,25,15,2025-04-25 15:00:00,714.48,714.48,28.32,2.48,57.73,0.0,337.58
2025,4,25,16,2025-04-25 16:00:00,527.91,527.91,28.95,3.16,61.96,0.0,251.26
2025,4,25,17,2025-04-25 17:00:00,310.64,264.05,28.86,2.08,59.56,20.0,125.37
2025,4,25,18,2025-04-25 18:00:00,77.48,68.09,28.07,3.27,61.6,16.16,25.95
2025,4,25,19,2025-04-25 19:00:00,0.0,0.0,26.16,3.41,61.46,0.0,0.0
2025,4,25,20,2025-04-25 20:00:00,0.0,0.0,24.19,2.49,63.85,0.0,0.0
2025,4,25,21,2025-04-25 21:00:00,0.0,0.0,23.7,2.75,65.24,0.0,0.0
2025,4,25,22,2025-04-25 22:00:00,0.0,0.0,22.8,3.3,65.26,12.99,0.0
2025,4,25,23,2025-04-25 23:00:00,0.0,0.0,22.91,3.63,70.75,0.0,0.0
2025,4,26,0,2025-04-26 00:00:00,0.0,0.0,21.45,2.49,71.01,15.56,0.0
2025,4,26,1,2025-04-26 01:00:00,0.0,0.0,19.97,3.38,70.4,6.54,0.0
2025,4,26,2,2025-04-26 02:00:00,0.0,0.0,18.45,2.53,68.08,9.0,0.0
2025,4,26,3,2025-04-26 03:00:00,0.0,0.0,18.7,4.87,73.72,15.55,0.0
2025,4,26,4,2025-04-26 04:00:00,0.0,0.0,19.4,3.93,74.32,16.85,0.0
2025,4,26,5,2025-04-26 05:00:00,0.0,0.0,19.25,5.76,67.72,8.53,0.0
2025,4,26,6,2025-04-26 06:00:00,79.4,67.84,21.45,5.03,76.25,19.42,32.8
2025,4,26,7,2025-04-26 07:00:00,312.12,281.71,21.01,5.05,65.73,12.99,145.72
2025,4,26,8,2025-04-26 08:00:00,528.98,528.98,23.31,4.11,69.12,0.0,256.34
2025,4,26,9,2025-04-26 09:00:00,715.2,682.71,23.55,2.71,63.54,6.06,327.06
2025,4,26,10,2025-04-26 10:00:00,858.1,747.0,25.39,4.46,64.41,17.26,358.59
2025,4,26,11,2025-04-26 11:00:00,947.92,945.27,26.66,2.24,60.26,0.37,448.7
2025,4,26,12,2025-04-26 12:00:00,978.56,781.11,28.12,3.91,63.82,26.9,367.7
2025,4,26,13,2025-04-26 13:00:00,947.92,814.05,29.11,2.77,59.4,18.83,381.7
2025,4,26,14,2025-04-26 14:00:00,858.1,858.1,29.41,2.18,62.92,0.0,402.88
2025,4,26,15,2025-04-26 15:00:00,715.2,715.2,29.04,1.99,55.26,0.0,334.72
2025,4,26,16,2025-04-26 16:00:00,528.98,433.65,30.41,2.38,59.55,24.03,202.41
2025,4,26,17,2025-04-26 17:00:00,312.12,288.35,28.35,2.16,59.34,10.16,134.35
2025,4,26,18,2025-04-26 18:00:00,79.4,63.37,27.9,1.3,58.75,26.92,29.69
2025,4,26,19,2025-04-26 19:00:00,0.0,0.0,27.78,3.0,63.68,0.46,0.0
2025,4,26,20,2025-04-26 20:00:00,0.0,0.0,25.75,3.09,69.28,22.34,0.0
2025,4,26,21,2025-04-26 21:00:00,0.0,0.0,24.92,2.95,63.11,9.96,0.0
2025,4,26,22,2025-04-26 22:00:00,0.0,0.0,21.88,3.81,68.74,0.0,0.0
2025,4,26,23,2025-04-26 23:00:00,0.0,0.0,20.83,3.15,65.07,5.81,0.0
2025,4,27,0,2025-04-27 00:00:00,0.0,0.0,20.59,3.81,66.93,13.7,0.0
2025,4,27,1,2025-04-27 01:00:00,0.0,0.0,19.38,4.26,71.45,17.65,0.0
2025,4,27,2,2025-04-27 02:00:00,0.0,0.0,20.24,3.95,70.43,25.62,0.0
2025,4,27,3,2025-04-27 03:00:00,0.0,0.0,19.44,3.62,71.99,7.85,0.0
2025,4,27,4,2025-04-27 04:00:00,0.0,0.0,19.7,3.81,69.19,4.71,0.0
2025,4,27,5,2025-04-27 05:00:00,0.0,0.0,19.65,4.13,70.12,4.92,0.0
2025,4,27,6,2025-04-27 06:00:00,81.3,66.43,21.23,4.85,72.49,24.39,25.24
2025,4,27,7,2025-04-27 07:00:00,313.58,289.88,22.56,5.68,66.7,10.07,140.28
2025,4,27,8,2025-04-27 08:00:00,530.02,530.02,23.25,3.35,74.4,0.0,256.62
2025,4,27,9,2025-04-27 09:00:00,715.89,610.33,24.42,5.01,62.56,19.66,294.13
2025,4,27,10,2025-04-27 10:00:00,858.51,775.31,25.77,4.11,60.22,12.92,369.23
2025,4,27,11,2025-04-27 11:00:00,948.17,948.17,27.41,3.5,61.84,0.0,451.45
2025,4,27,12,2025-04-27 12:00:00,978.75,961.47,28.41,4.81,61.69,2.35,462.89
2025,4,27,13,2025-04-27 13:00:00,948.17,748.84,29.15,3.79,61.16,28.03,346.39
2025,4,27,14,2025-04-27 14:00:00,858.51,755.2,29.71,2.45,53.74,16.05,354.22
2025,4,27,15,2025-04-27 15:00:00,715.89,675.11,29.59,4.34,59.6,7.59,315.92
2025,4,27,16,2025-04-27 16:00:00,530.02,530.02,29.26,2.99,61.84,0.0,252.27
2025,4,27,17,2025-04-27 17:00:00,313.58,305.38,29.09,2.55,59.91,3.48,142.1
2025,4,27,18,2025-04-27 18:00:00,81.3,64.11,28.46,2.33,59.49,28.19,30.61
2025,4,27,19,2025-04-27 19:00:00,0.0,0.0,26.63,2.56,61.76,2.6,0.0
2025,4,27,20,2025-04-27 20:00:00,0.0,0.0,25.1,3.12,62.79,16.65,0.0
2025,4,27,21,2025-04-27 21:00:00,0.0,0.0,24.92,3.23,66.61,26.45,0.0
2025,4,27,22,2025-04-27 22:00:00,0.0,0.0,23.23,2.29,68.74,9.45,0.0
2025,4,27,23,2025-04-27 23:00:00,0.0,0.0,20.42,3.31,69.02,4.68,0.0
2025,4,28,0,2025-04-28 00:00:00,0.0,0.0,20.84,2.6,73.51,1.6,0.0
2025,4,28,1,2025-04-28 01:00:00,0.0,0.0,21.13,3.23,69.08,7.01,0.0
2025,4,28,2,2025-04-28 02:00:00,0.0,0.0,19.68,4.86,72.59,17.22,0.0
2025,4,28,3,2025-04-28 03:00:00,0.0,0.0,20.81,4.7,74.63,20.89,0.0
2025,4,28,4,2025-04-28 04:00:00,0.0,0.0,19.1,4.55,66.88,21.31,0.0
2025,4,28,5,2025-04-28 05:00:00,0.0,0.0,19.59,4.97,73.53,11.6,0.0
2025,4,28,6,2025-04-28 06:00:00,83.17,70.66,21.25,5.64,63.82,20.05,40.63
2025,4,28,7,2025-04-28 07:00:00,315.0,249.59,21.52,3.45,70.28,27.68,120.01
2025,4,28,8,2025-04-28 08:00:00,531.03,531.03,22.7,5.4,71.53,0.0,254.54
2025,4,28,9,2025-04-28 09:00:00,716.54,583.32,24.48,2.84,65.51,24.79,279.27
2025,4,28,10,2025-04-28 10:00:00,858.89,836.77,25.39,3.67,59.37,3.43,399.2
2025,4,28,11,2025-04-28 11:00:00,948.38,800.77,26.46,3.58,55.74,20.75,378.32
2025,4,28,12,2025-04-28 12:00:00,978.9,978.9,27.24,3.76,60.99,0.0,470.58
2025,4,28,13,2025-04-28 13:00:00,948.38,799.06,27.3,3.23,56.01,20.99,376.77
2025,4,28,14,2025-04-28 14:00:00,858.89,770.89,30.62,3.31,58.53,13.66,364.1
2025,4,28,15,2025-04-28 15:00:00,716.54,712.84,28.88,1.92,59.61,0.69,342.17
2025,4,28,16,2025-04-28 16:00:00,531.03,529.87,29.52,2.26,62.21,0.29,249.46
2025,4,28,17,2025-04-28 17:00:00,315.0,280.84,28.9,3.43,62.0,14.46,133.79
2025,4,28,18,2025-04-28 18:00:00,83.17,74.4,28.11,3.48,58.26,14.05,37.79
2025,4,28,19,2025-04-28 19:00:00,0.0,0.0,27.5,1.98,65.48,22.3,0.0
2025,4,28,20,2025-04-28 20:00:00,0.0,0.0,24.19,2.49,64.54,22.82,0.0
2025,4,28,21,2025-04-28 21:00:00,0.0,0.0,24.73,1.18,61.33,16.87,0.0
2025,4,28,22,2025-04-28 22:00:00,0.0,0.0,23.8,4.03,68.92,15.45,0.0
2025,4,28,23,2025-04-28 23:00:00,0.0,0.0,22.29,2.59,62.63,9.19,0.0
2025,4,29,0,2025-04-29 00:00:00,0.0,0.0,21.09,2.45,72.72,14.06,0.0
2025,4,29,1,2025-04-29 01:00:00,0.0,0.0,21.58,3.58,70.52,11.13,0.0
2025,4,29,2,2025-04-29 02:00:00,0.0,0.0,18.74,3.59,65.96,10.11,0.0
2025,4,29,3,2025-04-29 03:00:00,0.0,0.0,18.52,4.65,72.83,14.39,0.0
2025,4,29,4,2025-04-29 04:00:00,0.0,0.0,19.26,4.67,72.95,12.46,0.0
2025,4,29,5,2025-04-29 05:00:00,0.0,0.0,20.38,5.81,70.8,18.14,0.0
2025,4,29,6,2025-04-29 06:00:00,85.01,77.36,20.47,5.2,69.47,11.99,32.11
2025,4,29,7,2025-04-29 07:00:00,316.39,274.48,22.1,6.09,72.61,17.66,133.54
2025,4,29,8,2025-04-29 08:00:00,532.01,475.05,23.95,3.21,67.25,14.28,223.99
2025,4,29,9,2025-04-29 09:00:00,717.16,717.16,24.29,5.48,65.26,0.0,345.29
2025,4,29,10,2025-04-29 10:00:00,859.24,755.67,26.56,4.84,61.36,16.07,357.27
2025,4,29,11,2025-04-29 11:00:00,948.55,819.19,27.8,3.28,65.27,18.18,391.63
2025,4,29,12,2025-04-29 12:00:00,979.01,888.14,27.52,4.27,66.58,12.38,427.0
2025,4,29,13,2025-04-29 13:00:00,948.55,942.6,29.47,2.42,62.54,0.84,445.87
2025,4,29,14,2025-04-29 14:00:00,859.24,819.26,28.18,3.44,56.99,6.2,386.15
2025,4,29,15,2025-04-29 15:00:00,717.16,614.1,28.39,1.71,60.06,19.16,292.97
2025,4,29,16,2025-04-29 16:00:00,532.01,516.22,28.48,2.06,61.9,3.96,248.22
2025,4,29,17,2025-04-29 17:00:00,316.39,284.07,29.66,2.35,62.27,13.62,128.47
2025,4,29,18,2025-04-29 18:00:00,85.01,79.22,28.58,3.51,64.69,9.08,37.02
2025,4,29,19,2025-04-29 19:00:00,0.0,0.0,27.52,2.57,63.17,5.05,0.0
2025,4,29,20,2025-04-29 20:00:00,0.0,0.0,25.83,1.63,63.93,11.1,0.0
2025,4,29,21,2025-04-29 21:00:00,0.0,0.0,25.39,3.21,67.47,31.14,0.0
2025,4,29,22,2025-04-29 22:00:00,0.0,0.0,22.48,1.61,66.47,7.04,0.0
2025,4,29,23,2025-04-29 23:00:00,0.0,0.0,21.69,1.29,66.21,9.04,0.0
2025,4,30,0,2025-04-30 00:00:00,0.0,0.0,21.71,3.05,69.86,16.74,0.0
2025,4,30,1,2025-04-30 01:00:00,0.0,0.0,20.21,3.47,70.03,32.17,0.0
2025,4,30,2,2025-04-30 02:00:00,0.0,0.0,17.85,3.15,69.31,0.87,0.0
2025,4,30,3,2025-04-30 03:00:00,0.0,0.0,21.22,4.06,72.02,30.71,0.0
2025,4,30,4,2025-04-30 04:00:00,0.0,0.0,18.25,4.78,71.22,2.9,0.0
2025,4,30,5,2025-04-30 05:00:00,0.0,0.0,19.63,4.9,70.48,3.5,0.0
2025,4,30,6,2025-04-30 06:00:00,86.82,66.54,20.65,3.87,68.76,31.15,31.34
2025,4,30,7,2025-04-30 07:00:00,317.75,303.3,21.69,6.51,68.52,6.06,144.91
2025,4,30,8,2025-04-30 08:00:00,532.95,481.87,24.41,4.31,64.76,12.78,224.77
2025,4,30,9,2025-04-30 09:00:00,717.75,655.25,25.35,3.69,64.12,11.61,315.61
2025,4,30,10,2025-04-30 10:00:00,859.55,738.96,26.25,3.76,65.35,18.71,346.46
2025,4,30,11,2025-04-30 11:00:00,948.69,831.79,27.29,5.76,56.79,16.43,393.96
2025,4,30,12,2025-04-30 12:00:00,979.09,870.45,28.54,3.65,60.15,14.8,409.42
2025,4,30,13,2025-04-30 13:00:00,948.69,793.04,30.59,3.42,59.97,21.88,371.22
2025,4,30,14,2025-04-30 14:00:00,859.55,840.75,28.95,4.48,58.7,2.92,399.02
2025,4,30,15,2025-04-30 15:00:00,717.75,551.1,29.93,2.62,64.03,30.96,261.96
2025,4,30,16,2025-04-30 16:00:00,532.95,462.38,28.27,2.16,64.26,17.66,220.48
2025,4,30,17,2025-04-30 17:00:00,317.75,276.21,29.43,2.36,60.63,17.43,133.83
2025,4,30,18,2025-04-30 18:00:00,86.82,73.45,27.67,2.54,53.7,20.53,27.05
2025,4,30,19,2025-04-30 19:00:00,0.0,0.0,27.32,3.77,62.05,25.28,0.0
2025,4,30,20,2025-04-30 20:00:00,0.0,0.0,26.92,0.66,63.39,25.76,0.0
2025,4,30,21,2025-04-30 21:00:00,0.0,0.0,25.89,2.53,62.97,1.79,0.0
2025,4,30,22,2025-04-30 22:00:00,0.0,0.0,23.78,2.99,64.0,10.45,0.0
2025,4,30,23,2025-04-30 23:00:00,0.0,0.0,21.52,3.73,68.33,19.61,0.0
2025,5,1,0,2025-05-01 00:00:00,0.0,0.0,21.43,3.52,69.95,22.37,0.0
2025,5,1,1,2025-05-01 01:00:00,0.0,0.0,21.67,3.91,69.57,3.03,0.0
2025,5,1,2,2025-05-01 02:00:00,0.0,0.0,19.35,3.39,69.98,16.76,0.0
2025,5,1,3,2025-05-01 03:00:00,0.0,0.0,20.44,5.45,76.92,8.51,0.0
2025,5,1,4,2025-05-01 04:00:00,0.0,0.0,19.49,4.89,72.88,8.72,0.0
2025,5,1,5,2025-05-01 05:00:00,0.0,0.0,20.42,5.03,69.95,24.0,0.0
2025,5,1,6,2025-05-01 06:00:00,88.6,81.5,20.63,4.39,70.29,10.68,39.83
2025,5,1,7,2025-05-01 07:00:00,319.09,288.15,22.29,3.47,65.6,12.93,132.48
2025,5,1,8,2025-05-01 08:00:00,533.87,530.63,24.57,5.67,64.46,0.81,252.12
2025,5,1,9,2025-05-01 09:00:00,718.3,652.82,26.13,4.42,59.15,12.15,310.54
2025,5,1,10,2025-05-01 10:00:00,859.83,650.62,26.12,5.82,64.3,32.44,309.24
2025,5,1,11,2025-05-01 11:00:00,948.79,815.93,28.05,3.79,62.97,18.67,392.76
2025,5,1,12,2025-05-01 12:00:00,979.14,866.13,27.83,3.23,67.09,15.39,410.93
2025,5,1,13,2025-05-01 13:00:00,948.79,910.97,30.22,3.34,59.66,5.32,421.87
2025,5,1,14,2025-05-01 14:00:00,859.83,786.98,28.94,3.22,63.1,11.3,366.48
2025,5,1,15,2025-05-01 15:00:00,718.3,565.02,30.32,0.5,56.3,28.45,263.61
2025,5,1,16,2025-05-01 16:00:00,533.87,400.58,29.67,3.63,55.96,33.29,199.05
2025,5,1,17,2025-05-01 17:00:00,319.09,273.25,28.66,3.77,60.85,19.16,135.64
2025,5,1,18,2025-05-01 18:00:00,88.6,73.24,28.54,2.35,58.59,23.11,28.31
2025,5,1,19,2025-05-01 19:00:00,0.0,0.0,26.8,2.67,63.08,26.29,0.0
2025,5,1,20,2025-05-01 20:00:00,0.0,0.0,26.49,1.87,65.81,4.71,0.0
2025,5,1,21,2025-05-01 21:00:00,0.0,0.0,24.63,2.77,67.21,9.3,0.0
2025,5,1,22,2025-05-01 22:00:00,0.0,0.0,23.98,3.14,70.06,3.59,0.0
2025,5,1,23,2025-05-01 23:00:00,0.0,0.0,23.38,3.51,66.29,3.15,0.0
2025,5,2,0,2025-05-02 00:00:00,0.0,0.0,21.93,2.05,70.46,26.2,0.0
2025,5,2,1,2025-05-02 01:00:00,0.0,0.0,19.59,4.29,66.68,12.74,0.0
2025,5,2,2,2025-05-02 02:00:00,0.0,0.0,19.37,4.5,69.05,31.96,0.0
2025,5,2,3,2025-05-02 03:00:00,0.0,0.0,19.78,6.14,70.37,33.03,0.0
2025,5,2,4,2025-05-02 04:00:00,0.0,0.0,19.16,6.24,71.92,17.25,0.0
2025,5,2,5,2025-05-02 05:00:00,0.0,0.0,20.21,3.66,75.95,15.59,0.0
2025,5,2,6,2025-05-02 06:00:00,90.35,80.3,21.09,4.22,72.22,14.83,37.83
2025,5,2,7,2025-05-02 07:00:00,320.39,288.22,21.75,3.2,71.08,13.39,145.81
2025,5,2,8,2025-05-02 08:00:00,534.75,516.43,24.63,3.8,63.82,4.57,249.21
2025,5,2,9,2025-05-02 09:00:00,718.83,685.6,25.85,5.22,66.51,6.16,321.96
2025,5,2,10,2025-05-02 10:00:00,860.07,818.67,25.84,4.56,67.65,6.42,394.73
2025,5,2,11,2025-05-02 11:00:00,948.86,739.27,26.77,4.85,60.24,29.45,349.63
2025,5,2,12,2025-05-02 12:00:00,979.15,955.83,27.01,3.02,66.03,3.18,453.94
2025,5,2,13,2025-05-02 13:00:00,948.86,788.39,28.64,3.13,56.99,22.55,376.22
2025,5,2,14,2025-05-02 14:00:00,860.07,768.67,30.16,2.86,59.96,14.17,359.87
2025,5,2,15,2025-05-02 15:00:00,718.83,601.17,30.82,1.95,56.83,21.82,279.23
2025,5,2,16,2025-05-02 16:00:00,534.75,398.56,28.64,1.63,58.59,33.96,192.0
2025,5,2,17,2025-05-02 17:00:00,320.39,296.84,29.2,1.58,59.17,9.8,141.03
2025,5,2,18,2025-05-02 18:00:00,90.35,78.86,29.31,2.82,61.88,16.95,35.27
2025,5,2,19,2025-05-02 19:00:00,0.0,0.0,26.88,2.62,67.5,8.67,0.0
2025,5,2,20,2025-05-02 20:00:00,0.0,0.0,25.87,1.49,60.21,8.07,0.0
2025,5,2,21,2025-05-02 21:00:00,0.0,0.0,24.95,1.46,64.19,6.87,0.0
2025,5,2,22,2025-05-02 22:00:00,0.0,0.0,24.79,3.47,65.52,2.32,0.0
2025,5,2,23,2025-05-02 23:00:00,0.0,0.0,22.4,1.46,68.69,0.78,0.0
2025,5,3,0,2025-05-03 00:00:00,0.0,0.0,21.94,2.8,71.25,14.13,0.0
2025,5,3,1,2025-05-03 01:00:00,0.0,0.0,22.21,4.72,71.6,36.56,0.0
2025,5,3,2,2025-05-03 02:00:00,0.0,0.0,19.84,4.42,68.29,34.67,0.0
2025,5,3,3,2025-05-03 03:00:00,0.0,0.0,19.9,2.31,69.53,3.85,0.0
2025,5,3,4,2025-05-03 04:00:00,0.0,0.0,21.03,3.35,68.03,3.25,0.0
2025,5,3,5,2025-05-03 05:00:00,0.0,0.0,18.61,5.38,69.32,10.86,0.0
2025,5,3,6,2025-05-03 06:00:00,92.07,79.28,20.68,3.13,70.86,18.53,39.97
2025,5,3,7,2025-05-03 07:00:00,321.66,273.16,23.14,5.75,70.17,20.1,128.52
2025,5,3,8,2025-05-03 08:00:00,535.6,396.51,22.98,3.99,67.64,34.63,192.96
2025,5,3,9,2025-05-03 09:00:00,719.32,545.58,23.17,4.23,66.04,32.2,261.81
2025,5,3,10,2025-05-03 10:00:00,860.29,645.48,26.36,3.97,62.23,33.29,310.49
2025,5,3,11,2025-05-03 11:00:00,948.91,830.29,26.68,4.39,69.18,16.67,396.52
2025,5,3,12,2025-05-03 12:00:00,979.13,939.45,28.18,3.01,57.06,5.4,448.07
2025,5,3,13,2025-05-03 13:00:00,948.91,717.24,30.97,4.19,62.03,32.55,334.01
2025,5,3,14,2025-05-03 14:00:00,860.29,811.83,29.81,3.25,57.58,7.51,384.28
2025,5,3,15,2025-05-03 15:00:00,719.32,612.6,29.25,3.0,59.61,19.78,290.87
2025,5,3,16,2025-05-03 16:00:00,535.6,436.56,30.34,2.72,59.09,24.66,208.06
2025,5,3,17,2025-05-03 17:00:00,321.66,286.21,30.39,1.07,65.51,14.69,131.38
2025,5,3,18,2025-05-03 18:00:00,92.07,81.08,27.22,3.0,66.16,15.93,35.79
2025,5,3,19,2025-05-03 19:00:00,0.0,0.0,27.44,2.59,60.18,20.28,0.0
2025,5,3,20,2025-05-03 20:00:00,0.0,0.0,26.36,2.93,62.87,12.99,0.0
2025,5,3,21,2025-05-03 21:00:00,0.0,0.0,24.83,1.75,68.35,29.57,0.0
2025,5,3,22,2025-05-03 22:00:00,0.0,0.0,23.34,3.13,67.1,3.34,0.0
2025,5,3,23,2025-05-03 23:00:00,0.0,0.0,21.52,4.29,68.5,8.63,0.0
2025,5,4,0,2025-05-04 00:00:00,0.0,0.0,22.04,3.97,67.08,19.09,0.0
2025,5,4,1,2025-05-04 01:00:00,0.0,0.0,21.81,4.38,69.74,19.7,0.0
2025,5,4,2,2025-05-04 02:00:00,0.0,0.0,21.76,5.18,71.82,3.56,0.0
2025,5,4,3,2025-05-04 03:00:00,0.0,0.0,20.95,3.44,72.65,28.32,0.0
2025,5,4,4,2025-05-04 04:00:00,0.0,0.0,20.9,3.84,71.92,19.44,0.0
2025,5,4,5,2025-05-04 05:00:00,0.0,0.0,19.88,5.1,71.11,35.5,0.0
2025,5,4,6,2025-05-04 06:00:00,93.76,86.59,21.73,4.44,72.42,10.2,44.69
2025,5,4,7,2025-05-04 07:00:00,322.9,310.56,21.32,5.21,67.45,5.09,152.46
2025,5,4,8,2025-05-04 08:00:00,536.42,460.87,24.38,4.59,67.91,18.78,228.27
2025,5,4,9,2025-05-04 09:00:00,719.78,585.75,24.38,5.84,67.54,24.83,280.73
2025,5,4,10,2025-05-04 10:00:00,860.47,675.14,26.97,3.99,69.45,28.72,325.06
2025,5,4,11,2025-05-04 11:00:00,948.92,912.9,28.08,4.08,64.72,5.06,431.46
2025,5,4,12,2025-05-04 12:00:00,979.08,746.05,28.18,4.1,61.96,31.74,354.67
2025,5,4,13,2025-05-04 13:00:00,948.92,822.12,28.44,4.4,53.52,17.82,390.98
2025,5,4,14,2025-05-04 14:00:00,860.47,795.83,31.0,3.17,63.21,10.02,376.63
2025,5,4,15,2025-05-04 15:00:00,719.78,632.12,30.34,2.35,57.81,16.24,289.88
2025,5,4,16,2025-05-04 16:00:00,536.42,428.67,28.31,1.94,56.34,26.78,198.4
2025,5,4,17,2025-05-04 17:00:00,322.9,306.41,29.6,2.06,61.09,6.81,141.3
2025,5,4,18,2025-05-04 18:00:00,93.76,78.24,28.32,1.45,60.87,22.07,37.88
2025,5,4,19,2025-05-04 19:00:00,0.0,0.0,28.89,2.07,57.66,4.38,0.0
2025,5,4,20,2025-05-04 20:00:00,0.0,0.0,26.52,1.14,59.73,17.54,0.0
2025,5,4,21,2025-05-04 21:00:00,0.0,0.0,25.86,3.31,64.55,6.26,0.0
2025,5,4,22,2025-05-04 22:00:00,0.0,0.0,22.63,3.35,70.43,33.44,0.0
2025,5,4,23,2025-05-04 23:00:00,0.0,0.0,24.12,0.94,67.23,37.75,0.0
2025,5,5,0,2025-05-05 00:00:00,0.0,0.0,19.96,3.94,69.48,18.53,0.0
2025,5,5,1,2025-05-05 01:00:00,0.0,0.0,21.27,2.78,69.52,35.07,0.0
2025,5,5,2,2025-05-05 02:00:00,0.0,0.0,20.28,5.24,70.42,29.61,0.0
2025,5,5,3,2025-05-05 03:00:00,0.0,0.0,21.51,4.74,74.55,15.61,0.0
2025,5,5,4,2025-05-05 04:00:00,0.0,0.0,20.11,5.9,68.03,19.31,0.0
2025,5,5,5,2025-05-05 05:00:00,0.0,0.0,21.85,5.62,68.11,4.63,0.0
2025,5,5,6,2025-05-05 06:00:00,95.42,72.1,22.35,4.95,72.42,32.58,34.84
2025,5,5,7,2025-05-05 07:00:00,324.11,265.56,22.32,5.04,65.21,24.09,129.6
2025,5,5,8,2025-05-05 08:00:00,537.22,495.21,23.86,5.75,67.83,10.43,234.73
2025,5,5,9,2025-05-05 09:00:00,720.21,635.31,24.85,5.51,63.98,15.72,301.21
2025,5,5,10,2025-05-05 10:00:00,860.63,782.79,26.98,5.3,58.92,12.06,373.95
2025,5,5,11,2025-05-05 11:00:00,948.9,730.46,27.37,4.02,67.84,30.69,350.28
2025,5,5,12,2025-05-05 12:00:00,979.01,693.92,29.45,3.82,55.33,38.83,333.21
2025,5,5,13,2025-05-05 13:00:00,948.9,723.41,28.99,3.27,58.05,31.69,339.5
2025,5,5,14,2025-05-05 14:00:00,860.63,678.15,30.99,2.15,54.5,28.27,322.72
2025,5,5,15,2025-05-05 15:00:00,720.21,570.77,30.55,2.61,59.74,27.67,263.35
2025,5,5,16,2025-05-05 16:00:00,537.22,416.92,30.73,1.93,61.22,29.86,193.47
2025,5,5,17,2025-05-05 17:00:00,324.11,263.78,28.98,2.59,63.22,24.82,122.62
2025,5,5,18,2025-05-05 18:00:00,95.42,84.93,28.67,2.97,60.04,14.66,34.29
2025,5,5,19,2025-05-05 19:00:00,0.0,0.0,28.61,2.45,58.18,16.71,0.0
2025,5,5,20,2025-05-05 20:00:00,0.0,0.0,26.19,2.62,61.99,8.37,0.0
2025,5,5,21,2025-05-05 21:00:00,0.0,0.0,24.99,2.04,62.58,20.39,0.0
2025,5,5,22,2025-05-05 22:00:00,0.0,0.0,23.65,2.96,65.86,18.47,0.0
2025,5,5,23,2025-05-05 23:00:00,0.0,0.0,22.99,3.39,74.4,31.74,0.0
2025,5,6,0,2025-05-06 00:00:00,0.0,0.0,23.37,4.05,65.65,10.86,0.0
2025,5,6,1,2025-05-06 01:00:00,0.0,0.0,20.8,3.77,67.36,28.92,0.0
2025,5,6,2,2025-05-06 02:00:00,0.0,0.0,20.15,2.4,71.0,35.4,0.0
2025,5,6,3,2025-05-06 03:00:00,0.0,0.0,20.84,4.71,73.96,21.56,0.0
2025,5,6,4,2025-05-06 04:00:00,0.0,0.0,20.27,4.36,69.51,27.69,0.0
2025,5,6,5,2025-05-06 05:00:00,0.0,0.0,22.55,3.19,70.29,28.33,0.0
2025,5,6,6,2025-05-06 06:00:00,97.05,83.85,21.85,4.32,72.66,18.14,38.6
2025,5,6,7,2025-05-06 07:00:00,325.29,252.94,22.4,3.97,70.27,29.66,118.89
2025,5,6,8,2025-05-06 08:00:00,537.98,431.66,25.03,2.71,68.63,26.35,207.22
2025,5,6,9,2025-05-06 09:00:00,720.62,609.6,25.83,3.78,64.67,20.54,293.92
2025,5,6,10,2025-05-06 10:00:00,860.76,738.96,28.53,5.19,66.04,18.87,349.2
2025,5,6,11,2025-05-06 11:00:00,948.86,719.09,28.9,4.45,62.05,32.29,342.29
2025,5,6,12,2025-05-06 12:00:00,978.91,693.35,28.27,3.71,58.01,38.89,329.76
2025,5,6,13,2025-05-06 13:00:00,948.86,679.51,29.93,3.2,58.04,37.85,315.64
2025,5,6,14,2025-05-06 14:00:00,860.76,790.58,29.14,2.65,63.19,10.87,370.76
2025,5,6,15,2025-05-06 15:00:00,720.62,659.37,30.33,3.41,60.21,11.33,308.12
2025,5,6,16,2025-05-06 16:00:00,537.98,424.63,31.01,3.86,63.39,28.09,202.27
2025,5,6,17,2025-05-06 17:00:00,325.29,256.67,29.83,3.42,61.47,28.13,118.64
2025,5,6,18,2025-05-06 18:00:00,97.05,79.75,28.4,1.5,62.3,23.78,37.37
2025,5,6,19,2025-05-06 19:00:00,0.0,0.0,26.77,2.6,58.21,26.54,0.0
2025,5,6,20,2025-05-06 20:00:00,0.0,0.0,26.27,2.11,63.82,39.93,0.0
2025,5,6,21,2025-05-06 21:00:00,0.0,0.0,25.88,3.1,64.97,27.05,0.0
2025,5,6,22,2025-05-06 22:00:00,0.0,0.0,24.23,3.05,68.07,30.23,0.0
2025,5,6,23,2025-05-06 23:00:00,0.0,0.0,22.56,1.84,63.98,29.45,0.0
2025,5,7,0,2025-05-07 00:00:00,0.0,0.0,22.67,2.72,71.82,19.79,0.0
2025,5,7,1,2025-05-07 01:00:00,0.0,0.0,20.34,3.23,69.45,33.9,0.0
2025,5,7,2,2025-05-07 02:00:00,0.0,0.0,19.68,3.14,70.04,18.18,0.0
2025,5,7,3,2025-05-07 03:00:00,0.0,0.0,20.2,4.18,71.55,26.23,0.0
2025,5,7,4,2025-05-07 04:00:00,0.0,0.0,20.44,3.67,77.01,14.56,0.0
2025,5,7,5,2025-05-07 05:00:00,0.0,0.0,20.47,5.6,71.14,34.87,0.0
2025,5,7,6,2025-05-07 06:00:00,98.65,79.0,21.83,4.79,66.72,26.56,32.72
2025,5,7,7,2025-05-07 07:00:00,326.45,237.85,21.58,4.79,62.61,36.19,118.75
2025,5,7,8,2025-05-07 08:00:00,538.72,431.7,24.82,3.04,62.15,26.49,212.21
2025,5,7,9,2025-05-07 09:00:00,721.0,497.43,25.85,2.64,66.52,41.34,245.3
2025,5,7,10,2025-05-07 10:00:00,860.86,776.02,27.7,4.91,61.26,13.14,368.03
2025,5,7,11,2025-05-07 11:00:00,948.79,864.49,29.85,4.61,62.38,11.85,407.05
2025,5,7,12,2025-05-07 12:00:00,978.78,675.57,29.43,4.62,58.38,41.3,315.86
2025,5,7,13,2025-05-07 13:00:00,948.79,800.35,30.95,4.65,61.65,20.86,382.83
2025,5,7,14,2025-05-07 14:00:00,860.86,797.87,31.34,3.64,52.44,9.76,372.95
2025,5,7,15,2025-05-07 15:00:00,721.0,513.36,30.23,2.06,62.41,38.4,246.64
2025,5,7,16,2025-05-07 16:00:00,538.72,478.88,29.96,2.09,58.58,14.81,218.27
2025,5,7,17,2025-05-07 17:00:00,326.45,228.24,30.42,1.81,58.93,40.11,105.14
2025,5,7,18,2025-05-07 18:00:00,98.65,80.28,28.88,2.11,61.1,24.83,32.71
2025,5,7,19,2025-05-07 19:00:00,0.0,0.0,28.16,3.16,67.54,18.25,0.0
2025,5,7,20,2025-05-07 20:00:00,0.0,0.0,26.88,1.21,65.11,33.97,0.0
2025,5,7,21,2025-05-07 21:00:00,0.0,0.0,23.67,0.5,60.77,30.41,0.0
2025,5,7,22,2025-05-07 22:00:00,0.0,0.0,25.65,2.23,69.09,19.33,0.0
2025,5,7,23,2025-05-07 23:00:00,0.0,0.0,23.75,3.27,70.41,19.75,0.0
2025,5,8,0,2025-05-08 00:00:00,0.0,0.0,21.49,2.9,68.05,13.16,0.0
2025,5,8,1,2025-05-08 01:00:00,0.0,0.0,21.06,3.49,75.87,32.49,0.0
2025,5,8,2,2025-05-08 02:00:00,0.0,0.0,20.35,4.52,71.83,19.12,0.0
2025,5,8,3,2025-05-08 03:00:00,0.0,0.0,21.46,3.75,74.66,14.43,0.0
2025,5,8,4,2025-05-08 04:00:00,0.0,0.0,20.35,5.07,66.92,13.43,0.0
2025,5,8,5,2025-05-08 05:00:00,0.0,0.0,20.52,5.11,73.09,40.3,0.0
2025,5,8,6,2025-05-08 06:00:00,100.22,91.58,21.07,5.55,72.63,11.5,46.13
2025,5,8,7,2025-05-08 07:00:00,327.57,293.41,23.25,3.44,70.29,13.9,147.6
2025,5,8,8,2025-05-08 08:00:00,539.42,397.78,24.31,4.36,74.01,35.01,194.05
2025,5,8,9,2025-05-08 09:00:00,721.35,636.88,26.98,3.85,69.16,15.61,293.42
2025,5,8,10,2025-05-08 10:00:00,860.94,592.99,26.57,4.43,64.41,41.5,283.63
2025,5,8,11,2025-05-08 11:00:00,948.7,816.72,28.91,4.17,64.97,18.55,379.59
2025,5,8,12,2025-05-08 12:00:00,978.63,759.37,30.28,3.71,60.53,29.87,357.68
2025,5,8,13,2025-05-08 13:00:00,948.7,692.31,28.13,3.16,59.09,36.03,332.63
2025,5,8,14,2025-05-08 14:00:00,860.94,754.16,29.61,2.04,59.28,16.54,359.72
2025,5,8,15,2025-05-08 15:00:00,721.35,629.18,31.14,3.04,62.78,17.04,296.8
2025,5,8,16,2025-05-08 16:00:00,539.42,422.62,30.43,1.62,61.02,28.87,198.73
2025,5,8,17,2025-05-08 17:00:00,327.57,261.68,30.97,2.37,59.36,26.82,117.34
2025,5,8,18,2025-05-08 18:00:00,100.22,68.86,29.36,1.88,61.78,41.72,34.17
2025,5,8,19,2025-05-08 19:00:00,0.0,0.0,27.59,1.79,62.67,33.17,0.0
2025,5,8,20,2025-05-08 20:00:00,0.0,0.0,27.58,3.28,57.27,24.28,0.0
2025,5,8,21,2025-05-08 21:00:00,0.0,0.0,23.84,2.33,62.55,25.96,0.0
2025,5,8,22,2025-05-08 22:00:00,0.0,0.0,23.81,2.54,70.5,16.99,0.0
2025,5,8,23,2025-05-08 23:00:00,0.0,0.0,23.11,4.03,66.53,32.48,0.0
2025,5,9,0,2025-05-09 00:00:00,0.0,0.0,23.33,3.74,68.78,43.0,0.0
2025,5,9,1,2025-05-09 01:00:00,0.0,0.0,21.7,3.83,69.75,9.73,0.0
2025,5,9,2,2025-05-09 02:00:00,0.0,0.0,21.26,4.1,73.79,38.81,0.0
2025,5,9,3,2025-05-09 03:00:00,0.0,0.0,19.44,4.19,69.92,40.27,0.0
2025,5,9,4,2025-05-09 04:00:00,0.0,0.0,21.96,3.68,67.03,26.77,0.0
2025,5,9,5,2025-05-09 05:00:00,0.0,0.0,21.56,4.08,68.32,35.66,0.0
2025,5,9,6,2025-05-09 06:00:00,101.75,74.15,21.75,5.19,67.16,36.16,30.48
2025,5,9,7,2025-05-09 07:00:00,328.66,249.19,21.84,4.85,65.71,32.24,122.26
2025,5,9,8,2025-05-09 08:00:00,540.1,414.3,25.55,4.79,63.49,31.06,202.35
2025,5,9,9,2025-05-09 09:00:00,721.67,523.53,26.19,5.23,69.67,36.61,247.16
2025,5,9,10,2025-05-09 10:00:00,861.0,755.17,27.64,4.01,65.22,16.39,363.26
2025,5,9,11,2025-05-09 11:00:00,948.58,835.55,28.54,4.06,60.69,15.89,398.2
2025,5,9,12,2025-05-09 12:00:00,978.45,874.27,30.95,4.08,56.59,14.2,412.66
2025,5,9,13,2025-05-09 13:00:00,948.58,642.49,30.32,3.73,56.93,43.02,302.99
2025,5,9,14,2025-05-09 14:00:00,861.0,604.35,30.67,2.69,60.47,39.74,287.78
2025,5,9,15,2025-05-09 15:00:00,721.67,592.14,31.42,3.0,57.29,23.93,277.33
2025,5,9,16,2025-05-09 16:00:00,540.1,467.27,30.65,2.29,56.86,17.98,217.94
2025,5,9,17,2025-05-09 17:00:00,328.66,295.23,29.9,3.08,59.12,13.56,138.48
2025,5,9,18,2025-05-09 18:00:00,101.75,76.68,30.56,2.95,63.34,32.86,37.02
2025,5,9,19,2025-05-09 19:00:00,0.0,0.0,28.82,3.06,60.92,27.89,0.0
2025,5,9,20,2025-05-09 20:00:00,0.0,0.0,27.58,4.03,63.06,10.56,0.0
2025,5,9,21,2025-05-09 21:00:00,0.0,0.0,26.31,2.53,68.82,39.59,0.0
2025,5,9,22,2025-05-09 22:00:00,0.0,0.0,24.1,1.58,67.9,22.62,0.0
2025,5,9,23,2025-05-09 23:00:00,0.0,0.0,22.73,3.77,69.76,29.43,0.0
2025,5,10,0,2025-05-10 00:00:00,0.0,0.0,22.1,4.55,69.09,13.64,0.0
2025,5,10,1,2025-05-10 01:00:00,0.0,0.0,21.22,2.64,69.46,13.53,0.0
2025,5,10,2,2025-05-10 02:00:00,0.0,0.0,20.39,4.17,74.75,39.66,0.0
2025,5,10,3,2025-05-10 03:00:00,0.0,0.0,20.66,6.86,65.32,13.64,0.0
2025,5,10,4,2025-05-10 04:00:00,0.0,0.0,22.07,3.77,74.89,20.9,0.0
2025,5,10,5,2025-05-10 05:00:00,0.0,0.0,21.51,4.63,63.52,27.07,0.0
2025,5,10,6,2025-05-10 06:00:00,103.25,94.84,23.44,4.76,68.51,10.87,51.12
2025,5,10,7,2025-05-10 07:00:00,329.72,282.44,25.4,4.59,63.99,19.12,142.15
2025,5,10,8,2025-05-10 08:00:00,540.75,448.35,24.64,4.53,70.66,22.79,216.1
2025,5,10,9,2025-05-10 09:00:00,721.97,652.89,25.73,3.75,65.34,12.76,308.01
2025,5,10,10,2025-05-10 10:00:00,861.03,626.87,26.86,3.03,63.43,36.26,304.84
2025,5,10,11,2025-05-10 11:00:00,948.44,645.11,29.94,4.37,61.99,42.64,300.89
2025,5,10,12,2025-05-10 12:00:00,978.26,716.98,31.01,3.35,59.08,35.61,332.92
2025,5,10,13,2025-05-10 13:00:00,948.44,640.06,30.51,3.27,59.69,43.35,299.75
2025,5,10,14,2025-05-10 14:00:00,861.03,662.69,31.17,2.03,59.21,30.71,313.27
2025,5,10,15,2025-05-10 15:00:00,721.97,494.9,31.99,3.5,58.13,41.94,229.74
2025,5,10,16,2025-05-10 16:00:00,540.75,408.3,31.09,2.17,56.43,32.66,186.73
2025,5,10,17,2025-05-10 17:00:00,329.72,289.32,29.13,1.02,68.28,16.34,136.61
2025,5,10,18,2025-05-10 18:00:00,103.25,76.65,28.72,2.56,64.87,34.36,39.2
2025,5,10,19,2025-05-10 19:00:00,0.0,0.0,28.62,2.1,62.72,35.33,0.0
2025,5,10,20,2025-05-10 20:00:00,0.0,0.0,27.97,2.29,64.6,33.52,0.0
2025,5,10,21,2025-05-10 21:00:00,0.0,0.0,25.84,2.7,64.9,13.78,0.0
2025,5,10,22,2025-05-10 22:00:00,0.0,0.0,24.11,2.53,62.24,40.12,0.0
2025,5,10,23,2025-05-10 23:00:00,0.0,0.0,23.19,3.93,72.66,17.54,0.0
2025,5,11,0,2025-05-11 00:00:00,0.0,0.0,22.87,2.86,67.48,16.33,0.0
2025,5,11,1,2025-05-11 01:00:00,0.0,0.0,20.95,4.36,69.56,14.3,0.0
2025,5,11,2,2025-05-11 02:00:00,0.0,0.0,20.4,3.34,72.68,23.7,0.0
2025,5,11,3,2025-05-11 03:00:00,0.0,0.0,21.14,4.18,73.22,11.66,0.0
2025,5,11,4,2025-05-11 04:00:00,0.0,0.0,22.51,5.15,68.49,23.06,0.0
2025,5,11,5,2025-05-11 05:00:00,0.0,0.0,20.94,4.69,73.86,12.48,0.0
2025,5,11,6,2025-05-11 06:00:00,104.72,81.73,22.28,3.39,68.08,29.27,33.88
2025,5,11,7,2025-05-11 07:00:00,330.75,274.43,23.72,4.26,67.98,22.71,133.1
2025,5,11,8,2025-05-11 08:00:00,541.38,477.59,24.95,4.05,68.67,15.71,229.04
2025,5,11,9,2025-05-11 09:00:00,722.25,623.76,25.3,4.19,64.33,18.18,294.72
2025,5,11,10,2025-05-11 10:00:00,861.04,709.3,25.38,4.54,60.05,23.5,340.58
2025,5,11,11,2025-05-11 11:00:00,948.28,838.99,29.84,4.26,62.11,15.37,393.21
2025,5,11,12,2025-05-11 12:00:00,978.04,655.83,28.96,3.62,61.59,43.93,310.54
2025,5,11,13,2025-05-11 13:00:00,948.28,678.93,30.1,1.91,58.36,37.87,321.06
2025,5,11,14,2025-05-11 14:00:00,861.04,636.7,30.2,3.38,59.93,34.74,300.03
2025,5,11,15,2025-05-11 15:00:00,722.25,628.92,29.71,1.21,62.13,17.23,295.0
2025,5,11,16,2025-05-11 16:00:00,541.38,443.99,30.91,3.07,66.27,23.99,200.22
2025,5,11,17,2025-05-11 17:00:00,330.75,269.0,29.96,1.69,53.33,24.9,124.56
2025,5,11,18,2025-05-11 18:00:00,104.72,80.32,29.43,2.86,61.42,31.07,38.42
2025,5,11,19,2025-05-11 19:00:00,0.0,0.0,29.12,3.52,58.14,27.18,0.0
2025,5,11,20,2025-05-11 20:00:00,0.0,0.0,26.2,3.24,65.75,22.27,0.0
2025,5,11,21,2025-05-11 21:00:00,0.0,0.0,25.9,3.14,64.23,31.16,0.0
2025,5,11,22,2025-05-11 22:00:00,0.0,0.0,24.81,2.42,68.99,17.65,0.0
2025,5,11,23,2025-05-11 23:00:00,0.0,0.0,22.82,2.91,66.12,21.01,0.0
2025,5,12,0,2025-05-12 00:00:00,0.0,0.0,24.38,3.68,63.87,35.27,0.0
2025,5,12,1,2025-05-12 01:00:00,0.0,0.0,21.81,4.17,69.47,40.23,0.0
2025,5,12,2,2025-05-12 02:00:00,0.0,0.0,20.29,4.42,70.24,21.06,0.0
2025,5,12,3,2025-05-12 03:00:00,0.0,0.0,21.47,3.92,76.34,14.66,0.0
2025,5,12,4,2025-05-12 04:00:00,0.0,0.0,21.86,3.49,72.48,44.4,0.0
2025,5,12,5,2025-05-12 05:00:00,0.0,0.0,20.48,4.24,71.13,36.48,0.0
2025,5,12,6,2025-05-12 06:00:00,106.16,80.88,23.34,4.63,68.09,31.75,37.13
2025,5,12,7,2025-05-12 07:00:00,331.76,233.56,24.16,3.63,67.69,39.47,115.06
2025,5,12,8,2025-05-12 08:00:00,541.98,417.82,25.94,4.2,62.14,30.54,198.09
2025,5,12,9,2025-05-12 09:00:00,722.5,465.07,25.52,1.44,63.47,47.51,230.1
2025,5,12,10,2025-05-12 10:00:00,861.03,738.9,26.84,3.66,67.49,18.91,348.46
2025,5,12,11,2025-05-12 11:00:00,948.1,716.88,28.57,2.9,67.31,32.52,339.47
2025,5,12,12,2025-05-12 12:00:00,977.8,649.24,29.89,3.52,62.21,44.8,304.27
2025,5,12,13,2025-05-12 13:00:00,948.1,700.57,30.62,2.87,61.32,34.81,333.26
2025,5,12,14,2025-05-12 14:00:00,861.03,706.19,30.09,3.66,58.84,23.98,330.75
2025,5,12,15,2025-05-12 15:00:00,722.5,646.01,30.96,3.61,58.22,14.12,305.12
2025,5,12,16,2025-05-12 16:00:00,541.98,419.64,30.58,3.1,55.01,30.1,196.6
2025,5,12,17,2025-05-12 17:00:00,331.76,251.17,30.43,2.71,58.2,32.39,117.65
2025,5,12,18,2025-05-12 18:00:00,106.16,79.28,30.84,2.81,63.42,33.76,41.61
2025,5,12,19,2025-05-12 19:00:00,0.0,0.0,28.99,2.73,63.82,21.09,0.0
2025,5,12,20,2025-05-12 20:00:00,0.0,0.0,27.48,1.03,59.85,46.09,0.0
2025,5,12,21,2025-05-12 21:00:00,0.0,0.0,26.82,2.94,67.82,42.17,0.0
2025,5,12,22,2025-05-12 22:00:00,0.0,0.0,25.85,1.71,67.61,23.74,0.0
2025,5,12,23,2025-05-12 23:00:00,0.0,0.0,23.93,3.62,67.77,24.6,0.0
2025,5,13,0,2025-05-13 00:00:00,0.0,0.0,22.14,3.11,69.5,27.81,0.0
2025,5,13,1,2025-05-13 01:00:00,0.0,0.0,22.66,5.62,70.78,44.05,0.0
2025,5,13,2,2025-05-13 02:00:00,0.0,0.0,22.44,5.02,70.63,34.14,0.0
2025,5,13,3,2025-05-13 03:00:00,0.0,0.0,21.73,4.64,67.69,41.49,0.0
2025,5,13,4,2025-05-13 04:00:00,0.0,0.0,22.43,4.92,69.66,37.68,0.0
2025,5,13,5,2025-05-13 05:00:00,0.0,0.0,21.49,5.4,69.41,45.36,0.0
2025,5,13,6,2025-05-13 06:00:00,107.56,86.7,23.13,4.62,68.89,25.85,41.79
2025,5,13,7,2025-05-13 07:00:00,332.73,233.02,24.78,4.9,65.23,39.96,118.37
2025,5,13,8,2025-05-13 08:00:00,542.56,375.01,23.69,5.01,68.44,41.17,186.39
2025,5,13,9,2025-05-13 09:00:00,722.74,644.62,26.39,4.68,67.75,14.41,297.42
2025,5,13,10,2025-05-13 10:00:00,860.99,676.84,28.35,3.79,63.08,28.52,321.56
2025,5,13,11,2025-05-13 11:00:00,947.91,696.76,29.34,2.81,64.15,35.33,323.5
2025,5,13,12,2025-05-13 12:00:00,977.55,689.35,32.08,4.26,60.76,39.31,324.07
2025,5,13,13,2025-05-13 13:00:00,947.91,781.06,30.27,1.47,57.5,23.47,367.36
2025,5,13,14,2025-05-13 14:00:00,860.99,642.35,31.15,3.36,57.19,33.86,293.04
2025,5,13,15,2025-05-13 15:00:00,722.74,566.87,31.72,3.1,58.16,28.75,261.36
2025,5,13,16,2025-05-13 16:00:00,542.56,354.04,31.97,2.45,59.53,46.33,161.45
2025,5,13,17,2025-05-13 17:00:00,332.73,257.96,30.62,3.51,59.21,29.96,117.11
2025,5,13,18,2025-05-13 18:00:00,107.56,69.8,29.64,0.91,58.94,46.81,25.27
2025,5,13,19,2025-05-13 19:00:00,0.0,0.0,28.45,2.85,61.84,41.08,0.0
2025,5,13,20,2025-05-13 20:00:00,0.0,0.0,26.66,1.9,64.3,31.95,0.0
2025,5,13,21,2025-05-13 21:00:00,0.0,0.0,26.34,2.16,67.35,29.04,0.0
2025,5,13,22,2025-05-13 22:00:00,0.0,0.0,24.21,3.87,72.69,27.41,0.0
2025,5,13,23,2025-05-13 23:00:00,0.0,0.0,23.52,4.11,67.34,22.43,0.0
2025,5,14,0,2025-05-14 00:00:00,0.0,0.0,23.72,3.99,70.23,40.19,0.0
2025,5,14,1,2025-05-14 01:00:00,0.0,0.0,20.83,3.5,65.26,29.09,0.0
2025,5,14,2,2025-05-14 02:00:00,0.0,0.0,21.29,4.37,73.39,26.3,0.0
2025,5,14,3,2025-05-14 03:00:00,0.0,0.0,20.8,3.06,68.2,50.0,0.0
2025,5,14,4,2025-05-14 04:00:00,0.0,0.0,20.9,4.88,65.82,47.75,0.0
2025,5,14,5,2025-05-14 05:00:00,0.0,0.0,23.54,4.47,67.38,47.13,0.0
2025,5,14,6,2025-05-14 06:00:00,108.93,78.52,21.63,5.01,65.47,37.22,44.31
2025,5,14,7,2025-05-14 07:00:00,333.68,272.25,24.85,5.19,71.45,24.55,126.81
2025,5,14,8,2025-05-14 08:00:00,543.11,353.9,24.49,5.61,71.69,46.45,167.5
2025,5,14,9,2025-05-14 09:00:00,722.95,500.29,25.18,4.42,67.39,41.06,242.7
2025,5,14,10,2025-05-14 10:00:00,860.94,584.66,27.21,1.76,60.0,42.79,285.06
2025,5,14,11,2025-05-14 11:00:00,947.69,653.33,28.18,3.91,59.85,41.41,312.24
2025,5,14,12,2025-05-14 12:00:00,977.28,839.59,30.31,4.27,57.04,18.79,393.74
2025,5,14,13,2025-05-14 13:00:00,947.69,652.35,30.67,3.07,59.86,41.55,309.59
2025,5,14,14,2025-05-14 14:00:00,860.94,552.77,32.8,2.97,59.07,47.73,256.47
2025,5,14,15,2025-05-14 15:00:00,722.95,576.82,30.75,2.4,58.03,26.95,269.26
2025,5,14,16,2025-05-14 16:00:00,543.11,434.72,31.03,2.13,61.68,26.61,204.41
2025,5,14,17,2025-05-14 17:00:00,333.68,244.06,31.09,2.22,59.76,35.81,118.46
2025,5,14,18,2025-05-14 18:00:00,108.93,74.41,30.17,2.13,56.74,42.25,32.88
2025,5,14,19,2025-05-14 19:00:00,0.0,0.0,28.85,2.42,67.44,23.03,0.0
2025,5,14,20,2025-05-14 20:00:00,0.0,0.0,28.3,2.59,65.01,18.15,0.0
2025,5,14,21,2025-05-14 21:00:00,0.0,0.0,25.91,2.42,66.41,41.5,0.0
2025,5,14,22,2025-05-14 22:00:00,0.0,0.0,26.45,2.11,65.04,50.05,0.0
2025,5,14,23,2025-05-14 23:00:00,0.0,0.0,25.39,2.99,69.27,17.17,0.0
2025,5,15,0,2025-05-15 00:00:00,0.0,0.0,22.53,4.59,69.63,40.38,0.0
2025,5,15,1,2025-05-15 01:00:00,0.0,0.0,20.96,4.28,72.52,22.3,0.0
2025,5,15,2,2025-05-15 02:00:00,0.0,0.0,20.25,3.7,71.42,43.39,0.0
2025,5,15,3,2025-05-15 03:00:00,0.0,0.0,21.97,5.22,68.0,26.39,0.0
2025,5,15,4,2025-05-15 04:00:00,0.0,0.0,19.64,3.51,71.44,30.8,0.0
2025,5,15,5,2025-05-15 05:00:00,0.0,0.0,21.08,5.0,68.74,20.89,0.0
2025,5,15,6,2025-05-15 06:00:00,110.27,81.46,24.57,4.94,68.73,34.83,43.32
2025,5,15,7,2025-05-15 07:00:00,334.59,280.97,23.9,3.8,62.33,21.37,138.24
2025,5,15,8,2025-05-15 08:00:00,543.63,401.04,24.82,4.91,72.21,34.97,192.54
2025,5,15,9,2025-05-15 09:00:00,723.14,620.65,27.86,3.5,68.9,18.9,294.27
2025,5,15,10,2025-05-15 10:00:00,860.88,717.42,28.77,3.06,67.19,22.22,340.67
2025,5,15,11,2025-05-15 11:00:00,947.46,725.47,29.32,3.43,67.65,31.24,344.61
2025,5,15,12,2025-05-15 12:00:00,977.0,699.82,27.58,4.43,61.4,37.83,331.36
2025,5,15,13,2025-05-15 13:00:00,947.46,737.31,30.78,2.48,58.25,29.57,348.02
2025,5,15,14,2025-05-15 14:00:00,860.88,609.86,30.48,4.21,61.74,38.88,289.43
2025,5,15,15,2025-05-15 15:00:00,723.14,546.42,32.43,2.61,54.39,32.58,255.76
2025,5,15,16,2025-05-15 16:00:00,543.63,421.47,30.72,0.91,59.0,29.96,199.78
2025,5,15,17,2025-05-15 17:00:00,334.59,283.15,30.76,1.63,59.78,20.5,132.01
2025,5,15,18,2025-05-15 18:00:00,110.27,96.12,30.22,2.26,56.44,17.1,38.87
2025,5,15,19,2025-05-15 19:00:00,0.0,0.0,29.77,2.91,58.82,31.53,0.0
2025,5,15,20,2025-05-15 20:00:00,0.0,0.0,27.62,0.83,53.55,33.7,0.0
2025,5,15,21,2025-05-15 21:00:00,0.0,0.0,28.07,1.97,65.86,33.74,0.0
2025,5,15,22,2025-05-15 22:00:00,0.0,0.0,25.75,3.68,59.89,30.73,0.0
2025,5,15,23,2025-05-15 23:00:00,0.0,0.0,24.27,3.25,69.72,40.62,0.0
2025,5,16,0,2025-05-16 00:00:00,0.0,0.0,23.34,2.4,69.38,51.08,0.0
2025,5,16,1,2025-05-16 01:00:00,0.0,0.0,21.24,3.56,73.44,35.61,0.0
2025,5,16,2,2025-05-16 02:00:00,0.0,0.0,20.75,4.29,65.93,28.79,0.0
2025,5,16,3,2025-05-16 03:00:00,0.0,0.0,21.79,4.67,76.55,30.14,0.0
2025,5,16,4,2025-05-16 04:00:00,0.0,0.0,21.2,3.38,71.49,28.71,0.0
2025,5,16,5,2025-05-16 05:00:00,0.0,0.0,24.03,4.07,74.51,17.97,0.0
2025,5,16,6,2025-05-16 06:00:00,111.57,70.89,22.39,3.94,70.03,48.62,47.6
2025,5,16,7,2025-05-16 07:00:00,335.48,286.5,25.13,4.04,69.28,19.47,139.72
2025,5,16,8,2025-05-16 08:00:00,544.13,350.15,25.7,4.52,66.09,47.53,164.85
2025,5,16,9,2025-05-16 09:00:00,723.31,515.8,27.29,4.26,62.76,38.25,245.42
2025,5,16,10,2025-05-16 10:00:00,860.79,611.3,26.81,4.39,63.33,38.65,284.93
2025,5,16,11,2025-05-16 11:00:00,947.22,745.25,30.06,1.8,60.42,28.43,350.34
2025,5,16,12,2025-05-16 12:00:00,976.7,608.99,27.69,2.56,63.75,50.2,292.16
2025,5,16,13,2025-05-16 13:00:00,947.22,743.18,31.13,2.75,61.24,28.72,350.7
2025,5,16,14,2025-05-16 14:00:00,860.79,625.89,31.51,2.02,55.48,36.39,291.34
2025,5,16,15,2025-05-16 15:00:00,723.31,460.46,31.67,3.05,59.57,48.45,216.48
2025,5,16,16,2025-05-16 16:00:00,544.13,373.19,30.78,1.06,54.48,41.89,175.8
2025,5,16,17,2025-05-16 17:00:00,335.48,221.72,31.15,2.94,60.15,45.21,106.96
2025,5,16,18,2025-05-16 18:00:00,111.57,86.47,31.82,3.49,62.58,29.99,43.43
2025,5,16,19,2025-05-16 19:00:00,0.0,0.0,28.43,1.75,56.15,20.24,0.0
2025,5,16,20,2025-05-16 20:00:00,0.0,0.0,27.85,3.08,56.57,22.22,0.0
2025,5,16,21,2025-05-16 21:00:00,0.0,0.0,27.19,3.55,72.14,23.4,0.0
2025,5,16,22,2025-05-16 22:00:00,0.0,0.0,24.66,3.46,69.32,22.78,0.0
2025,5,16,23,2025-05-16 23:00:00,0.0,0.0,23.92,3.08,67.38,28.43,0.0
2025,5,17,0,2025-05-17 00:00:00,0.0,0.0,23.79,3.63,70.43,29.65,0.0
2025,5,17,1,2025-05-17 01:00:00,0.0,0.0,21.7,2.9,74.37,22.01,0.0
2025,5,17,2,2025-05-17 02:00:00,0.0,0.0,21.7,4.91,72.91,48.92,0.0
2025,5,17,3,2025-05-17 03:00:00,0.0,0.0,21.87,5.07,69.03,44.09,0.0
2025,5,17,4,2025-05-17 04:00:00,0.0,0.0,22.58,5.2,72.75,26.78,0.0
2025,5,17,5,2025-05-17 05:00:00,0.0,0.0,21.59,4.78,68.86,46.85,0.0
2025,5,17,6,2025-05-17 06:00:00,112.84,68.27,23.02,3.28,73.05,52.66,34.06
2025,5,17,7,2025-05-17 07:00:00,336.34,275.47,21.98,5.16,63.81,24.13,133.93
2025,5,17,8,2025-05-17 08:00:00,544.61,383.03,24.68,4.36,67.38,39.56,187.54
2025,5,17,9,2025-05-17 09:00:00,723.46,528.14,25.64,4.84,65.3,36.0,253.87
2025,5,17,10,2025-05-17 10:00:00,860.69,704.78,28.22,4.72,62.33,24.15,328.94
2025,5,17,11,2025-05-17 11:00:00,946.96,643.16,30.05,4.67,60.32,42.78,302.99
2025,5,17,12,2025-05-17 12:00:00,976.39,645.84,30.05,4.27,60.18,45.14,303.24
2025,5,17,13,2025-05-17 13:00:00,946.96,699.89,30.73,3.78,62.48,34.79,327.2
2025,5,17,14,2025-05-17 14:00:00,860.69,645.56,31.06,2.98,61.4,33.33,304.48
2025,5,17,15,2025-05-17 15:00:00,723.46,479.29,31.75,2.58,56.34,45.0,223.14
2025,5,17,16,2025-05-17 16:00:00,544.61,405.98,32.02,2.04,56.89,33.94,185.65
2025,5,17,17,2025-05-17 17:00:00,336.34,231.31,32.46,1.56,59.42,41.64,110.37
2025,5,17,18,2025-05-17 18:00:00,112.84,84.97,29.39,2.52,56.89,32.93,41.63
2025,5,17,19,2025-05-17 19:00:00,0.0,0.0,28.11,1.38,63.65,52.45,0.0
2025,5,17,20,2025-05-17 20:00:00,0.0,0.0,28.34,1.62,69.49,29.85,0.0
2025,5,17,21,2025-05-17 21:00:00,0.0,0.0,26.51,2.4,64.35,19.2,0.0
2025,5,17,22,2025-05-17 22:00:00,0.0,0.0,24.92,3.16,66.01,43.77,0.0
2025,5,17,23,2025-05-17 23:00:00,0.0,0.0,24.77,2.37,65.72,26.68,0.0
2025,5,18,0,2025-05-18 00:00:00,0.0,0.0,22.99,3.56,71.71,21.63,0.0
2025,5,18,1,2025-05-18 01:00:00,0.0,0.0,21.1,3.39,75.44,51.32,0.0
2025,5,18,2,2025-05-18 02:00:00,0.0,0.0,21.48,5.35,76.49,51.41,0.0
2025,5,18,3,2025-05-18 03:00:00,0.0,0.0,21.76,5.1,73.36,46.52,0.0
2025,5,18,4,2025-05-18 04:00:00,0.0,0.0,20.82,4.45,76.21,34.01,0.0
2025,5,18,5,2025-05-18 05:00:00,0.0,0.0,22.51,4.42,74.49,43.64,0.0
2025,5,18,6,2025-05-18 06:00:00,114.07,73.88,24.68,3.4,67.01,46.98,35.67
2025,5,18,7,2025-05-18 07:00:00,337.17,217.49,24.41,4.12,65.44,47.33,120.32
2025,5,18,8,2025-05-18 08:00:00,545.07,364.37,26.27,5.95,69.34,44.2,169.78
2025,5,18,9,2025-05-18 09:00:00,723.59,508.39,28.33,3.46,60.56,39.65,237.26
2025,5,18,10,2025-05-18 10:00:00,860.58,593.48,28.54,4.69,66.54,41.38,280.58
2025,5,18,11,2025-05-18 11:00:00,946.69,602.07,30.89,5.37,61.98,48.54,287.39
2025,5,18,12,2025-05-18 12:00:00,976.07,748.8,29.75,4.6,60.54,31.05,349.08
2025,5,18,13,2025-05-18 13:00:00,946.69,571.64,31.25,2.22,61.37,52.82,268.97
2025,5,18,14,2025-05-18 14:00:00,860.58,577.9,31.55,1.91,58.13,43.8,273.95
2025,5,18,15,2025-05-18 15:00:00,723.59,608.51,31.46,2.08,61.7,21.21,282.6
2025,5,18,16,2025-05-18 16:00:00,545.07,354.72,32.51,2.44,57.42,46.56,160.58
2025,5,18,17,2025-05-18 17:00:00,337.17,227.06,32.09,3.16,64.82,43.54,105.84
2025,5,18,18,2025-05-18 18:00:00,114.07,95.09,29.32,2.16,63.01,22.19,40.1
2025,5,18,19,2025-05-18 19:00:00,0.0,0.0,28.71,2.79,58.87,40.94,0.0
2025,5,18,20,2025-05-18 20:00:00,0.0,0.0,27.69,2.18,67.17,43.08,0.0
2025,5,18,21,2025-05-18 21:00:00,0.0,0.0,27.82,1.88,64.55,47.71,0.0
2025,5,18,22,2025-05-18 22:00:00,0.0,0.0,26.08,2.9,67.33,49.93,0.0
2025,5,18,23,2025-05-18 23:00:00,0.0,0.0,23.9,3.3,66.05,27.66,0.0
2025,5,19,0,2025-05-19 00:00:00,0.0,0.0,22.53,3.62,73.67,42.93,0.0
2025,5,19,1,2025-05-19 01:00:00,0.0,0.0,22.53,2.87,68.37,24.15,0.0
2025,5,19,2,2025-05-19 02:00:00,0.0,0.0,22.89,4.87,68.67,50.83,0.0
2025,5,19,3,2025-05-19 03:00:00,0.0,0.0,21.39,4.01,67.34,27.19,0.0
2025,5,19,4,2025-05-19 04:00:00,0.0,0.0,23.3,4.8,69.88,46.87,0.0
2025,5,19,5,2025-05-19 05:00:00,0.0,0.0,21.9,4.87,75.77,49.07,0.0
2025,5,19,6,2025-05-19 06:00:00,115.27,75.25,24.22,4.09,67.71,46.29,39.52
2025,5,19,7,2025-05-19 07:00:00,337.97,284.84,24.07,5.39,70.5,20.96,134.89
2025,5,19,8,2025-05-19 08:00:00,545.5,327.51,26.09,4.67,70.58,53.28,150.86
2025,5,19,9,2025-05-19 09:00:00,723.71,568.28,26.62,4.03,68.66,28.64,274.89
2025,5,19,10,2025-05-19 10:00:00,860.45,542.25,27.72,3.57,57.69,49.31,258.07
2025,5,19,11,2025-05-19 11:00:00,946.42,565.61,29.71,3.86,70.25,53.65,266.59
2025,5,19,12,2025-05-19 12:00:00,975.74,692.23,30.7,3.08,57.99,38.74,317.24
2025,5,19,13,2025-05-19 13:00:00,946.42,719.67,32.27,2.63,58.73,31.94,338.47
2025,5,19,14,2025-05-19 14:00:00,860.45,668.7,32.56,3.11,57.85,29.71,313.87
2025,5,19,15,2025-05-19 15:00:00,723.71,569.55,32.35,2.42,57.92,28.4,267.0
2025,5,19,16,2025-05-19 16:00:00,545.5,401.57,32.2,2.52,61.01,35.18,191.97
2025,5,19,17,2025-05-19 17:00:00,337.97,205.24,30.58,2.62,58.42,52.37,102.68
2025,5,19,18,2025-05-19 18:00:00,115.27,71.72,31.29,2.39,56.85,50.37,31.95
2025,5,19,19,2025-05-19 19:00:00,0.0,0.0,28.48,3.35,60.28,45.57,0.0
2025,5,19,20,2025-05-19 20:00:00,0.0,0.0,27.59,2.34,60.58,31.79,0.0
2025,5,19,21,2025-05-19 21:00:00,0.0,0.0,27.54,2.67,67.98,20.59,0.0
2025,5,19,22,2025-05-19 22:00:00,0.0,0.0,25.48,2.38,67.72,33.84,0.0
2025,5,19,23,2025-05-19 23:00:00,0.0,0.0,25.82,3.7,72.4,47.03,0.0
2025,5,20,0,2025-05-20 00:00:00,0.0,0.0,24.47,4.49,67.61,48.22,0.0
2025,5,20,1,2025-05-20 01:00:00,0.0,0.0,23.13,3.25,70.35,22.61,0.0
2025,5,20,2,2025-05-20 02:00:00,0.0,0.0,20.68,2.66,74.33,51.99,0.0
2025,5,20,3,2025-05-20 03:00:00,0.0,0.0,22.62,5.38,66.45,33.68,0.0
2025,5,20,4,2025-05-20 04:00:00,0.0,0.0,21.4,4.43,67.23,36.23,0.0
2025,5,20,5,2025-05-20 05:00:00,0.0,0.0,22.59,4.42,67.38,34.55,0.0
2025,5,20,6,2025-05-20 06:00:00,116.43,84.52,25.22,4.35,73.59,36.54,43.37
2025,5,20,7,2025-05-20 07:00:00,338.75,211.25,23.17,3.91,69.75,50.18,97.29
2025,5,20,8,2025-05-20 08:00:00,545.92,368.96,25.85,5.17,66.42,43.22,176.99
2025,5,20,9,2025-05-20 09:00:00,723.81,598.69,27.62,4.29,63.74,23.05,282.57
2025,5,20,10,2025-05-20 10:00:00,860.32,695.53,29.31,5.23,62.59,25.54,330.66
2025,5,20,11,2025-05-20 11:00:00,946.13,707.4,29.67,2.45,62.72,33.64,326.88
2025,5,20,12,2025-05-20 12:00:00,975.4,583.44,31.98,2.36,62.64,53.58,270.74
2025,5,20,13,2025-05-20 13:00:00,946.13,614.4,31.44,2.2,67.23,46.75,289.16
2025,5,20,14,2025-05-20 14:00:00,860.32,542.78,31.2,3.21,54.15,49.21,258.5
2025,5,20,15,2025-05-20 15:00:00,723.81,503.4,32.14,2.18,61.35,40.6,234.8
2025,5,20,16,2025-05-20 16:00:00,545.92,448.25,31.25,2.73,51.93,23.85,213.57
2025,5,20,17,2025-05-20 17:00:00,338.75,230.12,32.09,1.85,58.26,42.76,104.48
2025,5,20,18,2025-05-20 18:00:00,116.43,89.1,29.74,1.8,62.76,31.31,42.9
2025,5,20,19,2025-05-20 19:00:00,0.0,0.0,30.24,3.41,62.05,26.58,0.0
2025,5,20,20,2025-05-20 20:00:00,0.0,0.0,27.56,0.69,64.51,43.3,0.0
2025,5,20,21,2025-05-20 21:00:00,0.0,0.0,26.22,2.2,65.21,36.91,0.0
2025,5,20,22,2025-05-20 22:00:00,0.0,0.0,25.52,2.87,64.93,55.71,0.0
2025,5,20,23,2025-05-20 23:00:00,0.0,0.0,23.86,4.26,67.19,26.17,0.0
2025,5,21,0,2025-05-21 00:00:00,0.0,0.0,22.64,4.27,70.59,42.86,0.0
2025,5,21,1,2025-05-21 01:00:00,0.0,0.0,22.82,3.42,73.66,25.42,0.0
2025,5,21,2,2025-05-21 02:00:00,0.0,0.0,22.99,5.35,72.87,34.21,0.0
2025,5,21,3,2025-05-21 03:00:00,0.0,0.0,21.91,3.1,70.79,55.98,0.0
2025,5,21,4,2025-05-21 04:00:00,0.0,0.0,21.77,2.37,70.74,37.5,0.0
2025,5,21,5,2025-05-21 05:00:00,0.0,0.0,21.98,4.13,71.72,47.29,0.0
2025,5,21,6,2025-05-21 06:00:00,117.56,92.34,24.57,3.35,74.13,28.61,41.56
2025,5,21,7,2025-05-21 07:00:00,339.5,201.41,24.69,5.44,69.52,54.23,94.15
2025,5,21,8,2025-05-21 08:00:00,546.31,435.75,26.43,3.22,68.21,26.98,207.88
2025,5,21,9,2025-05-21 09:00:00,723.9,491.98,26.1,5.81,63.89,42.72,232.13
2025,5,21,10,2025-05-21 10:00:00,860.17,700.0,29.07,4.15,67.35,24.83,329.36
2025,5,21,11,2025-05-21 11:00:00,945.83,594.56,29.05,3.87,70.26,49.52,278.75
2025,5,21,12,2025-05-21 12:00:00,975.05,706.85,30.33,2.98,64.94,36.67,333.11
2025,5,21,13,2025-05-21 13:00:00,945.83,754.3,32.66,4.22,60.41,27.0,357.62
2025,5,21,14,2025-05-21 14:00:00,860.17,562.33,31.05,3.81,54.99,46.17,259.89
2025,5,21,15,2025-05-21 15:00:00,723.9,571.86,32.22,2.77,58.5,28.0,268.64
2025,5,21,16,2025-05-21 16:00:00,546.31,342.47,31.99,3.12,65.39,49.75,161.73
2025,5,21,17,2025-05-21 17:00:00,339.5,262.57,30.6,3.14,57.77,30.21,122.77
2025,5,21,18,2025-05-21 18:00:00,117.56,87.21,31.51,4.65,59.73,34.43,45.23
2025,5,21,19,2025-05-21 19:00:00,0.0,0.0,31.3,2.23,61.69,52.47,0.0
2025,5,21,20,2025-05-21 20:00:00,0.0,0.0,28.54,1.74,63.37,56.15,0.0
2025,5,21,21,2025-05-21 21:00:00,0.0,0.0,27.56,2.66,68.14,46.9,0.0
2025,5,21,22,2025-05-21 22:00:00,0.0,0.0,24.87,2.61,71.53,54.03,0.0
2025,5,21,23,2025-05-21 23:00:00,0.0,0.0,23.76,4.01,60.29,56.59,0.0
2025,5,22,0,2025-05-22 00:00:00,0.0,0.0,23.04,4.2,73.92,44.36,0.0
2025,5,22,1,2025-05-22 01:00:00,0.0,0.0,22.73,3.76,67.2,44.24,0.0
2025,5,22,2,2025-05-22 02:00:00,0.0,0.0,22.25,3.74,68.8,53.6,0.0
2025,5,22,3,2025-05-22 03:00:00,0.0,0.0,22.65,4.22,69.78,27.39,0.0
2025,5,22,4,2025-05-22 04:00:00,0.0,0.0,23.2,3.51,75.3,23.58,0.0
2025,5,22,5,2025-05-22 05:00:00,0.0,0.0,23.64,4.63,72.0,30.51,0.0
2025,5,22,6,2025-05-22 06:00:00,118.66,90.24,24.18,3.52,67.01,31.93,44.15
2025,5,22,7,2025-05-22 07:00:00,340.22,253.27,24.71,3.5,71.1,34.07,126.8
2025,5,22,8,2025-05-22 08:00:00,546.68,440.3,27.25,5.16,61.6,25.94,207.79
2025,5,22,9,2025-05-22 09:00:00,723.97,569.15,26.57,3.96,64.04,28.51,271.12
2025,5,22,10,2025-05-22 10:00:00,860.01,648.68,28.15,2.71,56.05,32.76,308.62
2025,5,22,11,2025-05-22 11:00:00,945.53,651.01,28.2,3.95,62.29,41.53,312.91
2025,5,22,12,2025-05-22 12:00:00,974.7,719.91,29.67,4.21,58.34,34.85,340.14
2025,5,22,13,2025-05-22 13:00:00,945.53,699.15,32.29,2.96,59.23,34.74,331.05
2025,5,22,14,2025-05-22 14:00:00,860.01,590.32,32.22,2.56,61.95,41.81,269.59
2025,5,22,15,2025-05-22 15:00:00,723.97,499.75,32.49,2.47,57.75,41.3,229.51
2025,5,22,16,2025-05-22 16:00:00,546.68,335.99,33.1,2.73,58.86,51.39,155.64
2025,5,22,17,2025-05-22 17:00:00,340.22,262.25,30.98,2.34,62.08,30.56,124.1
2025,5,22,18,2025-05-22 18:00:00,118.66,68.37,28.16,0.72,62.54,56.51,30.28
2025,5,22,19,2025-05-22 19:00:00,0.0,0.0,29.37,1.68,61.84,41.9,0.0
2025,5,22,20,2025-05-22 20:00:00,0.0,0.0,29.72,2.56,65.04,53.58,0.0
2025,5,22,21,2025-05-22 21:00:00,0.0,0.0,26.53,2.07,63.27,57.62,0.0
2025,5,22,22,2025-05-22 22:00:00,0.0,0.0,24.59,2.93,68.08,54.56,0.0
2025,5,22,23,2025-05-22 23:00:00,0.0,0.0,25.46,3.42,68.46,28.9,0.0
2025,5,23,0,2025-05-23 00:00:00,0.0,0.0,23.81,2.92,66.65,37.25,0.0
2025,5,23,1,2025-05-23 01:00:00,0.0,0.0,22.31,3.09,71.27,32.3,0.0
2025,5,23,2,2025-05-23 02:00:00,0.0,0.0,24.0,4.74,69.62,53.55,0.0
2025,5,23,3,2025-05-23 03:00:00,0.0,0.0,23.61,4.69,71.03,28.72,0.0
2025,5,23,4,2025-05-23 04:00:00,0.0,0.0,22.99,5.45,74.7,25.91,0.0
2025,5,23,5,2025-05-23 05:00:00,0.0,0.0,22.92,5.37,71.99,51.44,0.0
2025,5,23,6,2025-05-23 06:00:00,119.72,81.61,24.11,4.44,63.91,42.44,46.93
2025,5,23,7,2025-05-23 07:00:00,340.91,206.49,26.58,4.99,62.72,52.57,95.7
2025,5,23,8,2025-05-23 08:00:00,547.03,379.55,25.86,6.44,60.9,40.82,182.35
2025,5,23,9,2025-05-23 09:00:00,724.03,535.88,27.47,4.0,68.09,34.65,250.01
2025,5,23,10,2025-05-23 10:00:00,859.84,629.21,29.66,3.71,61.27,35.76,296.71
2025,5,23,11,2025-05-23 11:00:00,945.22,556.96,29.44,2.59,63.89,54.77,263.22
2025,5,23,12,2025-05-23 12:00:00,974.34,732.13,30.56,3.75,61.09,33.15,335.32
2025,5,23,13,2025-05-23 13:00:00,945.22,659.02,32.01,2.86,61.95,40.37,301.43
2025,5,23,14,2025-05-23 14:00:00,859.84,607.88,33.93,2.31,59.64,39.07,281.74
2025,5,23,15,2025-05-23 15:00:00,724.03,480.15,32.24,3.46,60.25,44.91,218.66
2025,5,23,16,2025-05-23 16:00:00,547.03,338.97,33.05,2.64,59.22,50.71,156.84
2025,5,23,17,2025-05-23 17:00:00,340.91,243.53,32.12,1.69,62.67,38.09,110.75
2025,5,23,18,2025-05-23 18:00:00,119.72,72.53,30.76,3.33,59.83,52.55,34.06
2025,5,23,19,2025-05-23 19:00:00,0.0,0.0,31.32,2.84,63.21,29.22,0.0
2025,5,23,20,2025-05-23 20:00:00,0.0,0.0,28.96,2.46,61.58,39.23,0.0
2025,5,23,21,2025-05-23 21:00:00,0.0,0.0,28.29,1.47,67.89,45.57,0.0
2025,5,23,22,2025-05-23 22:00:00,0.0,0.0,25.27,3.34,68.88,57.03,0.0
2025,5,23,23,2025-05-23 23:00:00,0.0,0.0,24.51,4.14,67.71,55.12,0.0
2025,5,24,0,2025-05-24 00:00:00,0.0,0.0,23.74,4.39,66.87,47.03,0.0
2025,5,24,1,2025-05-24 01:00:00,0.0,0.0,23.6,3.09,73.27,51.18,0.0
2025,5,24,2,2025-05-24 02:00:00,0.0,0.0,22.24,4.38,69.02,59.6,0.0
2025,5,24,3,2025-05-24 03:00:00,0.0,0.0,22.74,3.45,71.41,58.81,0.0
2025,5,24,4,2025-05-24 04:00:00,0.0,0.0,23.3,5.54,70.84,54.76,0.0
2025,5,24,5,2025-05-24 05:00:00,0.0,0.0,23.23,4.94,77.22,41.74,0.0
2025,5,24,6,2025-05-24 06:00:00,120.74,88.93,23.32,4.46,68.46,35.13,44.9
2025,5,24,7,2025-05-24 07:00:00,341.58,254.72,25.31,4.81,66.42,33.9,126.6
2025,5,24,8,2025-05-24 08:00:00,547.36,349.23,27.74,4.5,66.34,48.26,164.02
2025,5,24,9,2025-05-24 09:00:00,724.07,560.47,27.06,2.56,67.81,30.13,261.75
2025,5,24,10,2025-05-24 10:00:00,859.67,525.17,29.97,4.62,63.16,51.88,247.33
2025,5,24,11,2025-05-24 11:00:00,944.9,750.31,29.04,3.31,67.02,27.46,351.03
2025,5,24,12,2025-05-24 12:00:00,973.98,632.28,30.43,3.37,61.87,46.78,298.5
2025,5,24,13,2025-05-24 13:00:00,944.9,591.96,30.61,3.46,60.2,49.8,279.05
2025,5,24,14,2025-05-24 14:00:00,859.67,610.12,31.1,2.01,60.88,38.7,289.59
2025,5,24,15,2025-05-24 15:00:00,724.07,428.73,31.85,1.49,57.17,54.38,200.3
2025,5,24,16,2025-05-24 16:00:00,547.36,335.72,32.97,2.65,56.2,51.55,156.15
2025,5,24,17,2025-05-24 17:00:00,341.58,188.28,32.12,3.46,61.37,59.84,85.6
2025,5,24,18,2025-05-24 18:00:00,120.74,67.93,31.06,2.54,59.49,58.33,26.72
2025,5,24,19,2025-05-24 19:00:00,0.0,0.0,31.16,2.39,68.49,41.17,0.0
2025,5,24,20,2025-05-24 20:00:00,0.0,0.0,28.28,1.04,57.87,54.46,0.0
2025,5,24,21,2025-05-24 21:00:00,0.0,0.0,28.68,1.53,70.45,38.13,0.0
2025,5,24,22,2025-05-24 22:00:00,0.0,0.0,25.41,2.86,67.45,35.9,0.0
2025,5,24,23,2025-05-24 23:00:00,0.0,0.0,25.59,3.11,64.31,25.53,0.0
2025,5,25,0,2025-05-25 00:00:00,0.0,0.0,23.53,3.32,72.22,57.54,0.0
2025,5,25,1,2025-05-25 01:00:00,0.0,0.0,24.89,2.98,68.95,28.12,0.0
2025,5,25,2,2025-05-25 02:00:00,0.0,0.0,23.47,4.07,70.6,32.58,0.0
2025,5,25,3,2025-05-25 03:00:00,0.0,0.0,22.29,5.73,71.48,47.9,0.0
2025,5,25,4,2025-05-25 04:00:00,0.0,0.0,23.08,3.54,68.21,27.89,0.0
2025,5,25,5,2025-05-25 05:00:00,0.0,0.0,22.77,5.72,70.82,44.31,0.0
2025,5,25,6,2025-05-25 06:00:00,121.73,89.38,23.06,4.77,74.56,35.44,37.68
2025,5,25,7,2025-05-25 07:00:00,342.22,204.93,25.33,5.55,68.83,53.49,96.1
2025,5,25,8,2025-05-25 08:00:00,547.67,412.11,26.27,5.61,65.7,33.0,200.25
2025,5,25,9,2025-05-25 09:00:00,724.1,551.73,27.66,4.53,65.98,31.74,258.2
2025,5,25,10,2025-05-25 10:00:00,859.48,558.45,28.16,4.84,68.24,46.7,261.0
2025,5,25,11,2025-05-25 11:00:00,944.59,533.17,31.0,3.97,65.48,58.07,244.47
2025,5,25,12,2025-05-25 12:00:00,973.61,643.08,31.26,3.76,59.91,45.27,297.54
2025,5,25,13,2025-05-25 13:00:00,944.59,682.89,30.75,3.38,59.14,36.94,323.88
2025,5,25,14,2025-05-25 14:00:00,859.48,481.5,31.62,2.33,59.81,58.64,230.8
2025,5,25,15,2025-05-25 15:00:00,724.1,526.81,32.79,2.53,58.25,36.33,243.86
2025,5,25,16,2025-05-25 16:00:00,547.67,398.57,32.45,2.31,55.47,36.3,187.12
2025,5,25,17,2025-05-25 17:00:00,342.22,244.19,34.0,1.93,56.41,38.19,114.8
2025,5,25,18,2025-05-25 18:00:00,121.73,70.52,31.78,3.13,63.57,56.09,33.87
2025,5,25,19,2025-05-25 19:00:00,0.0,0.0,30.08,3.2,61.95,46.03,0.0
2025,5,25,20,2025-05-25 20:00:00,0.0,0.0,28.83,3.8,62.28,31.62,0.0
2025,5,25,21,2025-05-25 21:00:00,0.0,0.0,26.89,3.49,65.75,53.93,0.0
2025,5,25,22,2025-05-25 22:00:00,0.0,0.0,25.39,2.85,68.99,55.37,0.0
2025,5,25,23,2025-05-25 23:00:00,0.0,0.0,25.34,2.49,65.61,30.12,0.0
2025,5,26,0,2025-05-26 00:00:00,0.0,0.0,24.67,4.01,71.82,52.17,0.0
2025,5,26,1,2025-05-26 01:00:00,0.0,0.0,22.69,3.52,65.37,26.64,0.0
2025,5,26,2,2025-05-26 02:00:00,0.0,0.0,22.85,3.73,64.17,26.66,0.0
2025,5,26,3,2025-05-26 03:00:00,0.0,0.0,22.78,4.07,67.79,31.98,0.0
2025,5,26,4,2025-05-26 04:00:00,0.0,0.0,22.93,5.04,65.46,38.86,0.0
2025,5,26,5,2025-05-26 05:00:00,0.0,0.0,24.62,4.86,67.68,56.95,0.0
2025,5,26,6,2025-05-26 06:00:00,122.69,67.19,24.05,5.09,78.89,60.31,28.38
2025,5,26,7,2025-05-26 07:00:00,342.83,222.17,25.09,6.43,68.13,46.93,110.58
2025,5,26,8,2025-05-26 08:00:00,547.97,410.19,25.86,5.16,63.91,33.52,201.62
2025,5,26,9,2025-05-26 09:00:00,724.13,420.74,28.11,3.84,64.23,55.86,204.56
2025,5,26,10,2025-05-26 10:00:00,859.3,668.56,28.11,4.51,59.78,29.6,315.08
2025,5,26,11,2025-05-26 11:00:00,944.27,689.96,29.48,2.24,56.73,35.91,320.1
2025,5,26,12,2025-05-26 12:00:00,973.25,652.87,31.61,3.42,62.15,43.89,305.35
2025,5,26,13,2025-05-26 13:00:00,944.27,560.07,32.86,4.31,60.24,54.25,262.56
2025,5,26,14,2025-05-26 14:00:00,859.3,637.69,32.93,2.19,57.26,34.39,295.07
2025,5,26,15,2025-05-26 15:00:00,724.13,521.65,32.95,2.89,58.71,37.28,249.05
2025,5,26,16,2025-05-26 16:00:00,547.97,300.68,32.54,2.3,61.98,60.17,142.88
2025,5,26,17,2025-05-26 17:00:00,342.83,254.57,32.59,4.05,56.29,34.33,118.53
2025,5,26,18,2025-05-26 18:00:00,122.69,76.43,30.13,2.96,61.19,50.27,43.23
2025,5,26,19,2025-05-26 19:00:00,0.0,0.0,30.98,2.51,57.83,46.76,0.0
2025,5,26,20,2025-05-26 20:00:00,0.0,0.0,29.33,1.91,63.98,33.03,0.0
2025,5,26,21,2025-05-26 21:00:00,0.0,0.0,27.21,1.11,69.59,31.48,0.0
2025,5,26,22,2025-05-26 22:00:00,0.0,0.0,26.09,3.37,61.15,38.3,0.0
2025,5,26,23,2025-05-26 23:00:00,0.0,0.0,24.23,4.17,71.05,53.33,0.0
2025,5,27,0,2025-05-27 00:00:00,0.0,0.0,24.34,2.54,66.85,29.28,0.0
2025,5,27,1,2025-05-27 01:00:00,0.0,0.0,23.96,4.23,70.85,52.97,0.0
2025,5,27,2,2025-05-27 02:00:00,0.0,0.0,24.29,4.96,77.08,29.82,0.0
2025,5,27,3,2025-05-27 03:00:00,0.0,0.0,21.59,4.61,71.32,27.04,0.0
2025,5,27,4,2025-05-27 04:00:00,0.0,0.0,23.27,4.74,67.73,56.04,0.0
2025,5,27,5,2025-05-27 05:00:00,0.0,0.0,23.51,5.01,67.48,52.46,0.0
2025,5,27,6,2025-05-27 06:00:00,123.61,68.38,24.84,5.64,68.41,59.57,29.75
2025,5,27,7,2025-05-27 07:00:00,343.42,207.77,25.38,4.17,64.88,52.67,101.66
2025,5,27,8,2025-05-27 08:00:00,548.25,367.87,25.61,3.97,67.61,43.87,179.63
2025,5,27,9,2025-05-27 09:00:00,724.14,537.97,26.12,2.56,69.06,34.28,256.14
2025,5,27,10,2025-05-27 10:00:00,859.1,612.42,29.34,3.61,58.35,38.28,292.28
2025,5,27,11,2025-05-27 11:00:00,943.95,706.46,29.68,3.95,61.87,33.54,339.39
2025,5,27,12,2025-05-27 12:00:00,972.88,649.9,31.78,4.22,59.91,44.26,302.47
2025,5,27,13,2025-05-27 13:00:00,943.95,572.99,32.4,4.16,57.01,52.4,269.69
2025,5,27,14,2025-05-27 14:00:00,859.1,523.41,33.57,1.63,61.33,52.1,244.37
2025,5,27,15,2025-05-27 15:00:00,724.14,404.66,32.78,2.24,58.93,58.82,193.9
2025,5,27,16,2025-05-27 16:00:00,548.25,434.1,32.77,2.51,57.54,27.76,203.69
2025,5,27,17,2025-05-27 17:00:00,343.42,228.47,31.21,1.24,57.27,44.63,106.13
2025,5,27,18,2025-05-27 18:00:00,123.61,95.84,31.78,2.43,61.69,29.95,46.89
2025,5,27,19,2025-05-27 19:00:00,0.0,0.0,29.89,3.23,62.93,28.74,0.0
2025,5,27,20,2025-05-27 20:00:00,0.0,0.0,28.21,2.23,66.09,52.3,0.0
2025,5,27,21,2025-05-27 21:00:00,0.0,0.0,27.37,2.93,67.2,31.45,0.0
2025,5,27,22,2025-05-27 22:00:00,0.0,0.0,26.06,2.6,66.05,50.21,0.0
2025,5,27,23,2025-05-27 23:00:00,0.0,0.0,24.94,2.88,75.45,39.92,0.0
2025,5,28,0,2025-05-28 00:00:00,0.0,0.0,24.5,3.64,66.42,31.78,0.0
2025,5,28,1,2025-05-28 01:00:00,0.0,0.0,22.66,3.37,69.16,57.24,0.0
2025,5,28,2,2025-05-28 02:00:00,0.0,0.0,23.52,5.02,73.23,43.72,0.0
2025,5,28,3,2025-05-28 03:00:00,0.0,0.0,23.58,5.92,72.72,31.68,0.0
2025,5,28,4,2025-05-28 04:00:00,0.0,0.0,23.79,4.22,65.02,47.09,0.0
2025,5,28,5,2025-05-28 05:00:00,0.0,0.0,23.26,4.38,67.89,37.29,0.0
2025,5,28,6,2025-05-28 06:00:00,124.49,74.4,24.12,5.86,65.52,53.65,41.36
2025,5,28,7,2025-05-28 07:00:00,343.98,253.85,26.28,4.29,67.76,34.94,121.77
2025,5,28,8,2025-05-28 08:00:00,548.5,294.41,26.08,6.0,73.61,61.77,134.59
2025,5,28,9,2025-05-28 09:00:00,724.14,557.73,28.03,4.55,66.91,30.64,259.91
2025,5,28,10,2025-05-28 10:00:00,858.91,651.92,29.19,4.92,63.33,32.13,314.01
2025,5,28,11,2025-05-28 11:00:00,943.62,703.78,29.91,4.65,62.42,33.89,338.64
2025,5,28,12,2025-05-28 12:00:00,972.52,604.9,31.74,3.47,62.71,50.4,286.9
2025,5,28,13,2025-05-28 13:00:00,943.62,547.45,31.5,3.6,54.94,55.98,256.81
2025,5,28,14,2025-05-28 14:00:00,858.91,662.18,32.98,2.04,60.45,30.54,302.9
2025,5,28,15,2025-05-28 15:00:00,724.14,566.13,32.87,2.84,57.95,29.09,267.22
2025,5,28,16,2025-05-28 16:00:00,548.5,344.28,33.08,2.52,57.91,49.64,163.77
2025,5,28,17,2025-05-28 17:00:00,343.98,190.72,32.6,1.94,61.95,59.41,89.81
2025,5,28,18,2025-05-28 18:00:00,124.49,89.99,30.28,1.09,62.34,36.95,42.23
2025,5,28,19,2025-05-28 19:00:00,0.0,0.0,30.41,2.53,62.19,61.91,0.0
2025,5,28,20,2025-05-28 20:00:00,0.0,0.0,29.74,2.44,61.15,50.11,0.0
2025,5,28,21,2025-05-28 21:00:00,0.0,0.0,27.52,3.03,62.1,27.82,0.0
2025,5,28,22,2025-05-28 22:00:00,0.0,0.0,25.73,2.61,68.53,29.53,0.0
2025,5,28,23,2025-05-28 23:00:00,0.0,0.0,25.88,3.82,73.82,48.63,0.0
2025,5,29,0,2025-05-29 00:00:00,0.0,0.0,25.66,3.62,68.68,30.84,0.0
2025,5,29,1,2025-05-29 01:00:00,0.0,0.0,23.23,2.75,67.07,56.68,0.0
2025,5,29,2,2025-05-29 02:00:00,0.0,0.0,22.44,3.12,73.75,60.53,0.0
2025,5,29,3,2025-05-29 03:00:00,0.0,0.0,23.75,5.07,71.13,61.98,0.0
2025,5,29,4,2025-05-29 04:00:00,0.0,0.0,24.15,4.85,68.93,29.87,0.0
2025,5,29,5,2025-05-29 05:00:00,0.0,0.0,24.53,4.25,69.88,38.74,0.0
2025,5,29,6,2025-05-29 06:00:00,125.34,71.2,23.91,2.3,66.5,57.59,32.91
2025,5,29,7,2025-05-29 07:00:00,344.51,225.12,23.89,5.08,69.58,46.21,106.31
2025,5,29,8,2025-05-29 08:00:00,548.75,375.95,28.46,4.75,66.82,41.99,179.78
2025,5,29,9,2025-05-29 09:00:00,724.13,563.49,28.37,2.85,64.91,29.58,274.52
2025,5,29,10,2025-05-29 10:00:00,858.71,603.76,28.32,3.47,65.52,39.59,280.47
2025,5,29,11,2025-05-29 11:00:00,943.3,608.59,30.08,3.58,56.72,47.31,284.54
2025,5,29,12,2025-05-29 12:00:00,972.16,755.76,32.78,3.09,61.88,29.68,347.37
2025,5,29,13,2025-05-29 13:00:00,943.3,741.18,32.67,3.05,61.46,28.57,342.85
2025,5,29,14,2025-05-29 14:00:00,858.71,463.13,33.27,3.81,52.05,61.42,208.95
2025,5,29,15,2025-05-29 15:00:00,724.13,386.2,32.86,2.3,51.3,62.22,185.81
2025,5,29,16,2025-05-29 16:00:00,548.75,431.82,33.09,1.39,59.25,28.41,200.9
2025,5,29,17,2025-05-29 17:00:00,344.51,270.2,32.83,2.68,59.12,28.76,131.5
2025,5,29,18,2025-05-29 18:00:00,125.34,79.59,32.97,3.73,61.79,48.66,33.99
2025,5,29,19,2025-05-29 19:00:00,0.0,0.0,31.06,2.41,60.47,32.24,0.0
2025,5,29,20,2025-05-29 20:00:00,0.0,0.0,29.43,3.86,64.74,29.09,0.0
2025,5,29,21,2025-05-29 21:00:00,0.0,0.0,28.78,2.33,64.73,43.03,0.0
2025,5,29,22,2025-05-29 22:00:00,0.0,0.0,26.12,2.97,63.14,28.38,0.0
2025,5,29,23,2025-05-29 23:00:00,0.0,0.0,25.64,2.75,65.46,47.9,0.0
2025,5,30,0,2025-05-30 00:00:00,0.0,0.0,24.74,4.47,63.23,38.81,0.0
2025,5,30,1,2025-05-30 01:00:00,0.0,0.0,22.79,3.17,66.91,37.06,0.0
2025,5,30,2,2025-05-30 02:00:00,0.0,0.0,21.12,3.99,69.7,42.09,0.0
2025,5,30,3,2025-05-30 03:00:00,0.0,0.0,23.48,5.79,72.21,38.8,0.0
2025,5,30,4,2025-05-30 04:00:00,0.0,0.0,22.75,4.61,70.91,30.51,0.0
2025,5,30,5,2025-05-30 05:00:00,0.0,0.0,24.11,5.0,71.05,39.07,0.0
2025,5,30,6,2025-05-30 06:00:00,126.15,82.19,24.78,4.98,66.85,46.46,48.0
2025,5,30,7,2025-05-30 07:00:00,345.02,187.49,25.78,3.84,68.03,60.88,89.8
2025,5,30,8,2025-05-30 08:00:00,548.97,364.04,27.07,4.29,62.88,44.92,179.98
2025,5,30,9,2025-05-30 09:00:00,724.11,551.03,27.4,5.18,64.81,31.87,264.24
2025,5,30,10,2025-05-30 10:00:00,858.5,458.44,29.45,4.72,59.92,62.13,216.57
2025,5,30,11,2025-05-30 11:00:00,942.98,586.5,30.4,4.86,58.62,50.4,278.97
2025,5,30,12,2025-05-30 12:00:00,971.8,544.27,31.92,3.28,63.46,58.66,254.55
2025,5,30,13,2025-05-30 13:00:00,942.98,731.51,31.23,3.06,60.53,29.9,346.27
2025,5,30,14,2025-05-30 14:00:00,858.5,518.58,31.84,2.3,62.57,52.79,237.86
2025,5,30,15,2025-05-30 15:00:00,724.11,418.18,31.85,2.21,60.6,56.33,201.49
2025,5,30,16,2025-05-30 16:00:00,548.97,326.45,32.98,1.53,59.71,54.05,151.02
2025,5,30,17,2025-05-30 17:00:00,345.02,198.37,31.76,1.56,59.58,56.67,96.24
2025,5,30,18,2025-05-30 18:00:00,126.15,97.61,31.57,3.08,63.54,30.16,42.15
2025,5,30,19,2025-05-30 19:00:00,0.0,0.0,29.99,1.63,63.98,59.46,0.0
2025,5,30,20,2025-05-30 20:00:00,0.0,0.0,29.8,3.52,65.39,54.59,0.0
2025,5,30,21,2025-05-30 21:00:00,0.0,0.0,28.14,3.87,67.23,28.45,0.0
2025,5,30,22,2025-05-30 22:00:00,0.0,0.0,27.03,3.04,69.65,48.1,0.0
2025,5,30,23,2025-05-30 23:00:00,0.0,0.0,25.77,3.09,69.75,34.44,0.0
2025,5,31,0,2025-05-31 00:00:00,0.0,0.0,25.56,3.46,70.74,37.22,0.0
2025,5,31,1,2025-05-31 01:00:00,0.0,0.0,24.02,4.28,71.87,56.37,0.0
2025,5,31,2,2025-05-31 02:00:00,0.0,0.0,23.18,3.88,71.49,62.8,0.0
2025,5,31,3,2025-05-31 03:00:00,0.0,0.0,24.53,4.71,75.46,43.57,0.0
2025,5,31,4,2025-05-31 04:00:00,0.0,0.0,22.35,5.35,64.78,60.88,0.0
2025,5,31,5,2025-05-31 05:00:00,0.0,0.0,22.4,4.46,67.17,42.23,0.0
2025,5,31,6,2025-05-31 06:00:00,126.92,76.59,25.29,5.76,71.41,52.88,34.53
2025,5,31,7,2025-05-31 07:00:00,345.5,270.14,26.81,4.3,67.66,29.08,136.64
2025,5,31,8,2025-05-31 08:00:00,549.18,337.41,26.97,5.03,69.15,51.42,166.68
2025,5,31,9,2025-05-31 09:00:00,724.09,560.27,28.99,4.12,59.02,30.17,269.48
2025,5,31,10,2025-05-31 10:00:00,858.3,456.26,30.19,3.73,60.85,62.46,205.19
2025,5,31,11,2025-05-31 11:00:00,942.67,540.09,30.2,5.94,61.14,56.94,260.41
2025,5,31,12,2025-05-31 12:00:00,971.44,557.94,33.05,3.65,63.33,56.75,265.61
2025,5,31,13,2025-05-31 13:00:00,942.67,698.7,33.54,3.85,54.41,34.51,328.73
2025,5,31,14,2025-05-31 14:00:00,858.3,511.67,34.3,2.75,57.67,53.85,235.77
2025,5,31,15,2025-05-31 15:00:00,724.09,536.44,32.66,3.33,61.1,34.55,249.38
2025,5,31,16,2025-05-31 16:00:00,549.18,345.87,32.44,2.35,56.46,49.36,163.82
2025,5,31,17,2025-05-31 17:00:00,345.5,217.5,30.71,2.91,57.61,49.4,98.32
2025,5,31,18,2025-05-31 18:00:00,126.92,75.53,32.39,1.9,58.7,53.99,32.18
2025,5,31,19,2025-05-31 19:00:00,0.0,0.0,30.35,1.26,64.43,58.97,0.0
2025,5,31,20,2025-05-31 20:00:00,0.0,0.0,30.05,2.9,62.52,58.54,0.0
2025,5,31,21,2025-05-31 21:00:00,0.0,0.0,28.68,3.34,60.95,40.25,0.0
2025,5,31,22,2025-05-31 22:00:00,0.0,0.0,24.75,2.61,67.68,46.06,0.0
2025,5,31,23,2025-05-31 23:00:00,0.0,0.0,25.88,4.57,71.11,38.28,0.0
2025,6,1,0,2025-06-01 00:00:00,0.0,0.0,24.49,3.17,69.94,54.36,0.0
2025,6,1,1,2025-06-01 01:00:00,0.0,0.0,23.94,2.99,68.01,42.33,0.0
2025,6,1,2,2025-06-01 02:00:00,0.0,0.0,23.33,4.21,73.03,42.2,0.0
2025,6,1,3,2025-06-01 03:00:00,0.0,0.0,23.14,2.33,71.25,57.63,0.0
2025,6,1,4,2025-06-01 04:00:00,0.0,0.0,23.28,3.34,68.36,58.6,0.0
2025,6,1,5,2025-06-01 05:00:00,0.0,0.0,23.47,5.19,68.74,39.97,0.0
2025,6,1,6,2025-06-01 06:00:00,127.66,82.65,24.04,3.64,67.77,47.01,36.49
2025,6,1,7,2025-06-01 07:00:00,345.96,215.57,25.55,5.79,72.53,50.25,106.23
2025,6,1,8,2025-06-01 08:00:00,549.38,290.54,28.16,4.14,64.37,62.82,147.23
2025,6,1,9,2025-06-01 09:00:00,724.06,432.82,27.47,6.83,64.19,53.63,200.21
2025,6,1,10,2025-06-01 10:00:00,858.1,624.71,28.64,2.58,62.56,36.26,296.74
2025,6,1,11,2025-06-01 11:00:00,942.35,614.96,31.24,3.5,65.67,46.32,287.35
2025,6,1,12,2025-06-01 12:00:00,971.09,537.79,30.09,3.95,59.91,59.49,254.14
2025,6,1,13,2025-06-01 13:00:00,942.35,644.29,31.44,3.37,53.89,42.17,303.04
2025,6,1,14,2025-06-01 14:00:00,858.1,614.4,32.62,2.21,57.23,37.87,283.26
2025,6,1,15,2025-06-01 15:00:00,724.06,440.34,33.03,1.49,56.28,52.25,207.62
2025,6,1,16,2025-06-01 16:00:00,549.38,419.66,33.44,2.33,62.17,31.48,192.4
2025,6,1,17,2025-06-01 17:00:00,345.96,244.9,33.18,0.76,67.57,38.95,113.0
2025,6,1,18,2025-06-01 18:00:00,127.66,95.09,32.21,3.01,61.8,34.02,47.61
2025,6,1,19,2025-06-01 19:00:00,0.0,0.0,31.42,2.46,59.4,62.35,0.0
2025,6,1,20,2025-06-01 20:00:00,0.0,0.0,29.95,2.8,64.58,41.48,0.0
2025,6,1,21,2025-06-01 21:00:00,0.0,0.0,26.78,2.96,61.74,33.31,0.0
2025,6,1,22,2025-06-01 22:00:00,0.0,0.0,27.3,3.2,65.21,60.35,0.0
2025,6,1,23,2025-06-01 23:00:00,0.0,0.0,26.74,4.42,68.96,54.02,0.0
2025,6,2,0,2025-06-02 00:00:00,0.0,0.0,24.11,3.97,68.49,33.24,0.0
2025,6,2,1,2025-06-02 01:00:00,0.0,0.0,24.36,4.68,75.66,50.04,0.0
2025,6,2,2,2025-06-02 02:00:00,0.0,0.0,25.26,2.71,73.39,44.68,0.0
2025,6,2,3,2025-06-02 03:00:00,0.0,0.0,22.64,2.71,76.09,64.38,0.0
2025,6,2,4,2025-06-02 04:00:00,0.0,0.0,24.55,4.81,70.58,60.57,0.0
2025,6,2,5,2025-06-02 05:00:00,0.0,0.0,23.73,3.79,73.3,54.76,0.0
2025,6,2,6,2025-06-02 06:00:00,128.37,96.1,25.18,3.96,67.27,33.52,48.38
2025,6,2,7,2025-06-02 07:00:00,346.39,192.79,26.54,6.06,65.99,59.12,91.67
2025,6,2,8,2025-06-02 08:00:00,549.56,373.02,27.82,3.84,65.23,42.83,183.78
2025,6,2,9,2025-06-02 09:00:00,724.02,444.57,28.36,3.95,61.82,51.46,216.42
2025,6,2,10,2025-06-02 10:00:00,857.89,521.27,29.51,4.94,59.13,52.32,252.31
2025,6,2,11,2025-06-02 11:00:00,942.05,594.02,30.87,3.49,69.27,49.26,279.84
2025,6,2,12,2025-06-02 12:00:00,970.75,650.79,31.63,2.81,63.48,43.95,296.12
2025,6,2,13,2025-06-02 13:00:00,942.05,571.48,32.51,3.95,56.47,52.45,263.34
2025,6,2,14,2025-06-02 14:00:00,857.89,644.17,33.34,2.78,60.41,33.22,295.58
2025,6,2,15,2025-06-02 15:00:00,724.02,538.96,34.45,2.76,60.28,34.08,249.67
2025,6,2,16,2025-06-02 16:00:00,549.56,330.74,35.03,2.01,56.94,53.09,152.57
2025,6,2,17,2025-06-02 17:00:00,346.39,186.15,33.54,2.57,59.71,61.68,87.45
2025,6,2,18,2025-06-02 18:00:00,128.37,97.91,32.28,2.22,59.7,31.63,48.9
2025,6,2,19,2025-06-02 19:00:00,0.0,0.0,30.34,1.38,60.32,44.88,0.0
2025,6,2,20,2025-06-02 20:00:00,0.0,0.0,26.79,2.44,67.79,62.34,0.0
2025,6,2,21,2025-06-02 21:00:00,0.0,0.0,28.38,1.4,65.73,43.89,0.0
2025,6,2,22,2025-06-02 22:00:00,0.0,0.0,27.62,2.26,62.81,40.02,0.0
2025,6,2,23,2025-06-02 23:00:00,0.0,0.0,25.98,3.69,70.82,47.91,0.0
2025,6,3,0,2025-06-03 00:00:00,0.0,0.0,25.01,3.61,70.83,30.53,0.0
2025,6,3,1,2025-06-03 01:00:00,0.0,0.0,22.52,5.0,70.19,51.19,0.0
2025,6,3,2,2025-06-03 02:00:00,0.0,0.0,23.47,4.33,70.59,30.38,0.0
2025,6,3,3,2025-06-03 03:00:00,0.0,0.0,23.97,3.54,69.9,64.57,0.0
2025,6,3,4,2025-06-03 04:00:00,0.0,0.0,23.93,4.02,71.56,37.49,0.0
2025,6,3,5,2025-06-03 05:00:00,0.0,0.0,23.59,5.49,65.24,54.07,0.0
2025,6,3,6,2025-06-03 06:00:00,129.03,74.16,23.61,4.84,71.12,56.7,37.6
2025,6,3,7,2025-06-03 07:00:00,346.8,181.19,26.91,4.22,68.93,63.67,89.98
2025,6,3,8,2025-06-03 08:00:00,549.72,288.14,27.05,5.2,67.24,63.44,144.05
2025,6,3,9,2025-06-03 09:00:00,723.98,417.97,28.64,3.89,68.02,56.36,201.05
2025,6,3,10,2025-06-03 10:00:00,857.69,615.15,31.17,4.56,61.31,37.7,284.52
2025,6,3,11,2025-06-03 11:00:00,941.74,634.52,31.86,3.91,66.0,43.5,297.11
2025,6,3,12,2025-06-03 12:00:00,970.41,551.38,32.17,4.06,62.71,57.57,255.68
2025,6,3,13,2025-06-03 13:00:00,941.74,547.13,34.09,3.09,57.99,55.87,254.22
2025,6,3,14,2025-06-03 14:00:00,857.69,571.67,33.01,2.65,57.85,44.46,268.6
2025,6,3,15,2025-06-03 15:00:00,723.98,444.76,34.31,2.2,60.98,51.42,202.3
2025,6,3,16,2025-06-03 16:00:00,549.72,362.56,33.18,2.19,62.99,45.4,171.25
2025,6,3,17,2025-06-03 17:00:00,346.8,198.0,33.31,1.57,57.65,57.21,91.51
2025,6,3,18,2025-06-03 18:00:00,129.03,91.03,33.12,2.47,59.03,39.27,40.28
2025,6,3,19,2025-06-03 19:00:00,0.0,0.0,31.89,2.61,64.16,54.76,0.0
2025,6,3,20,2025-06-03 20:00:00,0.0,0.0,30.93,1.78,68.0,62.64,0.0
2025,6,3,21,2025-06-03 21:00:00,0.0,0.0,28.15,3.58,66.29,54.22,0.0
2025,6,3,22,2025-06-03 22:00:00,0.0,0.0,28.71,1.61,64.53,58.54,0.0
2025,6,3,23,2025-06-03 23:00:00,0.0,0.0,25.92,3.66,73.1,44.81,0.0
2025,6,4,0,2025-06-04 00:00:00,0.0,0.0,24.18,4.55,75.25,30.58,0.0
2025,6,4,1,2025-06-04 01:00:00,0.0,0.0,24.44,5.08,72.07,49.03,0.0
2025,6,4,2,2025-06-04 02:00:00,0.0,0.0,22.45,4.12,69.72,31.21,0.0
2025,6,4,3,2025-06-04 03:00:00,0.0,0.0,22.74,5.35,67.49,53.05,0.0
2025,6,4,4,2025-06-04 04:00:00,0.0,0.0,25.7,4.35,72.26,46.44,0.0
2025,6,4,5,2025-06-04 05:00:00,0.0,0.0,25.67,3.94,72.32,57.06,0.0
2025,6,4,6,2025-06-04 06:00:00,129.66,92.75,24.95,4.7,70.48,37.96,45.14
2025,6,4,7,2025-06-04 07:00:00,347.18,249.39,25.53,5.24,68.03,37.56,124.68
2025,6,4,8,2025-06-04 08:00:00,549.87,343.01,27.53,4.55,70.79,50.16,157.91
2025,6,4,9,2025-06-04 09:00:00,723.93,426.64,27.22,3.38,65.09,54.75,206.0
2025,6,4,10,2025-06-04 10:00:00,857.49,585.17,31.58,5.07,63.67,42.34,269.65
2025,6,4,11,2025-06-04 11:00:00,941.45,715.49,31.22,2.87,62.97,32.0,329.02
2025,6,4,12,2025-06-04 12:00:00,970.08,562.84,31.71,3.4,58.38,55.97,259.35
2025,6,4,13,2025-06-04 13:00:00,941.45,594.16,32.22,3.15,65.49,49.19,274.49
2025,6,4,14,2025-06-04 14:00:00,857.49,549.1,33.68,2.33,61.24,47.95,253.2
2025,6,4,15,2025-06-04 15:00:00,723.93,474.95,33.5,3.33,60.06,45.86,224.17
2025,6,4,16,2025-06-04 16:00:00,549.87,304.03,33.88,2.62,56.87,59.61,140.52
2025,6,4,17,2025-06-04 17:00:00,347.18,198.26,33.22,2.13,54.68,57.19,83.1
2025,6,4,18,2025-06-04 18:00:00,129.66,88.53,32.78,2.64,57.19,42.3,42.28
2025,6,4,19,2025-06-04 19:00:00,0.0,0.0,30.55,3.05,64.19,35.3,0.0
2025,6,4,20,2025-06-04 20:00:00,0.0,0.0,29.42,3.73,62.23,45.77,0.0
2025,6,4,21,2025-06-04 21:00:00,0.0,0.0,28.79,3.01,65.84,64.77,0.0
2025,6,4,22,2025-06-04 22:00:00,0.0,0.0,27.07,3.69,68.6,32.54,0.0
2025,6,4,23,2025-06-04 23:00:00,0.0,0.0,25.52,1.55,72.01,64.76,0.0
2025,6,5,0,2025-06-05 00:00:00,0.0,0.0,24.4,4.21,67.08,36.82,0.0
2025,6,5,1,2025-06-05 01:00:00,0.0,0.0,23.59,3.63,67.65,61.91,0.0
2025,6,5,2,2025-06-05 02:00:00,0.0,0.0,24.76,5.11,77.68,50.53,0.0
2025,6,5,3,2025-06-05 03:00:00,0.0,0.0,23.05,3.75,70.27,58.89,0.0
2025,6,5,4,2025-06-05 04:00:00,0.0,0.0,23.64,5.12,67.18,46.32,0.0
2025,6,5,5,2025-06-05 05:00:00,0.0,0.0,23.24,4.12,70.82,30.93,0.0
2025,6,5,6,2025-06-05 06:00:00,130.26,78.28,24.59,5.46,76.32,53.21,36.94
2025,6,5,7,2025-06-05 07:00:00,347.54,247.07,24.75,4.76,65.05,38.54,119.01
2025,6,5,8,2025-06-05 08:00:00,550.01,303.72,28.12,5.62,69.04,59.71,146.62
2025,6,5,9,2025-06-05 09:00:00,723.88,386.8,28.62,2.56,66.99,62.09,188.38
2025,6,5,10,2025-06-05 10:00:00,857.29,563.09,30.47,4.87,62.9,45.76,263.04
2025,6,5,11,2025-06-05 11:00:00,941.16,506.6,28.68,4.44,61.92,61.56,243.07
2025,6,5,12,2025-06-05 12:00:00,969.76,668.2,31.88,3.18,59.3,41.46,309.4
2025,6,5,13,2025-06-05 13:00:00,941.16,664.97,33.25,3.58,60.2,39.13,309.4
2025,6,5,14,2025-06-05 14:00:00,857.29,488.17,32.92,3.62,63.97,57.41,225.31
2025,6,5,15,2025-06-05 15:00:00,723.88,389.16,33.39,2.12,58.93,61.65,183.72
2025,6,5,16,2025-06-05 16:00:00,550.01,424.98,33.47,2.91,63.41,30.31,197.97
2025,6,5,17,2025-06-05 17:00:00,347.54,220.07,31.41,3.12,59.89,48.9,100.67
2025,6,5,18,2025-06-05 18:00:00,130.26,85.63,30.14,1.98,55.05,45.68,47.68
2025,6,5,19,2025-06-05 19:00:00,0.0,0.0,31.8,2.73,62.05,34.99,0.0
2025,6,5,20,2025-06-05 20:00:00,0.0,0.0,29.35,2.59,64.81,50.75,0.0
2025,6,5,21,2025-06-05 21:00:00,0.0,0.0,29.23,2.26,62.38,59.61,0.0
2025,6,5,22,2025-06-05 22:00:00,0.0,0.0,26.73,3.35,67.36,43.4,0.0
2025,6,5,23,2025-06-05 23:00:00,0.0,0.0,26.98,2.93,69.35,33.4,0.0
2025,6,6,0,2025-06-06 00:00:00,0.0,0.0,24.82,4.89,65.35,59.73,0.0
2025,6,6,1,2025-06-06 01:00:00,0.0,0.0,24.96,4.79,65.58,31.05,0.0
2025,6,6,2,2025-06-06 02:00:00,0.0,0.0,23.37,3.45,69.54,52.81,0.0
2025,6,6,3,2025-06-06 03:00:00,0.0,0.0,22.69,4.44,67.82,35.91,0.0
2025,6,6,4,2025-06-06 04:00:00,0.0,0.0,24.81,4.4,71.65,56.73,0.0
2025,6,6,5,2025-06-06 05:00:00,0.0,0.0,25.27,5.34,73.41,51.33,0.0
2025,6,6,6,2025-06-06 06:00:00,130.82,98.15,25.98,4.83,72.08,33.3,53.84
2025,6,6,7,2025-06-06 07:00:00,347.87,190.35,25.58,5.41,68.57,60.38,94.74
2025,6,6,8,2025-06-06 08:00:00,550.13,314.35,27.63,5.35,64.01,57.14,146.52
2025,6,6,9,2025-06-06 09:00:00,723.82,515.29,27.73,4.61,68.09,38.41,241.9
2025,6,6,10,2025-06-06 10:00:00,857.09,456.0,29.52,4.21,66.79,62.4,215.6
2025,6,6,11,2025-06-06 11:00:00,940.87,710.92,29.77,3.47,59.05,32.59,339.52
2025,6,6,12,2025-06-06 12:00:00,969.45,577.11,32.44,3.41,60.97,53.96,271.15
2025,6,6,13,2025-06-06 13:00:00,940.87,550.47,32.83,2.65,58.57,55.33,249.51
2025,6,6,14,2025-06-06 14:00:00,857.09,626.17,35.17,4.58,59.06,35.92,288.21
2025,6,6,15,2025-06-06 15:00:00,723.82,548.34,34.37,2.89,59.84,32.33,252.06
2025,6,6,16,2025-06-06 16:00:00,550.13,409.15,32.12,1.12,56.54,34.17,193.34
2025,6,6,17,2025-06-06 17:00:00,347.87,211.4,33.75,1.36,58.74,52.31,99.95
2025,6,6,18,2025-06-06 18:00:00,130.82,89.84,31.91,3.99,63.95,41.76,43.71
2025,6,6,19,2025-06-06 19:00:00,0.0,0.0,30.97,1.78,56.41,42.17,0.0
2025,6,6,20,2025-06-06 20:00:00,0.0,0.0,29.08,2.54,59.93,32.17,0.0
2025,6,6,21,2025-06-06 21:00:00,0.0,0.0,29.02,2.34,68.5,57.56,0.0
2025,6,6,22,2025-06-06 22:00:00,0.0,0.0,28.62,3.66,68.66,48.85,0.0
2025,6,6,23,2025-06-06 23:00:00,0.0,0.0,26.78,3.29,69.71,56.71,0.0
2025,6,7,0,2025-06-07 00:00:00,0.0,0.0,25.08,3.34,67.39,38.81,0.0
2025,6,7,1,2025-06-07 01:00:00,0.0,0.0,23.87,3.17,69.49,53.49,0.0
2025,6,7,2,2025-06-07 02:00:00,0.0,0.0,23.43,5.48,68.26,48.29,0.0
2025,6,7,3,2025-06-07 03:00:00,0.0,0.0,24.07,4.89,70.39,33.29,0.0
2025,6,7,4,2025-06-07 04:00:00,0.0,0.0,22.43,4.14,71.49,64.67,0.0
2025,6,7,5,2025-06-07 05:00:00,0.0,0.0,24.13,5.12,74.47,38.8,0.0
2025,6,7,6,2025-06-07 06:00:00,131.34,76.55,24.89,4.25,67.34,55.62,32.22
2025,6,7,7,2025-06-07 07:00:00,348.18,200.13,26.99,4.07,71.77,56.69,92.18
2025,6,7,8,2025-06-07 08:00:00,550.24,405.4,26.84,5.17,66.09,35.1,195.55
2025,6,7,9,2025-06-07 09:00:00,723.76,451.95,29.38,2.78,66.47,50.07,214.69
2025,6,7,10,2025-06-07 10:00:00,856.9,556.62,28.01,4.19,64.38,46.72,264.62
2025,6,7,11,2025-06-07 11:00:00,940.6,669.57,32.59,3.51,64.33,38.42,308.33
2025,6,7,12,2025-06-07 12:00:00,969.15,520.91,31.11,3.54,61.78,61.67,240.22
2025,6,7,13,2025-06-07 13:00:00,940.6,593.92,33.98,2.62,55.42,49.14,275.11
2025,6,7,14,2025-06-07 14:00:00,856.9,466.12,33.89,1.7,56.63,60.81,210.1
2025,6,7,15,2025-06-07 15:00:00,723.76,415.74,35.15,4.72,58.99,56.74,191.96
2025,6,7,16,2025-06-07 16:00:00,550.24,316.67,34.81,3.4,63.59,56.6,139.44
2025,6,7,17,2025-06-07 17:00:00,348.18,262.02,32.17,2.38,54.46,32.99,126.58
2025,6,7,18,2025-06-07 18:00:00,131.34,76.61,32.24,2.15,59.62,55.56,36.65
2025,6,7,19,2025-06-07 19:00:00,0.0,0.0,32.62,0.81,60.29,31.08,0.0
2025,6,7,20,2025-06-07 20:00:00,0.0,0.0,30.7,2.2,60.96,53.42,0.0
2025,6,7,21,2025-06-07 21:00:00,0.0,0.0,29.11,1.96,66.62,52.93,0.0
2025,6,7,22,2025-06-07 22:00:00,0.0,0.0,27.79,2.96,65.52,34.25,0.0
2025,6,7,23,2025-06-07 23:00:00,0.0,0.0,26.97,2.67,72.06,52.68,0.0
2025,6,8,0,2025-06-08 00:00:00,0.0,0.0,24.7,4.35,68.47,36.16,0.0
2025,6,8,1,2025-06-08 01:00:00,0.0,0.0,24.08,3.59,72.22,61.19,0.0
2025,6,8,2,2025-06-08 02:00:00,0.0,0.0,22.92,3.83,71.41,63.87,0.0
2025,6,8,3,2025-06-08 03:00:00,0.0,0.0,23.27,5.14,66.6,61.36,0.0
2025,6,8,4,2025-06-08 04:00:00,0.0,0.0,22.82,4.81,71.95,60.29,0.0
2025,6,8,5,2025-06-08 05:00:00,0.0,0.0,24.26,2.67,74.62,51.16,0.0
2025,6,8,6,2025-06-08 06:00:00,131.83,77.96,25.28,3.01,72.8,54.49,36.49
2025,6,8,7,2025-06-08 07:00:00,348.47,254.16,26.16,5.17,69.22,36.08,124.56
2025,6,8,8,2025-06-08 08:00:00,550.34,312.73,27.64,5.57,68.35,57.57,150.63
2025,6,8,9,2025-06-08 09:00:00,723.69,509.88,29.47,3.94,67.17,39.39,243.56
2025,6,8,10,2025-06-08 10:00:00,856.71,511.41,30.95,5.97,60.81,53.74,236.52
2025,6,8,11,2025-06-08 11:00:00,940.33,626.92,31.01,3.97,60.86,44.44,291.25
2025,6,8,12,2025-06-08 12:00:00,968.85,535.87,33.68,3.11,59.86,59.59,245.72
2025,6,8,13,2025-06-08 13:00:00,940.33,672.3,32.03,4.24,58.29,38.01,310.67
2025,6,8,14,2025-06-08 14:00:00,856.71,527.28,33.81,3.5,57.18,51.27,244.04
2025,6,8,15,2025-06-08 15:00:00,723.69,506.53,34.55,2.84,61.77,40.01,233.28
2025,6,8,16,2025-06-08 16:00:00,550.34,356.03,32.94,2.9,60.51,47.08,160.09
2025,6,8,17,2025-06-08 17:00:00,348.47,241.18,31.25,2.18,59.79,41.05,120.71
2025,6,8,18,2025-06-08 18:00:00,131.83,102.12,31.56,1.75,66.3,30.05,46.79
2025,6,8,19,2025-06-08 19:00:00,0.0,0.0,30.86,1.33,61.76,37.6,0.0
2025,6,8,20,2025-06-08 20:00:00,0.0,0.0,31.04,2.1,61.93,47.33,0.0
2025,6,8,21,2025-06-08 21:00:00,0.0,0.0,29.91,1.88,64.05,55.13,0.0
2025,6,8,22,2025-06-08 22:00:00,0.0,0.0,27.56,3.62,67.16,47.52,0.0
2025,6,8,23,2025-06-08 23:00:00,0.0,0.0,26.2,3.5,70.71,41.18,0.0
2025,6,9,0,2025-06-09 00:00:00,0.0,0.0,25.26,3.95,66.27,63.96,0.0
2025,6,9,1,2025-06-09 01:00:00,0.0,0.0,23.97,4.65,68.35,33.87,0.0
2025,6,9,2,2025-06-09 02:00:00,0.0,0.0,24.12,3.81,68.79,47.62,0.0
2025,6,9,3,2025-06-09 03:00:00,0.0,0.0,24.34,5.17,68.74,32.28,0.0
2025,6,9,4,2025-06-09 04:00:00,0.0,0.0,24.19,4.82,70.6,38.47,0.0
2025,6,9,5,2025-06-09 05:00:00,0.0,0.0,24.47,4.57,67.04,50.05,0.0
2025,6,9,6,2025-06-09 06:00:00,132.28,72.8,25.7,6.49,64.5,59.95,34.05
2025,6,9,7,2025-06-09 07:00:00,348.73,270.69,25.69,4.45,65.14,29.84,127.85
2025,6,9,8,2025-06-09 08:00:00,550.42,381.28,27.61,4.72,66.9,40.97,180.99
2025,6,9,9,2025-06-09 09:00:00,723.63,533.15,30.61,4.42,63.94,35.1,249.51
2025,6,9,10,2025-06-09 10:00:00,856.53,643.07,30.06,4.27,63.02,33.23,304.13
2025,6,9,11,2025-06-09 11:00:00,940.08,568.7,29.95,2.77,63.43,52.67,273.72
2025,6,9,12,2025-06-09 12:00:00,968.57,715.6,31.8,3.9,61.93,34.82,332.46
2025,6,9,13,2025-06-09 13:00:00,940.08,567.54,32.28,4.47,65.32,52.84,261.42
2025,6,9,14,2025-06-09 14:00:00,856.53,499.14,34.1,2.82,59.24,55.63,232.74
2025,6,9,15,2025-06-09 15:00:00,723.63,406.38,34.52,2.74,67.99,58.46,185.42
2025,6,9,16,2025-06-09 16:00:00,550.42,297.56,34.24,2.12,61.18,61.25,133.98
2025,6,9,17,2025-06-09 17:00:00,348.73,249.61,33.81,3.06,54.54,37.9,108.55
2025,6,9,18,2025-06-09 18:00:00,132.28,87.55,31.98,1.09,59.92,45.08,42.2
2025,6,9,19,2025-06-09 19:00:00,0.0,0.0,31.42,2.8,61.26,30.24,0.0
2025,6,9,20,2025-06-09 20:00:00,0.0,0.0,29.51,2.83,63.68,35.16,0.0
2025,6,9,21,2025-06-09 21:00:00,0.0,0.0,29.0,1.37,68.53,32.75,0.0
2025,6,9,22,2025-06-09 22:00:00,0.0,0.0,28.3,3.27,63.74,56.67,0.0
2025,6,9,23,2025-06-09 23:00:00,0.0,0.0,25.15,2.17,62.79,39.33,0.0
2025,6,10,0,2025-06-10 00:00:00,0.0,0.0,27.89,3.56,72.42,45.36,0.0
2025,6,10,1,2025-06-10 01:00:00,0.0,0.0,25.48,4.69,71.99,37.6,0.0
2025,6,10,2,2025-06-10 02:00:00,0.0,0.0,24.65,4.22,70.01,34.66,0.0
2025,6,10,3,2025-06-10 03:00:00,0.0,0.0,26.22,3.77,69.6,54.1,0.0
2025,6,10,4,2025-06-10 04:00:00,0.0,0.0,24.59,3.76,72.51,44.32,0.0
2025,6,10,5,2025-06-10 05:00:00,0.0,0.0,24.6,6.07,73.03,36.55,0.0
2025,6,10,6,2025-06-10 06:00:00,132.69,98.66,25.03,4.86,68.68,34.19,47.58
2025,6,10,7,2025-06-10 07:00:00,348.96,195.94,26.63,2.64,71.31,58.47,95.16
2025,6,10,8,2025-06-10 08:00:00,550.5,310.39,28.62,4.09,63.39,58.15,149.31
2025,6,10,9,2025-06-10 09:00:00,723.56,416.94,28.44,3.73,67.26,56.5,202.43
2025,6,10,10,2025-06-10 10:00:00,856.35,467.94,29.99,4.8,58.57,60.47,221.26
2025,6,10,11,2025-06-10 11:00:00,939.83,602.32,32.2,3.4,61.02,47.88,279.97
2025,6,10,12,2025-06-10 12:00:00,968.3,640.79,33.86,3.35,65.47,45.1,297.99
2025,6,10,13,2025-06-10 13:00:00,939.83,662.95,31.67,3.82,57.31,39.28,314.36
2025,6,10,14,2025-06-10 14:00:00,856.35,496.15,34.0,3.46,59.08,56.08,226.32
2025,6,10,15,2025-06-10 15:00:00,723.56,461.93,33.86,3.35,63.03,48.21,216.44
2025,6,10,16,2025-06-10 16:00:00,550.5,418.9,34.23,2.11,64.64,31.87,193.2
2025,6,10,17,2025-06-10 17:00:00,348.96,237.89,32.08,2.37,59.79,42.44,106.39
2025,6,10,18,2025-06-10 18:00:00,132.69,82.9,32.87,2.25,56.35,50.03,41.82
2025,6,10,19,2025-06-10 19:00:00,0.0,0.0,31.4,1.09,59.25,59.53,0.0
2025,6,10,20,2025-06-10 20:00:00,0.0,0.0,29.62,3.19,61.16,40.95,0.0
2025,6,10,21,2025-06-10 21:00:00,0.0,0.0,29.26,2.53,64.64,53.05,0.0
2025,6,10,22,2025-06-10 22:00:00,0.0,0.0,28.59,2.15,66.04,49.59,0.0
2025,6,10,23,2025-06-10 23:00:00,0.0,0.0,26.93,1.93,64.6,35.29,0.0
2025,6,11,0,2025-06-11 00:00:00,0.0,0.0,25.21,3.3,72.37,43.35,0.0
2025,6,11,1,2025-06-11 01:00:00,0.0,0.0,24.6,2.87,71.39,52.62,0.0
2025,6,11,2,2025-06-11 02:00:00,0.0,0.0,24.45,4.67,70.96,38.57,0.0
2025,6,11,3,2025-06-11 03:00:00,0.0,0.0,23.54,4.57,66.56,61.25,0.0
2025,6,11,4,2025-06-11 04:00:00,0.0,0.0,25.8,4.53,67.58,32.61,0.0
2025,6,11,5,2025-06-11 05:00:00,0.0,0.0,24.44,6.17,72.37,61.83,0.0
2025,6,11,6,2025-06-11 06:00:00,133.07,92.0,25.48,4.66,67.01,41.15,43.85
2025,6,11,7,2025-06-11 07:00:00,349.18,240.68,25.05,5.18,69.09,41.43,114.12
2025,6,11,8,2025-06-11 08:00:00,550.56,408.83,28.22,5.69,66.53,34.32,196.61
2025,6,11,9,2025-06-11 09:00:00,723.49,482.89,28.34,5.03,65.85,44.34,228.42
2025,6,11,10,2025-06-11 10:00:00,856.18,622.28,28.62,4.48,57.14,36.43,295.95
2025,6,11,11,2025-06-11 11:00:00,939.6,546.22,31.0,4.88,61.41,55.82,251.98
2025,6,11,12,2025-06-11 12:00:00,968.05,577.12,32.5,4.01,62.31,53.84,276.32
2025,6,11,13,2025-06-11 13:00:00,939.6,696.34,35.1,3.08,54.07,34.52,322.4
2025,6,11,14,2025-06-11 14:00:00,856.18,448.1,32.56,2.61,59.99,63.55,207.5
2025,6,11,15,2025-06-11 15:00:00,723.49,478.77,33.97,2.28,57.83,45.1,222.68
2025,6,11,16,2025-06-11 16:00:00,550.56,361.42,34.3,2.32,58.26,45.81,162.41
2025,6,11,17,2025-06-11 17:00:00,349.18,218.68,34.37,1.86,59.97,49.83,96.41
2025,6,11,18,2025-06-11 18:00:00,133.07,76.21,30.6,2.36,62.84,56.97,36.85
2025,6,11,19,2025-06-11 19:00:00,0.0,0.0,30.25,3.55,62.3,59.23,0.0
2025,6,11,20,2025-06-11 20:00:00,0.0,0.0,30.31,1.11,64.38,53.56,0.0
2025,6,11,21,2025-06-11 21:00:00,0.0,0.0,27.66,2.07,67.93,45.94,0.0
2025,6,11,22,2025-06-11 22:00:00,0.0,0.0,27.16,2.23,66.44,31.0,0.0
2025,6,11,23,2025-06-11 23:00:00,0.0,0.0,26.86,3.12,68.13,36.23,0.0
2025,6,12,0,2025-06-12 00:00:00,0.0,0.0,25.94,3.83,70.16,56.1,0.0
2025,6,12,1,2025-06-12 01:00:00,0.0,0.0,24.65,3.94,70.86,39.45,0.0
2025,6,12,2,2025-06-12 02:00:00,0.0,0.0,25.72,3.52,72.23,46.01,0.0
2025,6,12,3,2025-06-12 03:00:00,0.0,0.0,23.2,4.75,72.47,32.33,0.0
2025,6,12,4,2025-06-12 04:00:00,0.0,0.0,22.65,4.38,74.68,40.35,0.0
2025,6,12,5,2025-06-12 05:00:00,0.0,0.0,24.5,5.68,72.28,43.2,0.0
2025,6,12,6,2025-06-12 06:00:00,133.41,77.9,25.21,4.73,73.21,55.48,42.01
2025,6,12,7,2025-06-12 07:00:00,349.37,248.14,25.76,4.42,65.83,38.63,117.56
2025,6,12,8,2025-06-12 08:00:00,550.61,422.08,28.7,3.93,67.43,31.12,199.64
2025,6,12,9,2025-06-12 09:00:00,723.41,539.71,28.92,4.05,64.76,33.86,254.43
2025,6,12,10,2025-06-12 10:00:00,856.02,617.36,29.75,4.75,61.12,37.17,292.18
2025,6,12,11,2025-06-12 11:00:00,939.37,640.23,31.29,3.34,64.49,42.46,295.9
2025,6,12,12,2025-06-12 12:00:00,967.8,603.13,33.76,4.12,57.43,50.24,275.78
2025,6,12,13,2025-06-12 13:00:00,939.37,650.0,35.17,2.32,54.74,41.07,302.02
2025,6,12,14,2025-06-12 14:00:00,856.02,482.55,33.16,1.94,61.53,58.17,223.48
2025,6,12,15,2025-06-12 15:00:00,723.41,465.29,33.87,3.92,55.39,47.58,213.1
2025,6,12,16,2025-06-12 16:00:00,550.61,403.4,33.48,3.66,62.16,35.65,185.99
2025,6,12,17,2025-06-12 17:00:00,349.37,216.25,32.67,2.98,55.17,50.8,94.86
2025,6,12,18,2025-06-12 18:00:00,133.41,92.83,33.07,1.95,65.61,40.55,40.24
2025,6,12,19,2025-06-12 19:00:00,0.0,0.0,31.86,3.65,54.71,36.66,0.0
2025,6,12,20,2025-06-12 20:00:00,0.0,0.0,30.24,3.31,64.77,35.53,0.0
2025,6,12,21,2025-06-12 21:00:00,0.0,0.0,30.18,2.89,62.95,57.11,0.0
2025,6,12,22,2025-06-12 22:00:00,0.0,0.0,28.19,3.83,68.38,30.11,0.0
2025,6,12,23,2025-06-12 23:00:00,0.0,0.0,26.0,2.7,67.66,63.19,0.0
2025,6,13,0,2025-06-13 00:00:00,0.0,0.0,24.24,4.26,71.57,38.82,0.0
2025,6,13,1,2025-06-13 01:00:00,0.0,0.0,25.07,2.87,71.21,43.23,0.0
2025,6,13,2,2025-06-13 02:00:00,0.0,0.0,24.66,4.84,72.06,39.2,0.0
2025,6,13,3,2025-06-13 03:00:00,0.0,0.0,24.17,3.93,70.99,33.38,0.0
2025,6,13,4,2025-06-13 04:00:00,0.0,0.0,24.99,4.94,74.8,29.11,0.0
2025,6,13,5,2025-06-13 05:00:00,0.0,0.0,24.63,4.47,67.02,38.99,0.0
2025,6,13,6,2025-06-13 06:00:00,133.71,92.08,25.9,6.06,70.62,41.51,42.52
2025,6,13,7,2025-06-13 07:00:00,349.53,222.6,27.64,5.45,65.34,48.42,111.06
2025,6,13,8,2025-06-13 08:00:00,550.64,343.55,27.06,4.28,71.2,50.15,166.34
2025,6,13,9,2025-06-13 09:00:00,723.34,544.89,27.8,4.12,69.03,32.89,263.13
2025,6,13,10,2025-06-13 10:00:00,855.86,522.6,29.63,5.3,61.46,51.92,240.72
2025,6,13,11,2025-06-13 11:00:00,939.16,576.33,31.81,4.16,62.1,51.51,269.79
2025,6,13,12,2025-06-13 12:00:00,967.57,730.67,32.54,3.56,59.58,32.65,336.22
2025,6,13,13,2025-06-13 13:00:00,939.16,610.34,34.72,2.92,61.24,46.68,278.78
2025,6,13,14,2025-06-13 14:00:00,855.86,615.33,34.11,1.7,55.32,37.47,285.62
2025,6,13,15,2025-06-13 15:00:00,723.34,433.45,34.85,0.93,58.28,53.43,200.87
2025,6,13,16,2025-06-13 16:00:00,550.64,396.2,33.66,2.42,58.48,37.4,183.5
2025,6,13,17,2025-06-13 17:00:00,349.53,203.08,33.44,0.84,59.56,55.87,99.51
2025,6,13,18,2025-06-13 18:00:00,133.71,95.21,33.36,2.27,58.8,38.4,44.62
2025,6,13,19,2025-06-13 19:00:00,0.0,0.0,32.8,2.79,62.81,29.89,0.0
2025,6,13,20,2025-06-13 20:00:00,0.0,0.0,30.33,2.52,67.87,59.52,0.0
2025,6,13,21,2025-06-13 21:00:00,0.0,0.0,28.17,2.19,66.27,46.09,0.0
2025,6,13,22,2025-06-13 22:00:00,0.0,0.0,27.53,3.19,61.97,50.23,0.0
2025,6,13,23,2025-06-13 23:00:00,0.0,0.0,25.77,3.2,69.99,45.6,0.0
2025,6,14,0,2025-06-14 00:00:00,0.0,0.0,24.65,3.06,71.91,38.18,0.0
2025,6,14,1,2025-06-14 01:00:00,0.0,0.0,25.74,3.64,71.2,62.65,0.0
2025,6,14,2,2025-06-14 02:00:00,0.0,0.0,23.49,3.05,72.46,53.88,0.0
2025,6,14,3,2025-06-14 03:00:00,0.0,0.0,23.15,4.02,67.81,49.53,0.0
2025,6,14,4,2025-06-14 04:00:00,0.0,0.0,24.25,3.48,73.27,34.91,0.0
2025,6,14,5,2025-06-14 05:00:00,0.0,0.0,24.59,4.62,76.04,50.32,0.0
2025,6,14,6,2025-06-14 06:00:00,133.98,84.2,24.12,4.63,67.63,49.54,37.75
2025,6,14,7,2025-06-14 07:00:00,349.67,200.95,26.74,4.44,67.15,56.71,97.08
2025,6,14,8,2025-06-14 08:00:00,550.67,408.27,27.31,4.16,69.04,34.48,189.99
2025,6,14,9,2025-06-14 09:00:00,723.27,496.51,29.43,5.05,67.82,41.8,225.76
2025,6,14,10,2025-06-14 10:00:00,855.71,461.31,30.32,3.86,62.61,61.45,215.76
2025,6,14,11,2025-06-14 11:00:00,938.96,637.53,31.81,4.28,60.75,42.8,297.61
2025,6,14,12,2025-06-14 12:00:00,967.36,655.36,30.93,2.52,62.49,43.0,305.51
2025,6,14,13,2025-06-14 13:00:00,938.96,615.07,32.19,2.8,58.47,45.99,283.66
2025,6,14,14,2025-06-14 14:00:00,855.71,561.33,34.08,3.04,61.15,45.87,258.28
2025,6,14,15,2025-06-14 15:00:00,723.27,559.29,34.9,3.68,61.52,30.23,260.76
2025,6,14,16,2025-06-14 16:00:00,550.67,422.04,33.49,2.83,60.45,31.14,195.12
2025,6,14,17,2025-06-14 17:00:00,349.67,229.91,32.95,1.8,59.69,45.67,107.58
2025,6,14,18,2025-06-14 18:00:00,133.98,99.61,33.43,2.52,58.23,34.2,45.29
2025,6,14,19,2025-06-14 19:00:00,0.0,0.0,31.62,2.55,60.71,32.68,0.0
2025,6,14,20,2025-06-14 20:00:00,0.0,0.0,29.78,1.1,65.37,38.99,0.0
2025,6,14,21,2025-06-14 21:00:00,0.0,0.0,29.79,3.28,67.3,43.87,0.0
2025,6,14,22,2025-06-14 22:00:00,0.0,0.0,28.39,2.51,62.41,37.3,0.0
2025,6,14,23,2025-06-14 23:00:00,0.0,0.0,27.79,3.37,65.92,49.34,0.0
2025,6,15,0,2025-06-15 00:00:00,0.0,0.0,26.78,3.32,71.41,27.61,0.0
2025,6,15,1,2025-06-15 01:00:00,0.0,0.0,24.13,4.04,68.02,61.35,0.0
2025,6,15,2,2025-06-15 02:00:00,0.0,0.0,23.17,5.16,73.39,60.8,0.0
2025,6,15,3,2025-06-15 03:00:00,0.0,0.0,24.58,4.09,67.89,48.45,0.0
2025,6,15,4,2025-06-15 04:00:00,0.0,0.0,23.98,4.95,71.8,46.45,0.0
2025,6,15,5,2025-06-15 05:00:00,0.0,0.0,25.37,5.3,74.17,48.3,0.0
2025,6,15,6,2025-06-15 06:00:00,134.21,90.55,25.26,5.96,67.84,43.38,40.83
2025,6,15,7,2025-06-15 07:00:00,349.79,273.6,25.57,4.92,69.48,29.04,126.94
2025,6,15,8,2025-06-15 08:00:00,550.68,326.83,28.64,4.57,61.13,54.2,153.26
2025,6,15,9,2025-06-15 09:00:00,723.19,557.25,29.39,4.41,65.69,30.59,263.99
2025,6,15,10,2025-06-15 10:00:00,855.56,561.48,28.64,5.86,64.65,45.83,263.81
2025,6,15,11,2025-06-15 11:00:00,938.77,514.86,32.6,3.86,62.85,60.21,243.57
2025,6,15,12,2025-06-15 12:00:00,967.15,679.07,32.16,3.33,66.9,39.72,314.14
2025,6,15,13,2025-06-15 13:00:00,938.77,499.8,33.66,3.54,59.13,62.35,235.08
2025,6,15,14,2025-06-15 14:00:00,855.56,550.8,33.62,4.4,64.36,47.5,252.58
2025,6,15,15,2025-06-15 15:00:00,723.19,472.88,33.89,4.54,60.15,46.15,216.86
2025,6,15,16,2025-06-15 16:00:00,550.68,421.45,33.47,4.17,59.53,31.29,201.82
2025,6,15,17,2025-06-15 17:00:00,349.79,197.21,32.84,2.48,62.33,58.16,95.03
2025,6,15,18,2025-06-15 18:00:00,134.21,85.11,32.98,2.18,60.11,48.78,40.74
2025,6,15,19,2025-06-15 19:00:00,0.0,0.0,30.75,3.32,61.88,57.69,0.0
2025,6,15,20,2025-06-15 20:00:00,0.0,0.0,29.63,2.11,62.4,37.6,0.0
2025,6,15,21,2025-06-15 21:00:00,0.0,0.0,28.65,2.76,68.31,61.22,0.0
2025,6,15,22,2025-06-15 22:00:00,0.0,0.0,26.02,2.44,63.96,43.5,0.0
2025,6,15,23,2025-06-15 23:00:00,0.0,0.0,28.03,4.28,68.51,46.03,0.0
2025,6,16,0,2025-06-16 00:00:00,0.0,0.0,25.69,4.62,70.54,47.22,0.0
2025,6,16,1,2025-06-16 01:00:00,0.0,0.0,23.47,5.37,72.3,29.95,0.0
2025,6,16,2,2025-06-16 02:00:00,0.0,0.0,24.71,3.19,70.72,58.8,0.0
2025,6,16,3,2025-06-16 03:00:00,0.0,0.0,24.24,3.4,71.13,33.64,0.0
2025,6,16,4,2025-06-16 04:00:00,0.0,0.0,24.27,4.14,75.68,42.15,0.0
2025,6,16,5,2025-06-16 05:00:00,0.0,0.0,25.09,4.16,68.07,39.85,0.0
2025,6,16,6,2025-06-16 06:00:00,134.41,93.01,24.37,3.12,66.51,41.07,47.35
2025,6,16,7,2025-06-16 07:00:00,349.89,240.83,26.42,4.75,69.28,41.56,123.31
2025,6,16,8,2025-06-16 08:00:00,550.69,395.13,28.33,6.19,71.66,37.66,186.16
2025,6,16,9,2025-06-16 09:00:00,723.12,424.47,29.37,3.16,65.82,55.07,200.73
2025,6,16,10,2025-06-16 10:00:00,855.42,661.13,31.93,5.49,64.09,30.28,305.4
2025,6,16,11,2025-06-16 11:00:00,938.6,627.96,30.42,2.57,60.43,44.13,290.65
2025,6,16,12,2025-06-16 12:00:00,966.97,607.23,33.31,2.58,66.8,49.6,280.97
2025,6,16,13,2025-06-16 13:00:00,938.6,647.35,33.86,2.93,60.42,41.37,300.23
2025,6,16,14,2025-06-16 14:00:00,855.42,531.74,33.52,3.38,55.92,50.45,244.24
2025,6,16,15,2025-06-16 15:00:00,723.12,453.64,35.58,2.39,62.17,49.69,203.14
2025,6,16,16,2025-06-16 16:00:00,550.69,347.69,35.1,3.23,60.89,49.15,157.5
2025,6,16,17,2025-06-16 17:00:00,349.89,238.64,33.23,2.97,65.74,42.39,117.07
2025,6,16,18,2025-06-16 18:00:00,134.41,101.11,32.55,2.74,59.55,33.03,41.83
2025,6,16,19,2025-06-16 19:00:00,0.0,0.0,32.2,1.96,64.17,45.68,0.0
2025,6,16,20,2025-06-16 20:00:00,0.0,0.0,31.54,2.08,64.27,49.39,0.0
2025,6,16,21,2025-06-16 21:00:00,0.0,0.0,29.45,1.49,66.04,51.97,0.0
2025,6,16,22,2025-06-16 22:00:00,0.0,0.0,27.19,2.81,68.8,27.53,0.0
2025,6,16,23,2025-06-16 23:00:00,0.0,0.0,27.44,3.62,70.14,45.56,0.0
2025,6,17,0,2025-06-17 00:00:00,0.0,0.0,26.63,3.26,73.01,60.75,0.0
2025,6,17,1,2025-06-17 01:00:00,0.0,0.0,24.89,4.38,66.91,26.56,0.0
2025,6,17,2,2025-06-17 02:00:00,0.0,0.0,24.49,4.76,71.84,54.47,0.0
2025,6,17,3,2025-06-17 03:00:00,0.0,0.0,24.49,3.82,75.15,36.84,0.0
2025,6,17,4,2025-06-17 04:00:00,0.0,0.0,25.06,4.68,71.08,44.15,0.0
2025,6,17,5,2025-06-17 05:00:00,0.0,0.0,25.73,3.52,72.28,54.54,0.0
2025,6,17,6,2025-06-17 06:00:00,134.57,101.26,26.16,5.11,71.23,33.0,43.88
2025,6,17,7,2025-06-17 07:00:00,349.96,239.65,26.96,4.25,64.33,42.03,113.16
2025,6,17,8,2025-06-17 08:00:00,550.68,374.29,27.63,3.34,66.88,42.71,175.66
2025,6,17,9,2025-06-17 09:00:00,723.04,574.25,29.77,3.44,63.43,27.44,269.7
2025,6,17,10,2025-06-17 10:00:00,855.3,663.65,31.42,3.27,61.52,29.88,308.93
2025,6,17,11,2025-06-17 11:00:00,938.44,653.32,31.5,2.74,62.16,40.51,311.13
2025,6,17,12,2025-06-17 12:00:00,966.79,773.15,33.86,2.33,63.7,26.71,362.15
2025,6,17,13,2025-06-17 13:00:00,938.44,622.41,34.93,2.56,57.21,44.9,287.44
2025,6,17,14,2025-06-17 14:00:00,855.3,541.79,33.39,4.26,63.59,48.87,249.76
2025,6,17,15,2025-06-17 15:00:00,723.04,425.55,32.35,2.56,59.38,54.86,198.85
2025,6,17,16,2025-06-17 16:00:00,550.68,404.64,34.96,2.14,58.1,35.36,188.63
2025,6,17,17,2025-06-17 17:00:00,349.96,191.59,34.16,3.47,57.79,60.34,92.1
2025,6,17,18,2025-06-17 18:00:00,134.57,100.26,33.15,2.58,62.95,33.99,47.56
2025,6,17,19,2025-06-17 19:00:00,0.0,0.0,33.01,1.5,58.24,46.8,0.0
2025,6,17,20,2025-06-17 20:00:00,0.0,0.0,30.59,3.35,58.95,43.45,0.0
2025,6,17,21,2025-06-17 21:00:00,0.0,0.0,29.48,3.57,66.03,58.67,0.0
2025,6,17,22,2025-06-17 22:00:00,0.0,0.0,27.75,2.02,61.83,42.64,0.0
2025,6,17,23,2025-06-17 23:00:00,0.0,0.0,27.76,3.42,66.57,53.12,0.0
2025,6,18,0,2025-06-18 00:00:00,0.0,0.0,25.54,3.9,73.17,35.96,0.0
2025,6,18,1,2025-06-18 01:00:00,0.0,0.0,24.01,3.34,73.05,26.41,0.0
2025,6,18,2,2025-06-18 02:00:00,0.0,0.0,25.55,6.15,69.98,32.43,0.0
2025,6,18,3,2025-06-18 03:00:00,0.0,0.0,25.31,4.09,67.82,56.27,0.0
2025,6,18,4,2025-06-18 04:00:00,0.0,0.0,24.05,6.19,66.25,38.17,0.0
2025,6,18,5,2025-06-18 05:00:00,0.0,0.0,25.81,4.09,68.88,57.17,0.0
2025,6,18,6,2025-06-18 06:00:00,134.69,94.86,25.68,3.87,70.41,39.43,49.19
2025,6,18,7,2025-06-18 07:00:00,350.01,278.45,27.9,6.06,68.62,27.26,127.39
2025,6,18,8,2025-06-18 08:00:00,550.66,314.47,27.65,4.55,68.26,57.19,155.46
2025,6,18,9,2025-06-18 09:00:00,722.96,442.1,28.55,4.1,64.95,51.8,218.94
2025,6,18,10,2025-06-18 10:00:00,855.18,574.14,29.13,6.29,57.22,43.82,278.47
2025,6,18,11,2025-06-18 11:00:00,938.29,523.43,30.87,5.61,64.64,58.95,247.29
2025,6,18,12,2025-06-18 12:00:00,966.64,618.06,31.97,3.44,61.73,48.08,287.66
2025,6,18,13,2025-06-18 13:00:00,938.29,652.21,34.28,2.09,59.06,40.65,301.17
2025,6,18,14,2025-06-18 14:00:00,855.18,479.98,34.23,2.75,58.78,58.5,224.25
2025,6,18,15,2025-06-18 15:00:00,722.96,566.0,34.4,2.54,53.21,28.95,256.75
2025,6,18,16,2025-06-18 16:00:00,550.66,323.67,33.85,1.08,56.93,54.96,153.98
2025,6,18,17,2025-06-18 17:00:00,350.01,205.03,33.32,1.65,60.69,55.23,96.11
2025,6,18,18,2025-06-18 18:00:00,134.69,99.72,32.62,3.18,59.53,34.62,53.48
2025,6,18,19,2025-06-18 19:00:00,0.0,0.0,31.9,2.6,62.51,31.85,0.0
2025,6,18,20,2025-06-18 20:00:00,0.0,0.0,30.65,2.46,65.33,45.71,0.0
2025,6,18,21,2025-06-18 21:00:00,0.0,0.0,30.18,2.61,63.96,50.1,0.0
2025,6,18,22,2025-06-18 22:00:00,0.0,0.0,26.92,2.44,68.72,43.57,0.0
2025,6,18,23,2025-06-18 23:00:00,0.0,0.0,27.52,2.82,70.57,49.73,0.0
2025,6,19,0,2025-06-19 00:00:00,0.0,0.0,25.55,3.83,63.56,31.79,0.0
2025,6,19,1,2025-06-19 01:00:00,0.0,0.0,25.65,3.34,65.53,54.76,0.0
2025,6,19,2,2025-06-19 02:00:00,0.0,0.0,24.97,4.98,68.15,48.91,0.0
2025,6,19,3,2025-06-19 03:00:00,0.0,0.0,24.83,3.65,72.86,29.85,0.0
2025,6,19,4,2025-06-19 04:00:00,0.0,0.0,25.3,4.34,74.98,50.53,0.0
2025,6,19,5,2025-06-19 05:00:00,0.0,0.0,23.82,4.52,71.44,29.21,0.0
2025,6,19,6,2025-06-19 06:00:00,134.78,96.0,26.09,4.69,73.33,38.36,44.95
2025,6,19,7,2025-06-19 07:00:00,350.04,257.73,24.98,5.34,66.24,35.16,125.28
2025,6,19,8,2025-06-19 08:00:00,550.63,308.9,28.28,4.54,62.62,58.54,144.21
2025,6,19,9,2025-06-19 09:00:00,722.89,563.75,31.81,4.39,70.54,29.35,263.78
2025,6,19,10,2025-06-19 10:00:00,855.06,630.38,30.35,4.74,62.37,35.04,299.86
2025,6,19,11,2025-06-19 11:00:00,938.15,612.32,32.24,2.47,62.31,46.31,288.02
2025,6,19,12,2025-06-19 12:00:00,966.49,688.76,33.45,2.76,58.34,38.32,321.67
2025,6,19,13,2025-06-19 13:00:00,938.15,723.49,33.24,2.68,56.21,30.51,330.18
2025,6,19,14,2025-06-19 14:00:00,855.06,534.71,34.14,2.04,59.92,49.95,252.02
2025,6,19,15,2025-06-19 15:00:00,722.89,401.49,33.51,2.7,59.16,59.28,185.64
2025,6,19,16,2025-06-19 16:00:00,550.63,341.71,35.87,4.22,57.89,50.59,159.15
2025,6,19,17,2025-06-19 17:00:00,350.04,229.68,32.94,2.0,61.58,45.85,100.92
2025,6,19,18,2025-06-19 18:00:00,134.78,93.76,32.52,1.9,64.56,40.58,41.28
2025,6,19,19,2025-06-19 19:00:00,0.0,0.0,31.79,1.81,67.19,32.48,0.0
2025,6,19,20,2025-06-19 20:00:00,0.0,0.0,30.78,2.64,66.83,56.1,0.0
2025,6,19,21,2025-06-19 21:00:00,0.0,0.0,30.1,2.75,64.13,34.03,0.0
2025,6,19,22,2025-06-19 22:00:00,0.0,0.0,28.9,3.14,65.76,38.0,0.0
2025,6,19,23,2025-06-19 23:00:00,0.0,0.0,24.98,2.58,66.0,34.51,0.0
2025,6,20,0,2025-06-20 00:00:00,0.0,0.0,26.81,2.95,65.42,43.19,0.0
2025,6,20,1,2025-06-20 01:00:00,0.0,0.0,25.19,3.84,70.93,26.02,0.0
2025,6,20,2,2025-06-20 02:00:00,0.0,0.0,25.28,4.41,73.81,54.65,0.0
2025,6,20,3,2025-06-20 03:00:00,0.0,0.0,25.26,3.6,71.52,51.01,0.0
2025,6,20,4,2025-06-20 04:00:00,0.0,0.0,25.44,4.9,69.64,54.62,0.0
2025,6,20,5,2025-06-20 05:00:00,0.0,0.0,27.42,3.72,73.14,55.74,0.0
2025,6,20,6,2025-06-20 06:00:00,134.83,81.52,25.96,4.06,66.31,52.72,39.93
2025,6,20,7,2025-06-20 07:00:00,350.04,238.81,28.27,4.04,69.5,42.37,109.65
2025,6,20,8,2025-06-20 08:00:00,550.6,368.41,27.97,4.63,66.13,44.12,174.62
2025,6,20,9,2025-06-20 09:00:00,722.81,571.73,29.41,3.63,65.05,27.87,271.79
2025,6,20,10,2025-06-20 10:00:00,854.96,670.8,31.74,3.9,61.35,28.72,312.06
2025,6,20,11,2025-06-20 11:00:00,938.03,765.8,32.09,4.53,63.27,24.48,361.73
2025,6,20,12,2025-06-20 12:00:00,966.37,754.46,32.25,4.59,61.54,29.24,344.8
2025,6,20,13,2025-06-20 13:00:00,938.03,630.27,34.37,3.39,62.38,43.75,292.47
2025,6,20,14,2025-06-20 14:00:00,854.96,476.32,34.28,3.4,54.16,59.05,215.47
2025,6,20,15,2025-06-20 15:00:00,722.81,569.81,34.47,3.38,64.84,28.22,264.14
2025,6,20,16,2025-06-20 16:00:00,550.6,343.72,34.62,1.67,59.12,50.1,158.25
2025,6,20,17,2025-06-20 17:00:00,350.04,195.34,33.88,2.37,58.59,58.93,83.56
2025,6,20,18,2025-06-20 18:00:00,134.83,90.6,33.33,1.65,56.1,43.74,45.17
2025,6,20,19,2025-06-20 19:00:00,0.0,0.0,32.65,2.86,60.3,37.6,0.0
2025,6,20,20,2025-06-20 20:00:00,0.0,0.0,30.91,2.4,59.75,30.14,0.0
2025,6,20,21,2025-06-20 21:00:00,0.0,0.0,29.01,0.74,62.11,57.73,0.0
2025,6,20,22,2025-06-20 22:00:00,0.0,0.0,28.28,2.54,67.52,47.55,0.0
2025,6,20,23,2025-06-20 23:00:00,0.0,0.0,27.82,4.45,67.64,46.16,0.0
2025,6,21,0,2025-06-21 00:00:00,0.0,0.0,25.46,2.65,65.06,31.35,0.0
2025,6,21,1,2025-06-21 01:00:00,0.0,0.0,25.32,0.73,68.06,25.1,0.0
2025,6,21,2,2025-06-21 02:00:00,0.0,0.0,25.5,2.42,67.03,43.47,0.0
2025,6,21,3,2025-06-21 03:00:00,0.0,0.0,24.0,3.17,75.51,52.29,0.0
2025,6,21,4,2025-06-21 04:00:00,0.0,0.0,25.69,4.71,68.07,55.41,0.0
2025,6,21,5,2025-06-21 05:00:00,0.0,0.0,25.57,4.13,70.48,56.67,0.0
2025,6,21,6,2025-06-21 06:00:00,134.84,103.39,25.42,6.35,65.65,31.1,50.2
2025,6,21,7,2025-06-21 07:00:00,350.03,282.53,27.16,4.72,66.17,25.71,137.95
2025,6,21,8,2025-06-21 08:00:00,550.55,327.23,28.74,3.13,63.22,54.08,153.05
2025,6,21,9,2025-06-21 09:00:00,722.74,516.69,30.25,4.11,64.66,38.01,240.89
2025,6,21,10,2025-06-21 10:00:00,854.87,584.46,31.62,2.95,67.77,42.17,274.13
2025,6,21,11,2025-06-21 11:00:00,937.93,662.59,32.76,3.9,63.49,39.14,309.82
2025,6,21,12,2025-06-21 12:00:00,966.26,663.32,31.76,3.95,57.7,41.8,317.39
2025,6,21,13,2025-06-21 13:00:00,937.93,626.87,32.47,3.05,59.13,44.22,293.28
2025,6,21,14,2025-06-21 14:00:00,854.87,590.05,35.67,3.26,57.81,41.3,265.33
2025,6,21,15,2025-06-21 15:00:00,722.74,543.25,35.2,2.69,58.34,33.11,254.19
2025,6,21,16,2025-06-21 16:00:00,550.55,419.68,34.85,1.31,57.56,31.69,189.05
2025,6,21,17,2025-06-21 17:00:00,350.03,230.13,34.7,3.58,62.26,45.67,107.52
2025,6,21,18,2025-06-21 18:00:00,134.84,80.78,35.0,4.21,59.93,53.45,42.21
2025,6,21,19,2025-06-21 19:00:00,0.0,0.0,31.13,1.19,60.26,54.51,0.0
2025,6,21,20,2025-06-21 20:00:00,0.0,0.0,31.05,2.29,65.85,40.8,0.0
2025,6,21,21,2025-06-21 21:00:00,0.0,0.0,29.24,3.03,65.26,54.89,0.0
2025,6,21,22,2025-06-21 22:00:00,0.0,0.0,28.91,1.19,67.03,26.13,0.0
2025,6,21,23,2025-06-21 23:00:00,0.0,0.0,25.17,3.9,68.23,45.32,0.0
2025,6,22,0,2025-06-22 00:00:00,0.0,0.0,26.12,2.22,72.46,55.21,0.0
2025,6,22,1,2025-06-22 01:00:00,0.0,0.0,25.81,5.34,70.1,25.93,0.0
2025,6,22,2,2025-06-22 02:00:00,0.0,0.0,24.69,3.99,67.35,26.44,0.0
2025,6,22,3,2025-06-22 03:00:00,0.0,0.0,24.83,5.18,68.25,53.2,0.0
2025,6,22,4,2025-06-22 04:00:00,0.0,0.0,24.32,4.57,68.91,22.61,0.0
2025,6,22,5,2025-06-22 05:00:00,0.0,0.0,25.89,3.9,70.4,40.99,0.0
2025,6,22,6,2025-06-22 06:00:00,134.82,79.22,25.35,3.98,74.52,54.98,43.76
2025,6,22,7,2025-06-22 07:00:00,349.98,280.46,27.77,3.94,69.66,26.49,135.78
2025,6,22,8,2025-06-22 08:00:00,550.49,319.4,29.69,4.43,62.61,55.97,155.26
2025,6,22,9,2025-06-22 09:00:00,722.67,463.49,29.51,4.28,68.63,47.82,223.69
2025,6,22,10,2025-06-22 10:00:00,854.78,623.89,32.51,3.43,64.34,36.02,295.14
2025,6,22,11,2025-06-22 11:00:00,937.83,639.0,31.58,3.14,60.23,42.49,304.75
2025,6,22,12,2025-06-22 12:00:00,966.16,797.06,34.02,3.48,59.11,23.34,373.82
2025,6,22,13,2025-06-22 13:00:00,937.83,663.31,32.81,2.96,61.0,39.03,308.5
2025,6,22,14,2025-06-22 14:00:00,854.78,603.9,35.44,1.85,55.69,39.13,283.09
2025,6,22,15,2025-06-22 15:00:00,722.67,599.4,35.18,3.66,54.99,22.74,278.52
2025,6,22,16,2025-06-22 16:00:00,550.49,411.17,34.98,2.35,59.16,33.74,190.59
2025,6,22,17,2025-06-22 17:00:00,349.98,216.54,34.22,3.57,60.01,50.84,99.67
2025,6,22,18,2025-06-22 18:00:00,134.82,84.89,34.3,1.85,60.72,49.37,37.98
2025,6,22,19,2025-06-22 19:00:00,0.0,0.0,32.11,3.42,64.08,37.37,0.0
2025,6,22,20,2025-06-22 20:00:00,0.0,0.0,32.13,1.79,61.0,27.13,0.0
2025,6,22,21,2025-06-22 21:00:00,0.0,0.0,30.19,2.06,58.38,30.97,0.0
2025,6,22,22,2025-06-22 22:00:00,0.0,0.0,28.26,2.02,67.11,49.71,0.0
2025,6,22,23,2025-06-22 23:00:00,0.0,0.0,27.94,3.29,69.79,54.97,0.0
2025,6,23,0,2025-06-23 00:00:00,0.0,0.0,25.29,4.85,66.56,40.04,0.0
2025,6,23,1,2025-06-23 01:00:00,0.0,0.0,24.33,4.08,70.95,22.74,0.0
2025,6,23,2,2025-06-23 02:00:00,0.0,0.0,23.21,3.75,68.25,32.45,0.0
2025,6,23,3,2025-06-23 03:00:00,0.0,0.0,25.68,4.4,68.62,55.3,0.0
2025,6,23,4,2025-06-23 04:00:00,0.0,0.0,24.55,5.09,64.7,40.91,0.0
2025,6,23,5,2025-06-23 05:00:00,0.0,0.0,24.79,5.07,65.43,48.56,0.0
2025,6,23,6,2025-06-23 06:00:00,134.76,105.67,26.72,4.2,67.51,28.78,46.52
2025,6,23,7,2025-06-23 07:00:00,349.92,232.28,25.95,4.52,75.02,44.83,111.95
2025,6,23,8,2025-06-23 08:00:00,550.42,354.23,28.65,4.44,63.3,47.52,171.31
2025,6,23,9,2025-06-23 09:00:00,722.59,468.29,29.44,4.72,65.69,46.92,221.58
2025,6,23,10,2025-06-23 10:00:00,854.7,587.09,30.75,3.72,62.83,41.75,274.33
2025,6,23,11,2025-06-23 11:00:00,937.75,659.64,31.24,5.21,54.15,39.54,310.67
2025,6,23,12,2025-06-23 12:00:00,966.08,797.78,32.76,2.85,60.49,23.23,373.6
2025,6,23,13,2025-06-23 13:00:00,937.75,554.82,31.68,3.76,57.62,54.45,262.5
2025,6,23,14,2025-06-23 14:00:00,854.7,580.15,34.38,2.53,61.28,42.83,272.21
2025,6,23,15,2025-06-23 15:00:00,722.59,446.65,33.94,1.8,55.98,50.92,209.03
2025,6,23,16,2025-06-23 16:00:00,550.42,428.25,35.34,2.72,55.68,29.59,199.6
2025,6,23,17,2025-06-23 17:00:00,349.92,217.26,33.38,2.44,60.03,50.55,97.57
2025,6,23,18,2025-06-23 18:00:00,134.76,101.36,33.04,1.44,56.24,33.05,52.56
2025,6,23,19,2025-06-23 19:00:00,0.0,0.0,32.86,3.1,64.71,49.66,0.0
2025,6,23,20,2025-06-23 20:00:00,0.0,0.0,30.62,1.97,67.53,41.86,0.0
2025,6,23,21,2025-06-23 21:00:00,0.0,0.0,29.93,1.9,65.85,56.08,0.0
2025,6,23,22,2025-06-23 22:00:00,0.0,0.0,28.13,3.24,69.59,22.66,0.0
2025,6,23,23,2025-06-23 23:00:00,0.0,0.0,26.96,3.83,74.5,36.31,0.0
2025,6,24,0,2025-06-24 00:00:00,0.0,0.0,25.59,3.41,63.58,27.46,0.0
2025,6,24,1,2025-06-24 01:00:00,0.0,0.0,24.59,5.58,75.66,33.96,0.0
2025,6,24,2,2025-06-24 02:00:00,0.0,0.0,25.73,3.12,73.88,22.65,0.0
2025,6,24,3,2025-06-24 03:00:00,0.0,0.0,26.19,4.28,68.32,52.65,0.0
2025,6,24,4,2025-06-24 04:00:00,0.0,0.0,26.04,4.23,65.98,49.22,0.0
2025,6,24,5,2025-06-24 05:00:00,0.0,0.0,26.07,5.63,70.64,53.09,0.0
2025,6,24,6,2025-06-24 06:00:00,134.66,99.62,26.14,5.95,67.89,34.7,46.37
2025,6,24,7,2025-06-24 07:00:00,349.83,270.06,26.62,5.31,65.55,30.4,123.12
2025,6,24,8,2025-06-24 08:00:00,550.34,397.12,27.48,4.76,62.08,37.12,188.46
2025,6,24,9,2025-06-24 09:00:00,722.52,566.6,30.15,4.98,67.63,28.77,270.25
2025,6,24,10,2025-06-24 10:00:00,854.64,631.55,29.69,4.65,64.53,34.8,300.33
2025,6,24,11,2025-06-24 11:00:00,937.69,748.78,30.8,4.32,56.75,26.86,352.78
2025,6,24,12,2025-06-24 12:00:00,966.02,792.6,34.45,3.11,61.86,23.94,367.45
2025,6,24,13,2025-06-24 13:00:00,937.69,663.34,33.68,4.25,62.32,39.01,306.21
2025,6,24,14,2025-06-24 14:00:00,854.64,702.44,34.18,2.09,61.63,23.74,327.18
2025,6,24,15,2025-06-24 15:00:00,722.52,433.51,32.37,4.09,62.58,53.33,199.8
2025,6,24,16,2025-06-24 16:00:00,550.34,399.9,33.92,4.18,58.82,36.45,186.61
2025,6,24,17,2025-06-24 17:00:00,349.83,270.43,34.5,1.57,62.99,30.26,131.31
2025,6,24,18,2025-06-24 18:00:00,134.66,79.84,33.67,3.17,55.88,54.29,34.02
2025,6,24,19,2025-06-24 19:00:00,0.0,0.0,30.66,3.59,59.63,22.29,0.0
2025,6,24,20,2025-06-24 20:00:00,0.0,0.0,29.59,2.56,67.71,27.66,0.0
2025,6,24,21,2025-06-24 21:00:00,0.0,0.0,29.32,2.89,61.1,29.08,0.0
2025,6,24,22,2025-06-24 22:00:00,0.0,0.0,27.4,1.63,68.24,24.88,0.0
2025,6,24,23,2025-06-24 23:00:00,0.0,0.0,28.58,4.05,70.35,24.18,0.0
2025,6,25,0,2025-06-25 00:00:00,0.0,0.0,27.99,4.35,70.21,37.13,0.0
2025,6,25,1,2025-06-25 01:00:00,0.0,0.0,25.06,4.07,68.7,40.17,0.0
2025,6,25,2,2025-06-25 02:00:00,0.0,0.0,23.61,3.9,71.83,46.2,0.0
2025,6,25,3,2025-06-25 03:00:00,0.0,0.0,25.28,3.42,75.31,30.96,0.0
2025,6,25,4,2025-06-25 04:00:00,0.0,0.0,23.43,2.89,70.86,31.16,0.0
2025,6,25,5,2025-06-25 05:00:00,0.0,0.0,26.72,4.14,73.54,45.36,0.0
2025,6,25,6,2025-06-25 06:00:00,134.53,113.98,25.94,4.82,67.69,20.36,52.21
2025,6,25,7,2025-06-25 07:00:00,349.72,206.62,27.5,5.26,65.67,54.56,99.11
2025,6,25,8,2025-06-25 08:00:00,550.25,452.81,27.95,5.18,65.74,23.61,214.15
2025,6,25,9,2025-06-25 09:00:00,722.44,467.91,29.94,4.24,70.3,46.98,223.68
2025,6,25,10,2025-06-25 10:00:00,854.58,695.23,30.61,5.32,65.78,24.86,331.65
2025,6,25,11,2025-06-25 11:00:00,937.64,735.6,32.94,3.93,64.24,28.73,344.55
2025,6,25,12,2025-06-25 12:00:00,965.97,626.17,32.6,3.32,63.34,46.9,284.6
2025,6,25,13,2025-06-25 13:00:00,937.64,794.96,33.86,4.57,54.17,20.29,367.09
2025,6,25,14,2025-06-25 14:00:00,854.58,541.77,33.41,1.93,67.1,48.8,249.7
2025,6,25,15,2025-06-25 15:00:00,722.44,588.33,34.59,3.19,63.34,24.75,274.92
2025,6,25,16,2025-06-25 16:00:00,550.25,441.26,32.24,3.49,60.81,26.41,197.6
2025,6,25,17,2025-06-25 17:00:00,349.72,208.1,33.89,3.95,58.7,54.0,93.45
2025,6,25,18,2025-06-25 18:00:00,134.53,97.04,33.44,0.5,60.1,37.15,41.14
2025,6,25,19,2025-06-25 19:00:00,0.0,0.0,32.87,2.35,63.09,47.1,0.0
2025,6,25,20,2025-06-25 20:00:00,0.0,0.0,30.62,1.76,60.63,22.89,0.0
2025,6,25,21,2025-06-25 21:00:00,0.0,0.0,29.15,2.26,55.4,36.28,0.0
2025,6,25,22,2025-06-25 22:00:00,0.0,0.0,29.61,2.45,66.36,43.64,0.0
2025,6,25,23,2025-06-25 23:00:00,0.0,0.0,25.91,2.8,66.91,21.32,0.0
2025,6,26,0,2025-06-26 00:00:00,0.0,0.0,27.71,4.3,66.52,30.07,0.0
2025,6,26,1,2025-06-26 01:00:00,0.0,0.0,25.43,3.13,71.82,36.03,0.0
2025,6,26,2,2025-06-26 02:00:00,0.0,0.0,26.79,4.76,73.23,42.9,0.0
2025,6,26,3,2025-06-26 03:00:00,0.0,0.0,24.88,4.98,75.2,20.11,0.0
2025,6,26,4,2025-06-26 04:00:00,0.0,0.0,24.72,3.57,67.45,40.03,0.0
2025,6,26,5,2025-06-26 05:00:00,0.0,0.0,25.2,5.32,69.33,21.79,0.0
2025,6,26,6,2025-06-26 06:00:00,134.36,108.36,24.85,4.24,66.95,25.8,49.92
2025,6,26,7,2025-06-26 07:00:00,349.59,209.72,26.39,4.05,68.64,53.34,98.27
2025,6,26,8,2025-06-26 08:00:00,550.15,455.44,28.45,3.37,70.88,22.95,219.56
2025,6,26,9,2025-06-26 09:00:00,722.37,516.66,29.07,3.59,61.74,37.97,245.41
2025,6,26,10,2025-06-26 10:00:00,854.52,596.92,31.99,3.39,58.65,40.19,278.97
2025,6,26,11,2025-06-26 11:00:00,937.6,610.24,32.37,4.09,64.82,46.55,286.92
2025,6,26,12,2025-06-26 12:00:00,965.93,737.37,33.7,2.18,59.29,31.55,345.91
2025,6,26,13,2025-06-26 13:00:00,937.6,697.63,33.69,1.92,62.83,34.13,319.1
2025,6,26,14,2025-06-26 14:00:00,854.52,689.52,34.44,3.59,59.98,25.75,319.56
2025,6,26,15,2025-06-26 15:00:00,722.37,615.03,34.5,1.7,62.59,19.81,289.16
2025,6,26,16,2025-06-26 16:00:00,550.15,373.0,34.27,3.4,60.37,42.93,171.02
2025,6,26,17,2025-06-26 17:00:00,349.59,281.95,34.09,3.49,63.16,25.8,126.28
2025,6,26,18,2025-06-26 18:00:00,134.36,103.59,34.32,1.51,58.25,30.54,45.67
2025,6,26,19,2025-06-26 19:00:00,0.0,0.0,32.25,3.87,66.21,46.86,0.0
2025,6,26,20,2025-06-26 20:00:00,0.0,0.0,31.28,2.73,60.18,36.42,0.0
2025,6,26,21,2025-06-26 21:00:00,0.0,0.0,28.77,2.39,62.34,49.42,0.0
2025,6,26,22,2025-06-26 22:00:00,0.0,0.0,28.82,1.55,64.75,43.43,0.0
2025,6,26,23,2025-06-26 23:00:00,0.0,0.0,27.78,3.76,74.41,35.9,0.0
2025,6,27,0,2025-06-27 00:00:00,0.0,0.0,26.07,3.91,63.92,28.15,0.0
2025,6,27,1,2025-06-27 01:00:00,0.0,0.0,24.93,3.56,69.72,22.47,0.0
2025,6,27,2,2025-06-27 02:00:00,0.0,0.0,25.68,4.64,69.41,42.27,0.0
2025,6,27,3,2025-06-27 03:00:00,0.0,0.0,26.06,4.1,71.25,20.28,0.0
2025,6,27,4,2025-06-27 04:00:00,0.0,0.0,24.14,6.89,68.3,51.56,0.0
2025,6,27,5,2025-06-27 05:00:00,0.0,0.0,24.53,2.8,63.99,44.35,0.0
2025,6,27,6,2025-06-27 06:00:00,134.16,84.32,26.14,4.42,72.74,49.53,38.5
2025,6,27,7,2025-06-27 07:00:00,349.43,289.53,27.68,5.1,66.45,22.86,137.81
2025,6,27,8,2025-06-27 08:00:00,550.04,444.32,28.84,4.98,66.51,25.63,212.73
2025,6,27,9,2025-06-27 09:00:00,722.3,591.53,29.25,6.23,68.62,24.14,281.41
2025,6,27,10,2025-06-27 10:00:00,854.48,605.49,31.8,4.04,67.18,38.85,280.1
2025,6,27,11,2025-06-27 11:00:00,937.57,650.91,31.46,3.64,58.6,40.77,300.85
2025,6,27,12,2025-06-27 12:00:00,965.92,588.74,33.54,3.31,55.33,52.06,275.83
2025,6,27,13,2025-06-27 13:00:00,937.57,600.44,33.21,2.46,55.88,47.94,279.96
2025,6,27,14,2025-06-27 14:00:00,854.48,557.52,34.62,3.36,63.79,46.34,253.03
2025,6,27,15,2025-06-27 15:00:00,722.3,597.73,35.18,3.43,55.48,22.99,283.42
2025,6,27,16,2025-06-27 16:00:00,550.04,333.59,32.84,2.33,63.18,52.47,156.01
2025,6,27,17,2025-06-27 17:00:00,349.43,294.56,33.51,1.43,60.56,20.94,129.96
2025,6,27,18,2025-06-27 18:00:00,134.16,97.24,32.57,3.5,59.79,36.69,47.74
2025,6,27,19,2025-06-27 19:00:00,0.0,0.0,32.81,1.32,57.89,34.4,0.0
2025,6,27,20,2025-06-27 20:00:00,0.0,0.0,31.34,2.83,63.32,31.72,0.0
2025,6,27,21,2025-06-27 21:00:00,0.0,0.0,30.15,2.6,65.79,48.63,0.0
2025,6,27,22,2025-06-27 22:00:00,0.0,0.0,27.52,1.87,67.49,43.67,0.0
2025,6,27,23,2025-06-27 23:00:00,0.0,0.0,27.45,3.54,61.58,26.67,0.0
2025,6,28,0,2025-06-28 00:00:00,0.0,0.0,26.12,3.11,72.12,45.66,0.0
2025,6,28,1,2025-06-28 01:00:00,0.0,0.0,25.56,4.23,69.77,49.0,0.0
2025,6,28,2,2025-06-28 02:00:00,0.0,0.0,24.53,4.72,73.34,31.11,0.0
2025,6,28,3,2025-06-28 03:00:00,0.0,0.0,25.41,4.86,71.09,51.36,0.0
2025,6,28,4,2025-06-28 04:00:00,0.0,0.0,24.02,3.86,69.45,31.69,0.0
2025,6,28,5,2025-06-28 05:00:00,0.0,0.0,25.16,5.62,73.19,25.01,0.0
2025,6,28,6,2025-06-28 06:00:00,133.92,114.23,26.63,5.53,68.83,19.6,57.32
2025,6,28,7,2025-06-28 07:00:00,349.25,236.77,25.48,5.77,67.54,42.94,111.9
2025,6,28,8,2025-06-28 08:00:00,549.91,480.04,28.42,4.39,64.58,16.94,227.88
2025,6,28,9,2025-06-28 09:00:00,722.23,528.09,28.94,5.05,67.18,35.84,249.58
2025,6,28,10,2025-06-28 10:00:00,854.45,634.28,31.43,3.8,60.3,34.36,296.88
2025,6,28,11,2025-06-28 11:00:00,937.56,799.75,32.07,4.48,57.02,19.6,372.06
2025,6,28,12,2025-06-28 12:00:00,965.91,691.7,33.42,3.44,63.94,37.85,317.76
2025,6,28,13,2025-06-28 13:00:00,937.56,619.73,33.33,2.57,55.04,45.2,286.13
2025,6,28,14,2025-06-28 14:00:00,854.45,692.9,33.87,3.38,63.88,25.21,328.46
2025,6,28,15,2025-06-28 15:00:00,722.23,529.15,34.94,2.61,54.06,35.65,242.54
2025,6,28,16,2025-06-28 16:00:00,549.91,399.5,34.19,2.0,56.96,36.47,177.32
2025,6,28,17,2025-06-28 17:00:00,349.25,246.35,34.51,2.62,60.24,39.29,115.25
2025,6,28,18,2025-06-28 18:00:00,133.92,83.96,33.82,2.52,56.74,49.74,41.91
2025,6,28,19,2025-06-28 19:00:00,0.0,0.0,32.21,2.29,59.26,50.64,0.0
2025,6,28,20,2025-06-28 20:00:00,0.0,0.0,30.98,2.72,65.32,42.31,0.0
2025,6,28,21,2025-06-28 21:00:00,0.0,0.0,29.65,3.45,65.54,20.16,0.0
2025,6,28,22,2025-06-28 22:00:00,0.0,0.0,28.51,2.99,68.35,34.82,0.0
2025,6,28,23,2025-06-28 23:00:00,0.0,0.0,26.21,3.89,66.44,49.43,0.0
2025,6,29,0,2025-06-29 00:00:00,0.0,0.0,26.82,4.09,62.98,32.73,0.0
2025,6,29,1,2025-06-29 01:00:00,0.0,0.0,26.75,3.7,68.51,40.21,0.0
2025,6,29,2,2025-06-29 02:00:00,0.0,0.0,25.76,4.75,66.8,22.7,0.0
2025,6,29,3,2025-06-29 03:00:00,0.0,0.0,25.85,3.46,72.5,29.74,0.0
2025,6,29,4,2025-06-29 04:00:00,0.0,0.0,24.71,6.31,69.93,43.87,0.0
2025,6,29,5,2025-06-29 05:00:00,0.0,0.0,25.34,3.45,70.52,36.29,0.0
2025,6,29,6,2025-06-29 06:00:00,133.64,91.67,26.01,4.51,71.22,41.87,42.44
2025,6,29,7,2025-06-29 07:00:00,349.05,299.46,27.69,4.6,62.1,18.94,143.42
2025,6,29,8,2025-06-29 08:00:00,549.78,454.93,28.26,5.02,65.43,23.0,213.06
2025,6,29,9,2025-06-29 09:00:00,722.15,627.7,29.86,2.67,65.39,17.44,297.73
2025,6,29,10,2025-06-29 10:00:00,854.42,601.54,29.52,4.33,62.43,39.46,282.95
2025,6,29,11,2025-06-29 11:00:00,937.56,758.34,30.79,4.28,59.51,25.49,352.26
2025,6,29,12,2025-06-29 12:00:00,965.92,751.97,33.95,3.72,63.63,29.53,343.35
2025,6,29,13,2025-06-29 13:00:00,937.56,647.12,35.19,2.45,64.83,41.3,301.24
2025,6,29,14,2025-06-29 14:00:00,854.42,628.09,35.19,4.67,57.75,35.32,288.14
2025,6,29,15,2025-06-29 15:00:00,722.15,488.74,35.09,2.7,60.53,43.1,224.91
2025,6,29,16,2025-06-29 16:00:00,549.78,397.41,35.26,1.81,59.77,36.95,180.17
2025,6,29,17,2025-06-29 17:00:00,349.05,261.97,33.91,1.74,64.6,33.26,128.66
2025,6,29,18,2025-06-29 18:00:00,133.64,96.89,33.04,3.1,62.08,36.67,47.38
2025,6,29,19,2025-06-29 19:00:00,0.0,0.0,31.86,1.24,65.18,30.95,0.0
2025,6,29,20,2025-06-29 20:00:00,0.0,0.0,31.94,3.76,65.68,32.76,0.0
2025,6,29,21,2025-06-29 21:00:00,0.0,0.0,29.39,2.9,64.14,40.53,0.0
2025,6,29,22,2025-06-29 22:00:00,0.0,0.0,29.48,2.53,67.21,37.99,0.0
2025,6,29,23,2025-06-29 23:00:00,0.0,0.0,27.18,3.64,65.21,36.66,0.0
2025,6,30,0,2025-06-30 00:00:00,0.0,0.0,25.94,2.56,68.92,14.36,0.0
2025,6,30,1,2025-06-30 01:00:00,0.0,0.0,23.91,4.21,74.0,26.58,0.0
2025,6,30,2,2025-06-30 02:00:00,0.0,0.0,25.54,3.33,76.79,26.08,0.0
2025,6,30,3,2025-06-30 03:00:00,0.0,0.0,25.16,3.7,69.8,33.0,0.0
2025,6,30,4,2025-06-30 04:00:00,0.0,0.0,26.28,4.08,68.7,30.8,0.0
2025,6,30,5,2025-06-30 05:00:00,0.0,0.0,25.99,5.34,69.27,28.91,0.0
2025,6,30,6,2025-06-30 06:00:00,133.33,110.77,26.84,5.53,71.27,22.55,48.71
2025,6,30,7,2025-06-30 07:00:00,348.82,247.35,29.01,4.02,71.8,38.79,117.32
2025,6,30,8,2025-06-30 08:00:00,549.64,394.59,26.56,4.12,62.82,37.61,187.02
2025,6,30,9,2025-06-30 09:00:00,722.08,638.74,30.58,4.55,61.3,15.39,296.47
2025,6,30,10,2025-06-30 10:00:00,854.4,542.92,31.8,4.98,62.04,48.61,249.3
2025,6,30,11,2025-06-30 11:00:00,937.58,630.14,32.23,2.88,58.2,43.72,290.33
2025,6,30,12,2025-06-30 12:00:00,965.95,645.16,31.95,2.42,58.1,44.28,302.8
2025,6,30,13,2025-06-30 13:00:00,937.58,781.49,32.18,2.99,61.5,22.2,363.94
2025,6,30,14,2025-06-30 14:00:00,854.4,646.92,34.99,3.33,60.15,32.38,293.17
2025,6,30,15,2025-06-30 15:00:00,722.08,483.21,35.43,2.59,58.56,44.11,222.66
2025,6,30,16,2025-06-30 16:00:00,549.64,453.94,34.31,2.56,57.66,23.22,207.74
2025,6,30,17,2025-06-30 17:00:00,348.82,260.14,35.48,1.21,55.83,33.9,115.46
2025,6,30,18,2025-06-30 18:00:00,133.33,104.1,34.71,1.01,60.82,29.23,44.43
2025,6,30,19,2025-06-30 19:00:00,0.0,0.0,32.03,3.09,63.7,43.09,0.0
2025,6,30,20,2025-06-30 20:00:00,0.0,0.0,30.71,2.08,57.66,16.93,0.0
2025,6,30,21,2025-06-30 21:00:00,0.0,0.0,30.39,3.21,66.45,29.02,0.0
2025,6,30,22,2025-06-30 22:00:00,0.0,0.0,27.73,2.47,64.68,33.07,0.0
2025,6,30,23,2025-06-30 23:00:00,0.0,0.0,28.64,2.32,66.48,20.35,0.0
2025,7,1,0,2025-07-01 00:00:00,0.0,0.0,28.17,2.21,69.89,24.84,0.0
2025,7,1,1,2025-07-01 01:00:00,0.0,0.0,23.29,4.6,69.97,28.49,0.0
2025,7,1,2,2025-07-01 02:00:00,0.0,0.0,25.61,4.91,75.46,35.13,0.0
2025,7,1,3,2025-07-01 03:00:00,0.0,0.0,24.2,4.4,70.31,13.92,0.0
2025,7,1,4,2025-07-01 04:00:00,0.0,0.0,24.56,3.85,73.34,27.88,0.0
2025,7,1,5,2025-07-01 05:00:00,0.0,0.0,25.41,4.89,74.18,34.54,0.0
2025,7,1,6,2025-07-01 06:00:00,132.98,115.96,24.31,4.48,68.12,17.06,54.16
2025,7,1,7,2025-07-01 07:00:00,348.58,312.05,27.62,4.73,70.84,13.97,152.95
2025,7,1,8,2025-07-01 08:00:00,549.48,409.53,29.05,4.32,67.37,33.96,191.12
2025,7,1,9,2025-07-01 09:00:00,722.01,517.35,28.98,3.28,66.55,37.79,243.36
2025,7,1,10,2025-07-01 10:00:00,854.39,561.78,31.43,3.51,61.9,45.66,263.5
2025,7,1,11,2025-07-01 11:00:00,937.61,762.97,32.66,3.67,58.78,24.83,354.99
2025,7,1,12,2025-07-01 12:00:00,965.99,624.56,32.41,3.06,58.38,47.13,289.31
2025,7,1,13,2025-07-01 13:00:00,937.61,600.44,33.63,3.46,54.94,47.95,281.39
2025,7,1,14,2025-07-01 14:00:00,854.39,688.54,34.94,3.42,60.47,25.88,313.05
2025,7,1,15,2025-07-01 15:00:00,722.01,476.91,36.29,2.45,58.92,45.26,217.18
2025,7,1,16,2025-07-01 16:00:00,549.48,410.17,33.9,2.64,52.35,33.81,196.47
2025,7,1,17,2025-07-01 17:00:00,348.58,279.68,34.36,2.66,57.61,26.35,131.97
2025,7,1,18,2025-07-01 18:00:00,132.98,106.72,33.59,2.18,60.06,26.33,51.53
2025,7,1,19,2025-07-01 19:00:00,0.0,0.0,32.45,1.16,54.13,38.48,0.0
2025,7,1,20,2025-07-01 20:00:00,0.0,0.0,31.03,1.19,63.63,24.87,0.0
2025,7,1,21,2025-07-01 21:00:00,0.0,0.0,30.24,2.83,63.04,36.41,0.0
2025,7,1,22,2025-07-01 22:00:00,0.0,0.0,29.48,3.55,71.52,44.87,0.0
2025,7,1,23,2025-07-01 23:00:00,0.0,0.0,27.12,3.16,64.83,44.7,0.0
2025,7,2,0,2025-07-02 00:00:00,0.0,0.0,26.38,3.31,73.67,38.14,0.0
2025,7,2,1,2025-07-02 01:00:00,0.0,0.0,25.01,4.49,66.92,44.41,0.0
2025,7,2,2,2025-07-02 02:00:00,0.0,0.0,25.34,4.72,63.54,43.71,0.0
2025,7,2,3,2025-07-02 03:00:00,0.0,0.0,24.79,4.09,71.43,38.71,0.0
2025,7,2,4,2025-07-02 04:00:00,0.0,0.0,25.23,5.29,69.52,12.6,0.0
2025,7,2,5,2025-07-02 05:00:00,0.0,0.0,25.33,5.4,66.27,37.48,0.0
2025,7,2,6,2025-07-02 06:00:00,132.59,105.0,26.84,4.72,71.11,27.75,40.73
2025,7,2,7,2025-07-02 07:00:00,348.3,253.48,26.82,4.46,70.43,36.3,122.88
2025,7,2,8,2025-07-02 08:00:00,549.32,390.73,29.97,4.15,65.62,38.49,181.3
2025,7,2,9,2025-07-02 09:00:00,721.93,639.21,29.59,5.08,67.22,15.28,303.14
2025,7,2,10,2025-07-02 10:00:00,854.38,576.71,31.72,4.06,61.02,43.33,264.04
2025,7,2,11,2025-07-02 11:00:00,937.64,751.4,32.24,3.76,64.01,26.48,352.74
2025,7,2,12,2025-07-02 12:00:00,966.04,636.12,34.05,3.66,62.36,45.54,291.14
2025,7,2,13,2025-07-02 13:00:00,937.64,819.66,34.97,5.2,55.38,16.78,381.91
2025,7,2,14,2025-07-02 14:00:00,854.38,761.2,36.22,3.86,59.22,14.54,349.94
2025,7,2,15,2025-07-02 15:00:00,721.93,616.81,33.89,2.95,57.76,19.42,287.96
2025,7,2,16,2025-07-02 16:00:00,549.32,497.11,35.04,2.83,56.25,12.67,229.63
2025,7,2,17,2025-07-02 17:00:00,348.3,230.48,34.42,4.35,53.09,45.1,106.39
2025,7,2,18,2025-07-02 18:00:00,132.59,87.44,34.05,1.86,59.19,45.4,43.25
2025,7,2,19,2025-07-02 19:00:00,0.0,0.0,32.17,2.52,68.09,37.35,0.0
2025,7,2,20,2025-07-02 20:00:00,0.0,0.0,31.63,2.87,60.89,35.51,0.0
2025,7,2,21,2025-07-02 21:00:00,0.0,0.0,31.26,2.02,68.21,19.58,0.0
2025,7,2,22,2025-07-02 22:00:00,0.0,0.0,28.59,2.94,73.22,42.97,0.0
2025,7,2,23,2025-07-02 23:00:00,0.0,0.0,26.98,3.31,71.87,13.33,0.0
2025,7,3,0,2025-07-03 00:00:00,0.0,0.0,27.41,2.94,73.05,20.38,0.0
2025,7,3,1,2025-07-03 01:00:00,0.0,0.0,25.21,3.74,70.45,38.73,0.0
2025,7,3,2,2025-07-03 02:00:00,0.0,0.0,25.39,2.72,68.27,19.42,0.0
2025,7,3,3,2025-07-03 03:00:00,0.0,0.0,26.49,4.84,69.12,21.72,0.0
2025,7,3,4,2025-07-03 04:00:00,0.0,0.0,23.92,4.08,70.37,28.69,0.0
2025,7,3,5,2025-07-03 05:00:00,0.0,0.0,27.07,4.24,67.47,27.76,0.0
2025,7,3,6,2025-07-03 06:00:00,132.17,93.53,24.14,5.31,72.54,38.98,50.54
2025,7,3,7,2025-07-03 07:00:00,348.01,231.74,26.65,5.75,75.27,44.55,111.16
2025,7,3,8,2025-07-03 08:00:00,549.14,417.28,28.81,3.35,66.75,32.02,202.37
2025,7,3,9,2025-07-03 09:00:00,721.86,533.62,31.28,5.57,64.32,34.77,249.69
2025,7,3,10,2025-07-03 10:00:00,854.38,685.52,31.11,2.44,60.88,26.35,323.01
2025,7,3,11,2025-07-03 11:00:00,937.7,803.71,31.58,4.82,66.53,19.05,377.71
2025,7,3,12,2025-07-03 12:00:00,966.11,696.51,34.33,4.35,54.84,37.21,321.34
2025,7,3,13,2025-07-03 13:00:00,937.7,647.04,33.72,2.85,59.02,41.33,295.99
2025,7,3,14,2025-07-03 14:00:00,854.38,660.09,33.74,3.28,62.8,30.32,306.41
2025,7,3,15,2025-07-03 15:00:00,721.86,541.07,35.15,3.51,55.52,33.39,249.59
2025,7,3,16,2025-07-03 16:00:00,549.14,455.1,36.25,3.9,54.86,22.83,209.32
2025,7,3,17,2025-07-03 17:00:00,348.01,316.73,33.46,3.23,60.32,11.99,142.44
2025,7,3,18,2025-07-03 18:00:00,132.17,116.23,34.36,1.74,57.61,16.08,54.6
2025,7,3,19,2025-07-03 19:00:00,0.0,0.0,32.08,1.56,60.11,30.78,0.0
2025,7,3,20,2025-07-03 20:00:00,0.0,0.0,31.61,3.28,61.76,45.35,0.0
2025,7,3,21,2025-07-03 21:00:00,0.0,0.0,29.87,2.78,61.11,44.09,0.0
2025,7,3,22,2025-07-03 22:00:00,0.0,0.0,29.12,2.93,64.79,30.92,0.0
2025,7,3,23,2025-07-03 23:00:00,0.0,0.0,28.12,3.26,65.15,13.33,0.0
2025,7,4,0,2025-07-04 00:00:00,0.0,0.0,27.43,2.61,71.02,41.38,0.0
2025,7,4,1,2025-07-04 01:00:00,0.0,0.0,26.19,3.3,72.27,24.53,0.0
2025,7,4,2,2025-07-04 02:00:00,0.0,0.0,24.9,4.07,72.48,41.57,0.0
2025,7,4,3,2025-07-04 03:00:00,0.0,0.0,26.38,3.88,68.31,19.79,0.0
2025,7,4,4,2025-07-04 04:00:00,0.0,0.0,24.02,5.47,74.21,36.74,0.0
2025,7,4,5,2025-07-04 05:00:00,0.0,0.0,26.03,4.28,71.63,30.08,0.0
2025,7,4,6,2025-07-04 06:00:00,131.71,102.25,26.09,5.0,72.77,29.83,44.28
2025,7,4,7,2025-07-04 07:00:00,347.69,247.9,27.55,5.61,66.34,38.27,123.6
2025,7,4,8,2025-07-04 08:00:00,548.95,416.8,27.92,5.02,67.54,32.1,193.02
2025,7,4,9,2025-07-04 09:00:00,721.78,667.83,31.1,4.78,68.5,9.97,307.73
2025,7,4,10,2025-07-04 10:00:00,854.39,674.71,31.04,3.98,58.4,28.04,318.99
2025,7,4,11,2025-07-04 11:00:00,937.76,716.97,31.49,3.25,60.01,31.39,337.06
2025,7,4,12,2025-07-04 12:00:00,966.19,835.94,32.0,2.08,58.47,17.97,393.28
2025,7,4,13,2025-07-04 13:00:00,937.76,775.29,34.45,4.72,60.36,23.1,361.27
2025,7,4,14,2025-07-04 14:00:00,854.39,669.53,34.99,2.98,63.56,28.85,308.11
2025,7,4,15,2025-07-04 15:00:00,721.78,527.07,34.58,1.91,60.47,35.97,239.65
2025,7,4,16,2025-07-04 16:00:00,548.95,437.25,34.54,2.0,56.26,27.13,199.15
2025,7,4,17,2025-07-04 17:00:00,347.69,258.85,33.88,2.54,60.02,34.07,118.08
2025,7,4,18,2025-07-04 18:00:00,131.71,97.05,33.4,2.15,64.82,35.09,45.73
2025,7,4,19,2025-07-04 19:00:00,0.0,0.0,32.7,1.89,60.87,18.09,0.0
2025,7,4,20,2025-07-04 20:00:00,0.0,0.0,31.7,1.93,68.83,31.16,0.0
2025,7,4,21,2025-07-04 21:00:00,0.0,0.0,31.49,1.4,65.05,37.73,0.0
2025,7,4,22,2025-07-04 22:00:00,0.0,0.0,27.81,1.54,67.12,43.31,0.0
2025,7,4,23,2025-07-04 23:00:00,0.0,0.0,27.01,2.6,64.6,16.84,0.0
2025,7,5,0,2025-07-05 00:00:00,0.0,0.0,27.24,4.33,73.17,28.82,0.0
2025,7,5,1,2025-07-05 01:00:00,0.0,0.0,26.3,3.92,69.18,41.88,0.0
2025,7,5,2,2025-07-05 02:00:00,0.0,0.0,25.47,4.41,73.75,11.64,0.0
2025,7,5,3,2025-07-05 03:00:00,0.0,0.0,25.31,3.13,73.0,9.18,0.0
2025,7,5,4,2025-07-05 04:00:00,0.0,0.0,24.83,4.6,72.53,24.91,0.0
2025,7,5,5,2025-07-05 05:00:00,0.0,0.0,25.83,4.84,71.38,12.74,0.0
2025,7,5,6,2025-07-05 06:00:00,131.22,116.88,26.32,5.26,63.39,14.58,56.41
2025,7,5,7,2025-07-05 07:00:00,347.35,291.21,28.74,3.86,66.37,21.55,133.34
2025,7,5,8,2025-07-05 08:00:00,548.75,511.46,29.52,4.41,67.49,9.06,238.8
2025,7,5,9,2025-07-05 09:00:00,721.7,550.93,29.95,3.19,62.07,31.55,258.19
2025,7,5,10,2025-07-05 10:00:00,854.41,735.08,31.41,5.06,59.04,18.62,346.99
2025,7,5,11,2025-07-05 11:00:00,937.83,695.1,32.39,4.01,60.68,34.51,324.38
2025,7,5,12,2025-07-05 12:00:00,966.28,754.75,33.4,3.6,59.06,29.19,349.39
2025,7,5,13,2025-07-05 13:00:00,937.83,865.14,34.03,1.31,56.0,10.33,396.98
2025,7,5,14,2025-07-05 14:00:00,854.41,698.5,34.1,1.42,63.46,24.33,324.64
2025,7,5,15,2025-07-05 15:00:00,721.7,610.8,34.81,3.02,66.27,20.49,287.62
2025,7,5,16,2025-07-05 16:00:00,548.75,399.62,34.43,1.57,50.48,36.24,186.96
2025,7,5,17,2025-07-05 17:00:00,347.35,291.03,34.05,3.97,60.05,21.62,130.1
2025,7,5,18,2025-07-05 18:00:00,131.22,89.92,33.21,1.75,62.67,41.97,41.78
2025,7,5,19,2025-07-05 19:00:00,0.0,0.0,32.13,2.75,62.93,16.54,0.0
2025,7,5,20,2025-07-05 20:00:00,0.0,0.0,30.85,0.5,64.47,38.37,0.0
2025,7,5,21,2025-07-05 21:00:00,0.0,0.0,29.86,2.57,68.76,19.0,0.0
2025,7,5,22,2025-07-05 22:00:00,0.0,0.0,28.92,3.15,68.98,16.11,0.0
2025,7,5,23,2025-07-05 23:00:00,0.0,0.0,27.74,3.07,72.74,30.87,0.0
2025,7,6,0,2025-07-06 00:00:00,0.0,0.0,26.18,3.13,72.78,36.95,0.0
2025,7,6,1,2025-07-06 01:00:00,0.0,0.0,25.55,5.42,65.47,33.72,0.0
2025,7,6,2,2025-07-06 02:00:00,0.0,0.0,26.05,5.05,72.7,39.62,0.0
2025,7,6,3,2025-07-06 03:00:00,0.0,0.0,25.84,2.54,74.65,16.1,0.0
2025,7,6,4,2025-07-06 04:00:00,0.0,0.0,25.05,6.06,67.71,26.32,0.0
2025,7,6,5,2025-07-06 05:00:00,0.0,0.0,25.75,4.78,71.29,29.08,0.0
2025,7,6,6,2025-07-06 06:00:00,130.69,102.45,24.97,4.86,73.46,28.81,54.1
2025,7,6,7,2025-07-06 07:00:00,346.98,248.75,28.79,3.79,64.88,37.75,114.42
2025,7,6,8,2025-07-06 08:00:00,548.54,403.11,26.55,2.91,69.85,35.35,199.9
2025,7,6,9,2025-07-06 09:00:00,721.62,589.19,30.61,4.32,68.35,24.47,276.75
2025,7,6,10,2025-07-06 10:00:00,854.43,792.21,30.75,2.7,63.79,9.71,372.62
2025,7,6,11,2025-07-06 11:00:00,937.91,664.32,33.22,3.12,61.66,38.89,303.01
2025,7,6,12,2025-07-06 12:00:00,966.39,676.35,33.8,4.57,56.73,40.02,311.32
2025,7,6,13,2025-07-06 13:00:00,937.91,857.77,35.74,2.69,58.12,11.39,393.59
2025,7,6,14,2025-07-06 14:00:00,854.43,652.27,34.57,3.48,59.21,31.55,301.79
2025,7,6,15,2025-07-06 15:00:00,721.62,663.42,36.23,3.81,60.86,10.75,303.51
2025,7,6,16,2025-07-06 16:00:00,548.54,497.14,35.18,2.62,62.17,12.49,221.65
2025,7,6,17,2025-07-06 17:00:00,346.98,241.16,34.31,1.56,55.29,40.66,112.63
2025,7,6,18,2025-07-06 18:00:00,130.69,122.47,33.19,1.98,60.58,8.39,53.99
2025,7,6,19,2025-07-06 19:00:00,0.0,0.0,32.36,1.03,63.86,20.65,0.0
2025,7,6,20,2025-07-06 20:00:00,0.0,0.0,31.09,2.04,60.22,6.87,0.0
2025,7,6,21,2025-07-06 21:00:00,0.0,0.0,28.56,1.89,68.03,15.15,0.0
2025,7,6,22,2025-07-06 22:00:00,0.0,0.0,27.35,3.17,70.29,33.06,0.0
2025,7,6,23,2025-07-06 23:00:00,0.0,0.0,28.02,2.89,64.85,34.12,0.0
2025,7,7,0,2025-07-07 00:00:00,0.0,0.0,27.05,4.48,68.74,16.69,0.0
2025,7,7,1,2025-07-07 01:00:00,0.0,0.0,25.8,4.83,67.9,23.59,0.0
2025,7,7,2,2025-07-07 02:00:00,0.0,0.0,24.39,4.96,73.69,40.14,0.0
2025,7,7,3,2025-07-07 03:00:00,0.0,0.0,25.22,4.31,68.58,30.12,0.0
2025,7,7,4,2025-07-07 04:00:00,0.0,0.0,25.61,3.53,73.55,39.24,0.0
2025,7,7,5,2025-07-07 05:00:00,0.0,0.0,24.73,4.4,70.08,33.39,0.0
2025,7,7,6,2025-07-07 06:00:00,130.13,100.77,26.45,4.39,63.65,30.08,49.33
2025,7,7,7,2025-07-07 07:00:00,346.6,243.08,27.54,4.22,65.7,39.82,114.06
2025,7,7,8,2025-07-07 08:00:00,548.31,420.94,28.68,4.77,64.78,30.97,203.94
2025,7,7,9,2025-07-07 09:00:00,721.53,655.51,30.65,5.52,64.92,12.2,310.26
2025,7,7,10,2025-07-07 10:00:00,854.45,743.02,30.8,2.68,61.17,17.39,349.31
2025,7,7,11,2025-07-07 11:00:00,938.0,765.03,33.31,4.21,64.72,24.59,352.65
2025,7,7,12,2025-07-07 12:00:00,966.5,755.1,32.54,3.67,65.42,29.16,357.66
2025,7,7,13,2025-07-07 13:00:00,938.0,666.64,35.48,3.72,62.1,38.57,300.94
2025,7,7,14,2025-07-07 14:00:00,854.45,786.26,34.47,3.77,58.94,10.64,361.86
2025,7,7,15,2025-07-07 15:00:00,721.53,619.54,35.37,1.37,62.02,18.85,285.25
2025,7,7,16,2025-07-07 16:00:00,548.31,392.48,34.93,1.66,58.21,37.89,188.11
2025,7,7,17,2025-07-07 17:00:00,346.6,310.12,35.14,1.61,59.23,14.03,137.39
2025,7,7,18,2025-07-07 18:00:00,130.13,124.0,33.39,2.96,62.03,6.27,56.85
2025,7,7,19,2025-07-07 19:00:00,0.0,0.0,31.48,3.02,62.77,24.05,0.0
2025,7,7,20,2025-07-07 20:00:00,0.0,0.0,31.94,2.55,57.89,25.17,0.0
2025,7,7,21,2025-07-07 21:00:00,0.0,0.0,30.08,2.94,69.53,23.94,0.0
2025,7,7,22,2025-07-07 22:00:00,0.0,0.0,27.13,4.97,67.9,11.22,0.0
2025,7,7,23,2025-07-07 23:00:00,0.0,0.0,28.44,3.0,72.29,8.75,0.0
2025,7,8,0,2025-07-08 00:00:00,0.0,0.0,25.73,3.17,70.37,14.77,0.0
2025,7,8,1,2025-07-08 01:00:00,0.0,0.0,26.01,4.52,71.85,16.09,0.0
2025,7,8,2,2025-07-08 02:00:00,0.0,0.0,25.49,4.77,70.84,29.19,0.0
2025,7,8,3,2025-07-08 03:00:00,0.0,0.0,24.76,4.09,72.71,18.68,0.0
2025,7,8,4,2025-07-08 04:00:00,0.0,0.0,24.34,4.56,72.2,33.28,0.0
2025,7,8,5,2025-07-08 05:00:00,0.0,0.0,26.41,4.16,69.14,22.31,0.0
2025,7,8,6,2025-07-08 06:00:00,129.52,114.99,27.21,4.62,73.08,14.97,54.43
2025,7,8,7,2025-07-08 07:00:00,346.18,274.78,26.62,4.94,72.31,27.5,126.27
2025,7,8,8,2025-07-08 08:00:00,548.08,529.35,28.17,5.03,71.46,4.56,248.27
2025,7,8,9,2025-07-08 09:00:00,721.45,544.28,30.9,4.53,60.53,32.74,260.08
2025,7,8,10,2025-07-08 10:00:00,854.48,696.21,31.4,4.38,67.7,24.7,334.09
2025,7,8,11,2025-07-08 11:00:00,938.1,690.55,31.87,3.96,59.37,35.19,321.61
2025,7,8,12,2025-07-08 12:00:00,966.63,830.47,33.7,3.57,53.38,18.78,381.35
2025,7,8,13,2025-07-08 13:00:00,938.1,705.57,33.12,3.66,56.05,33.05,326.89
2025,7,8,14,2025-07-08 14:00:00,854.48,815.54,33.5,1.55,58.04,6.08,372.54
2025,7,8,15,2025-07-08 15:00:00,721.45,529.56,35.48,4.04,55.42,35.46,248.0
2025,7,8,16,2025-07-08 16:00:00,548.08,467.71,33.91,2.87,57.33,19.55,216.91
2025,7,8,17,2025-07-08 17:00:00,346.18,302.14,34.18,1.79,61.42,16.96,131.85
2025,7,8,18,2025-07-08 18:00:00,129.52,100.86,33.4,1.91,66.16,29.51,46.87
2025,7,8,19,2025-07-08 19:00:00,0.0,0.0,33.09,3.75,56.09,15.02,0.0
2025,7,8,20,2025-07-08 20:00:00,0.0,0.0,31.89,2.69,61.23,29.47,0.0
2025,7,8,21,2025-07-08 21:00:00,0.0,0.0,31.45,3.5,63.21,22.82,0.0
2025,7,8,22,2025-07-08 22:00:00,0.0,0.0,28.81,1.93,61.46,17.71,0.0
2025,7,8,23,2025-07-08 23:00:00,0.0,0.0,27.06,2.98,68.08,35.05,0.0
2025,7,9,0,2025-07-09 00:00:00,0.0,0.0,26.74,3.01,63.34,27.54,0.0
2025,7,9,1,2025-07-09 01:00:00,0.0,0.0,26.59,4.27,66.9,35.78,0.0
2025,7,9,2,2025-07-09 02:00:00,0.0,0.0,24.71,5.18,68.02,35.24,0.0
2025,7,9,3,2025-07-09 03:00:00,0.0,0.0,24.92,4.97,72.45,21.83,0.0
2025,7,9,4,2025-07-09 04:00:00,0.0,0.0,25.26,3.67,68.14,35.03,0.0
2025,7,9,5,2025-07-09 05:00:00,0.0,0.0,26.3,5.96,71.72,23.07,0.0
2025,7,9,6,2025-07-09 06:00:00,128.89,115.66,25.99,4.43,67.6,13.68,54.94
2025,7,9,7,2025-07-09 07:00:00,345.75,311.97,28.53,4.5,71.98,13.03,146.26
2025,7,9,8,2025-07-09 08:00:00,547.83,453.1,28.07,3.98,61.31,23.06,213.28
2025,7,9,9,2025-07-09 09:00:00,721.36,680.31,29.9,5.73,66.3,7.59,320.84
2025,7,9,10,2025-07-09 10:00:00,854.51,823.86,31.81,3.83,61.92,4.78,388.07
2025,7,9,11,2025-07-09 11:00:00,938.21,823.93,31.85,3.54,65.04,16.24,382.79
2025,7,9,12,2025-07-09 12:00:00,966.76,845.83,33.51,3.58,58.78,16.68,398.16
2025,7,9,13,2025-07-09 13:00:00,938.21,898.54,35.73,2.24,58.3,5.64,411.03
2025,7,9,14,2025-07-09 14:00:00,854.51,624.83,33.5,2.19,61.11,35.84,294.84
2025,7,9,15,2025-07-09 15:00:00,721.36,679.45,35.55,2.17,55.22,7.75,310.3
2025,7,9,16,2025-07-09 16:00:00,547.83,436.82,35.27,2.99,61.69,27.02,201.88
2025,7,9,17,2025-07-09 17:00:00,345.75,332.35,34.08,1.4,56.24,5.16,147.3
2025,7,9,18,2025-07-09 18:00:00,128.89,118.89,33.56,2.16,57.18,10.35,57.51
2025,7,9,19,2025-07-09 19:00:00,0.0,0.0,31.67,1.71,65.08,4.64,0.0
2025,7,9,20,2025-07-09 20:00:00,0.0,0.0,31.57,1.52,67.16,28.45,0.0
2025,7,9,21,2025-07-09 21:00:00,0.0,0.0,30.15,3.01,66.76,7.47,0.0
2025,7,9,22,2025-07-09 22:00:00,0.0,0.0,29.13,1.81,64.14,31.79,0.0
2025,7,9,23,2025-07-09 23:00:00,0.0,0.0,27.12,4.23,68.14,27.58,0.0
2025,7,10,0,2025-07-10 00:00:00,0.0,0.0,27.28,3.56,63.88,6.92,0.0
2025,7,10,1,2025-07-10 01:00:00,0.0,0.0,24.39,3.31,68.02,23.58,0.0
2025,7,10,2,2025-07-10 02:00:00,0.0,0.0,25.54,3.15,69.12,30.61,0.0
2025,7,10,3,2025-07-10 03:00:00,0.0,0.0,24.15,4.47,70.53,21.01,0.0
2025,7,10,4,2025-07-10 04:00:00,0.0,0.0,24.81,4.7,69.69,32.69,0.0
2025,7,10,5,2025-07-10 05:00:00,0.0,0.0,25.6,4.63,70.11,20.36,0.0
2025,7,10,6,2025-07-10 06:00:00,128.22,104.81,25.05,5.26,66.21,24.34,47.77
2025,7,10,7,2025-07-10 07:00:00,345.29,277.38,26.38,4.88,64.72,26.22,140.61
2025,7,10,8,2025-07-10 08:00:00,547.56,477.35,28.72,3.66,70.46,17.1,224.42
2025,7,10,9,2025-07-10 09:00:00,721.26,555.72,29.32,3.59,65.48,30.6,268.69
2025,7,10,10,2025-07-10 10:00:00,854.54,660.5,31.44,5.35,65.7,30.28,310.17
2025,7,10,11,2025-07-10 11:00:00,938.33,802.76,33.19,4.55,62.61,19.26,374.6
2025,7,10,12,2025-07-10 12:00:00,966.91,737.43,34.37,3.08,62.09,31.64,341.59
2025,7,10,13,2025-07-10 13:00:00,938.33,737.42,33.89,1.91,57.8,28.55,338.18
2025,7,10,14,2025-07-10 14:00:00,854.54,770.36,34.41,2.88,56.66,13.14,354.49
2025,7,10,15,2025-07-10 15:00:00,721.26,565.59,35.19,3.92,59.82,28.78,258.4
2025,7,10,16,2025-07-10 16:00:00,547.56,498.47,34.95,3.36,58.02,11.95,231.69
2025,7,10,17,2025-07-10 17:00:00,345.29,284.58,34.47,3.28,59.29,23.44,133.13
2025,7,10,18,2025-07-10 18:00:00,128.22,100.36,33.18,2.1,60.13,28.97,41.0
2025,7,10,19,2025-07-10 19:00:00,0.0,0.0,32.81,1.71,63.99,33.62,0.0
2025,7,10,20,2025-07-10 20:00:00,0.0,0.0,31.1,1.84,65.48,29.92,0.0
2025,7,10,21,2025-07-10 21:00:00,0.0,0.0,30.82,2.37,68.04,26.06,0.0
2025,7,10,22,2025-07-10 22:00:00,0.0,0.0,28.86,3.43,67.31,25.5,0.0
2025,7,10,23,2025-07-10 23:00:00,0.0,0.0,27.81,3.56,66.8,6.1,0.0
2025,7,11,0,2025-07-11 00:00:00,0.0,0.0,26.08,1.68,61.26,16.0,0.0
2025,7,11,1,2025-07-11 01:00:00,0.0,0.0,25.52,3.81,73.49,35.3,0.0
2025,7,11,2,2025-07-11 02:00:00,0.0,0.0,23.97,4.55,71.71,6.49,0.0
2025,7,11,3,2025-07-11 03:00:00,0.0,0.0,24.25,4.21,67.85,28.16,0.0
2025,7,11,4,2025-07-11 04:00:00,0.0,0.0,26.67,3.52,70.78,3.88,0.0
2025,7,11,5,2025-07-11 05:00:00,0.0,0.0,24.55,5.35,67.32,4.29,0.0
2025,7,11,6,2025-07-11 06:00:00,127.51,111.67,25.96,4.67,70.56,16.56,53.29
2025,7,11,7,2025-07-11 07:00:00,344.8,315.11,27.72,4.25,68.09,11.48,153.99
2025,7,11,8,2025-07-11 08:00:00,547.28,461.92,29.61,4.92,67.85,20.8,223.28
2025,7,11,9,2025-07-11 09:00:00,721.16,591.01,29.53,4.85,66.18,24.06,275.06
2025,7,11,10,2025-07-11 10:00:00,854.58,659.69,31.53,3.77,63.28,30.41,303.51
2025,7,11,11,2025-07-11 11:00:00,938.45,840.69,32.36,2.72,63.06,13.89,391.21
2025,7,11,12,2025-07-11 12:00:00,967.06,830.08,33.19,3.55,63.14,18.89,385.02
2025,7,11,13,2025-07-11 13:00:00,938.45,871.03,34.62,2.55,56.25,9.58,407.48
2025,7,11,14,2025-07-11 14:00:00,854.58,841.68,35.03,2.88,60.52,2.01,381.61
2025,7,11,15,2025-07-11 15:00:00,721.16,712.43,35.24,1.48,52.7,1.61,328.27
2025,7,11,16,2025-07-11 16:00:00,547.28,433.06,35.37,2.03,54.11,27.83,193.55
2025,7,11,17,2025-07-11 17:00:00,344.8,324.36,33.48,1.27,65.51,7.9,149.99
2025,7,11,18,2025-07-11 18:00:00,127.51,107.31,34.93,2.33,57.66,21.12,51.65
2025,7,11,19,2025-07-11 19:00:00,0.0,0.0,32.67,2.79,62.4,28.2,0.0
2025,7,11,20,2025-07-11 20:00:00,0.0,0.0,30.02,2.57,60.69,32.34,0.0
2025,7,11,21,2025-07-11 21:00:00,0.0,0.0,29.47,2.79,67.96,13.97,0.0
2025,7,11,22,2025-07-11 22:00:00,0.0,0.0,28.57,2.44,70.41,20.46,0.0
2025,7,11,23,2025-07-11 23:00:00,0.0,0.0,27.1,2.89,64.18,20.78,0.0
2025,7,12,0,2025-07-12 00:00:00,0.0,0.0,26.7,4.16,67.8,27.78,0.0
2025,7,12,1,2025-07-12 01:00:00,0.0,0.0,25.39,4.28,63.82,23.89,0.0
2025,7,12,2,2025-07-12 02:00:00,0.0,0.0,24.78,5.08,67.42,10.62,0.0
2025,7,12,3,2025-07-12 03:00:00,0.0,0.0,24.71,5.65,72.93,31.76,0.0
2025,7,12,4,2025-07-12 04:00:00,0.0,0.0,24.63,4.32,64.93,31.5,0.0
2025,7,12,5,2025-07-12 05:00:00,0.0,0.0,25.04,5.21,66.78,16.23,0.0
2025,7,12,6,2025-07-12 06:00:00,126.77,94.08,26.39,5.97,73.88,34.38,40.29
2025,7,12,7,2025-07-12 07:00:00,344.29,290.97,28.04,5.95,67.91,20.65,135.58
2025,7,12,8,2025-07-12 08:00:00,546.99,452.43,28.35,3.81,65.3,23.05,217.06
2025,7,12,9,2025-07-12 09:00:00,721.06,634.35,30.38,3.6,60.45,16.03,302.2
2025,7,12,10,2025-07-12 10:00:00,854.62,723.08,30.5,4.2,67.0,20.52,335.81
2025,7,12,11,2025-07-12 11:00:00,938.58,886.94,32.54,5.07,59.2,7.34,415.02
2025,7,12,12,2025-07-12 12:00:00,967.22,905.62,34.82,2.89,60.74,8.49,417.77
2025,7,12,13,2025-07-12 13:00:00,938.58,862.34,34.83,3.93,56.01,10.83,393.09
2025,7,12,14,2025-07-12 14:00:00,854.62,811.16,34.58,2.52,59.87,6.78,375.12
2025,7,12,15,2025-07-12 15:00:00,721.06,684.73,35.12,1.93,55.4,6.72,312.82
2025,7,12,16,2025-07-12 16:00:00,546.99,466.71,34.04,0.62,58.16,19.57,218.4
2025,7,12,17,2025-07-12 17:00:00,344.29,279.41,34.53,0.73,57.33,25.13,124.23
2025,7,12,18,2025-07-12 18:00:00,126.77,119.59,34.49,2.37,57.31,7.55,57.42
2025,7,12,19,2025-07-12 19:00:00,0.0,0.0,32.68,3.25,61.64,13.32,0.0
2025,7,12,20,2025-07-12 20:00:00,0.0,0.0,31.68,3.04,65.78,14.33,0.0
2025,7,12,21,2025-07-12 21:00:00,0.0,0.0,30.02,1.67,61.82,14.47,0.0
2025,7,12,22,2025-07-12 22:00:00,0.0,0.0,29.04,2.6,63.01,16.12,0.0
2025,7,12,23,2025-07-12 23:00:00,0.0,0.0,27.45,2.16,66.86,1.17,0.0
2025,7,13,0,2025-07-13 00:00:00,0.0,0.0,26.14,2.09,69.46,25.65,0.0
2025,7,13,1,2025-07-13 01:00:00,0.0,0.0,24.78,4.05,70.07,23.7,0.0
2025,7,13,2,2025-07-13 02:00:00,0.0,0.0,25.16,3.59,67.39,6.5,0.0
2025,7,13,3,2025-07-13 03:00:00,0.0,0.0,24.79,4.74,71.71,7.88,0.0
2025,7,13,4,2025-07-13 04:00:00,0.0,0.0,25.02,5.28,69.51,27.65,0.0
2025,7,13,5,2025-07-13 05:00:00,0.0,0.0,26.36,4.33,69.62,6.38,0.0
2025,7,13,6,2025-07-13 06:00:00,125.99,101.87,26.7,4.02,76.51,25.53,49.24
2025,7,13,7,2025-07-13 07:00:00,343.76,305.28,25.99,6.54,68.53,14.92,150.4
2025,7,13,8,2025-07-13 08:00:00,546.69,471.17,28.43,4.3,69.71,18.42,223.09
2025,7,13,9,2025-07-13 09:00:00,720.95,581.23,30.6,3.79,63.26,25.84,271.61
2025,7,13,10,2025-07-13 10:00:00,854.66,839.52,31.25,2.91,63.4,2.36,393.1
2025,7,13,11,2025-07-13 11:00:00,938.72,823.38,32.32,3.3,58.71,16.38,384.15
2025,7,13,12,2025-07-13 12:00:00,967.39,879.14,32.69,4.68,58.38,12.16,415.08
2025,7,13,13,2025-07-13 13:00:00,938.72,795.93,33.93,3.35,57.44,20.28,363.34
2025,7,13,14,2025-07-13 14:00:00,854.66,762.72,35.7,3.13,57.25,14.34,349.04
2025,7,13,15,2025-07-13 15:00:00,720.95,660.96,33.79,3.04,55.59,11.09,302.03
2025,7,13,16,2025-07-13 16:00:00,546.69,477.19,34.59,2.44,58.32,16.95,221.17
2025,7,13,17,2025-07-13 17:00:00,343.76,337.03,33.76,0.66,57.22,2.61,156.59
2025,7,13,18,2025-07-13 18:00:00,125.99,112.63,33.13,2.8,57.91,14.13,49.73
2025,7,13,19,2025-07-13 19:00:00,0.0,0.0,31.01,3.01,61.32,10.44,0.0
2025,7,13,20,2025-07-13 20:00:00,0.0,0.0,31.91,2.88,60.11,8.23,0.0
2025,7,13,21,2025-07-13 21:00:00,0.0,0.0,30.2,2.9,72.11,1.51,0.0
2025,7,13,22,2025-07-13 22:00:00,0.0,0.0,28.2,2.18,62.98,13.84,0.0
2025,7,13,23,2025-07-13 23:00:00,0.0,0.0,26.92,2.76,68.89,31.72,0.0
2025,7,14,0,2025-07-14 00:00:00,0.0,0.0,27.21,3.82,66.5,17.9,0.0
2025,7,14,1,2025-07-14 01:00:00,0.0,0.0,25.12,3.48,65.98,5.44,0.0
2025,7,14,2,2025-07-14 02:00:00,0.0,0.0,24.76,4.6,73.72,20.96,0.0
2025,7,14,3,2025-07-14 03:00:00,0.0,0.0,24.68,5.15,70.78,28.19,0.0
2025,7,14,4,2025-07-14 04:00:00,0.0,0.0,26.42,5.64,75.9,0.0,0.0
2025,7,14,5,2025-07-14 05:00:00,0.0,0.0,25.81,5.14,76.27,12.0,0.0
2025,7,14,6,2025-07-14 06:00:00,125.17,103.77,26.39,5.13,70.12,22.8,50.05
2025,7,14,7,2025-07-14 07:00:00,343.2,341.54,26.78,3.57,66.87,0.65,162.79
2025,7,14,8,2025-07-14 08:00:00,546.37,540.38,28.84,3.67,74.43,1.46,259.22
2025,7,14,9,2025-07-14 09:00:00,720.83,660.85,30.03,4.97,64.22,11.09,310.32
2025,7,14,10,2025-07-14 10:00:00,854.7,729.86,30.08,4.43,61.52,19.47,342.65
2025,7,14,11,2025-07-14 11:00:00,938.85,798.71,31.34,3.45,62.47,19.9,375.43
2025,7,14,12,2025-07-14 12:00:00,967.56,926.19,33.18,3.6,59.6,5.7,431.88
2025,7,14,13,2025-07-14 13:00:00,938.85,802.7,31.68,3.13,63.27,19.34,372.53
2025,7,14,14,2025-07-14 14:00:00,854.7,809.34,34.09,1.95,57.01,7.08,369.62
2025,7,14,15,2025-07-14 15:00:00,720.83,678.56,35.24,3.1,59.15,7.82,312.13
2025,7,14,16,2025-07-14 16:00:00,546.37,471.32,35.35,1.98,56.14,18.31,212.98
2025,7,14,17,2025-07-14 17:00:00,343.2,330.39,34.02,2.48,61.83,4.98,152.93
2025,7,14,18,2025-07-14 18:00:00,125.17,123.21,33.41,0.9,58.04,2.09,59.05
2025,7,14,19,2025-07-14 19:00:00,0.0,0.0,31.07,2.89,59.84,7.6,0.0
2025,7,14,20,2025-07-14 20:00:00,0.0,0.0,30.4,0.99,66.24,26.2,0.0
2025,7,14,21,2025-07-14 21:00:00,0.0,0.0,30.5,2.29,59.98,2.26,0.0
2025,7,14,22,2025-07-14 22:00:00,0.0,0.0,30.41,2.26,65.12,9.19,0.0
2025,7,14,23,2025-07-14 23:00:00,0.0,0.0,28.69,2.78,65.68,17.53,0.0
2025,7,15,0,2025-07-15 00:00:00,0.0,0.0,26.58,1.62,72.09,10.75,0.0
2025,7,15,1,2025-07-15 01:00:00,0.0,0.0,25.97,4.73,71.33,16.85,0.0
2025,7,15,2,2025-07-15 02:00:00,0.0,0.0,26.04,4.09,69.63,29.05,0.0
2025,7,15,3,2025-07-15 03:00:00,0.0,0.0,24.12,3.3,69.85,21.36,0.0
2025,7,15,4,2025-07-15 04:00:00,0.0,0.0,25.21,3.85,69.66,11.85,0.0
2025,7,15,5,2025-07-15 05:00:00,0.0,0.0,25.5,5.0,70.95,10.04,0.0
2025,7,15,6,2025-07-15 06:00:00,124.33,101.22,26.45,5.44,66.29,24.77,52.05
2025,7,15,7,2025-07-15 07:00:00,342.62,284.88,26.44,6.36,67.49,22.47,134.19
2025,7,15,8,2025-07-15 08:00:00,546.03,475.84,29.47,3.55,64.26,17.14,223.09
2025,7,15,9,2025-07-15 09:00:00,720.71,654.81,28.76,4.17,71.62,12.19,311.1
2025,7,15,10,2025-07-15 10:00:00,854.74,733.04,31.07,3.43,60.75,18.98,345.9
2025,7,15,11,2025-07-15 11:00:00,939.0,822.94,34.09,3.48,62.81,16.48,379.6
2025,7,15,12,2025-07-15 12:00:00,967.73,946.45,33.49,3.92,65.07,2.93,438.41
2025,7,15,13,2025-07-15 13:00:00,939.0,876.86,33.88,3.18,57.49,8.82,400.29
2025,7,15,14,2025-07-15 14:00:00,854.74,816.01,36.46,3.48,59.79,6.04,377.1
2025,7,15,15,2025-07-15 15:00:00,720.71,704.31,35.06,1.03,55.97,3.03,325.57
2025,7,15,16,2025-07-15 16:00:00,546.03,454.69,37.08,2.44,60.41,22.3,214.49
2025,7,15,17,2025-07-15 17:00:00,342.62,309.83,33.2,2.23,57.4,12.76,145.08
2025,7,15,18,2025-07-15 18:00:00,124.33,124.33,33.69,3.42,60.13,0.0,59.13
2025,7,15,19,2025-07-15 19:00:00,0.0,0.0,32.63,2.09,65.86,24.15,0.0
2025,7,15,20,2025-07-15 20:00:00,0.0,0.0,31.98,4.48,57.33,15.93,0.0
2025,7,15,21,2025-07-15 21:00:00,0.0,0.0,30.41,2.94,61.69,0.0,0.0
2025,7,15,22,2025-07-15 22:00:00,0.0,0.0,30.1,2.68,62.56,25.08,0.0
2025,7,15,23,2025-07-15 23:00:00,0.0,0.0,27.24,3.57,75.04,21.52,0.0
2025,7,16,0,2025-07-16 00:00:00,0.0,0.0,26.75,3.16,72.77,4.25,0.0
2025,7,16,1,2025-07-16 01:00:00,0.0,0.0,24.75,3.42,77.55,2.82,0.0
2025,7,16,2,2025-07-16 02:00:00,0.0,0.0,25.83,3.28,69.31,17.24,0.0
2025,7,16,3,2025-07-16 03:00:00,0.0,0.0,23.91,4.53,70.85,23.76,0.0
2025,7,16,4,2025-07-16 04:00:00,0.0,0.0,25.57,5.28,74.06,24.97,0.0
2025,7,16,5,2025-07-16 05:00:00,0.0,0.0,26.26,4.29,67.87,28.35,0.0
2025,7,16,6,2025-07-16 06:00:00,123.44,110.77,25.93,4.51,71.79,13.69,54.24
2025,7,16,7,2025-07-16 07:00:00,342.01,342.01,27.7,5.73,67.11,0.0,161.09
2025,7,16,8,2025-07-16 08:00:00,545.68,491.33,29.78,5.61,66.29,13.28,230.15
2025,7,16,9,2025-07-16 09:00:00,720.57,720.57,31.08,4.19,67.84,0.0,338.46
2025,7,16,10,2025-07-16 10:00:00,854.78,753.26,29.66,4.5,60.05,15.83,357.18
2025,7,16,11,2025-07-16 11:00:00,939.14,882.31,33.22,3.49,62.97,8.07,413.31
2025,7,16,12,2025-07-16 12:00:00,967.92,817.14,34.44,4.76,60.0,20.77,378.06
2025,7,16,13,2025-07-16 13:00:00,939.14,939.14,35.27,4.44,66.39,0.0,435.34
2025,7,16,14,2025-07-16 14:00:00,854.78,682.83,34.26,2.85,61.22,26.82,315.82
2025,7,16,15,2025-07-16 15:00:00,720.57,631.6,35.26,1.08,60.32,16.46,290.86
2025,7,16,16,2025-07-16 16:00:00,545.68,509.35,34.15,3.02,59.66,8.88,232.93
2025,7,16,17,2025-07-16 17:00:00,342.01,328.47,34.29,1.9,60.82,5.28,151.87
2025,7,16,18,2025-07-16 18:00:00,123.44,97.37,33.62,1.15,56.89,28.17,38.88
2025,7,16,19,2025-07-16 19:00:00,0.0,0.0,31.71,3.52,63.32,17.2,0.0
2025,7,16,20,2025-07-16 20:00:00,0.0,0.0,30.85,2.16,60.74,10.2,0.0
2025,7,16,21,2025-07-16 21:00:00,0.0,0.0,29.34,2.82,65.22,7.9,0.0
2025,7,16,22,2025-07-16 22:00:00,0.0,0.0,29.05,3.47,68.29,0.93,0.0
2025,7,16,23,2025-07-16 23:00:00,0.0,0.0,26.79,2.55,71.97,2.38,0.0
2025,7,17,0,2025-07-17 00:00:00,0.0,0.0,25.04,3.41,67.53,18.26,0.0
2025,7,17,1,2025-07-17 01:00:00,0.0,0.0,24.92,4.82,74.32,10.52,0.0
2025,7,17,2,2025-07-17 02:00:00,0.0,0.0,24.63,4.89,67.27,20.86,0.0
2025,7,17,3,2025-07-17 03:00:00,0.0,0.0,25.16,4.43,66.99,22.55,0.0
2025,7,17,4,2025-07-17 04:00:00,0.0,0.0,25.09,4.72,70.93,15.29,0.0
2025,7,17,5,2025-07-17 05:00:00,0.0,0.0,24.18,5.1,71.79,7.36,0.0
2025,7,17,6,2025-07-17 06:00:00,122.52,120.58,23.66,5.83,65.74,2.11,57.41
2025,7,17,7,2025-07-17 07:00:00,341.37,338.45,27.5,3.85,68.28,1.14,158.97
2025,7,17,8,2025-07-17 08:00:00,545.31,531.63,29.18,4.31,60.76,3.35,249.1
2025,7,17,9,2025-07-17 09:00:00,720.44,720.44,30.5,3.28,63.5,0.0,340.17
2025,7,17,10,2025-07-17 10:00:00,854.81,700.48,31.75,4.39,65.69,24.07,330.83
2025,7,17,11,2025-07-17 11:00:00,939.29,861.01,31.42,4.58,60.24,11.11,403.17
2025,7,17,12,2025-07-17 12:00:00,968.1,863.9,33.3,4.32,62.73,14.35,405.6
2025,7,17,13,2025-07-17 13:00:00,939.29,819.34,33.31,3.15,61.7,17.03,378.09
2025,7,17,14,2025-07-17 14:00:00,854.81,800.71,35.75,3.22,57.39,8.44,368.65
2025,7,17,15,2025-07-17 15:00:00,720.44,680.43,35.7,2.07,59.46,7.4,314.17
2025,7,17,16,2025-07-17 16:00:00,545.31,545.31,35.06,1.77,60.21,0.0,254.58
2025,7,17,17,2025-07-17 17:00:00,341.37,300.52,33.87,2.94,54.11,15.96,138.39
2025,7,17,18,2025-07-17 18:00:00,122.52,120.91,31.99,2.9,63.89,1.76,63.08
2025,7,17,19,2025-07-17 19:00:00,0.0,0.0,32.29,1.83,61.19,25.9,0.0
2025,7,17,20,2025-07-17 20:00:00,0.0,0.0,32.98,2.53,63.59,0.0,0.0
2025,7,17,21,2025-07-17 21:00:00,0.0,0.0,30.64,3.06,60.89,0.0,0.0
2025,7,17,22,2025-07-17 22:00:00,0.0,0.0,29.33,1.79,66.38,17.24,0.0
2025,7,17,23,2025-07-17 23:00:00,0.0,0.0,25.97,2.32,70.46,16.71,0.0
2025,7,18,0,2025-07-18 00:00:00,0.0,0.0,27.15,1.84,73.19,2.65,0.0
2025,7,18,1,2025-07-18 01:00:00,0.0,0.0,25.23,3.1,69.48,5.24,0.0
2025,7,18,2,2025-07-18 02:00:00,0.0,0.0,24.68,5.22,74.89,11.63,0.0
2025,7,18,3,2025-07-18 03:00:00,0.0,0.0,25.49,5.91,75.63,0.0,0.0
2025,7,18,4,2025-07-18 04:00:00,0.0,0.0,23.15,5.06,72.51,8.01,0.0
2025,7,18,5,2025-07-18 05:00:00,0.0,0.0,25.41,4.54,71.52,21.89,0.0
2025,7,18,6,2025-07-18 06:00:00,121.57,114.41,26.98,6.1,73.15,7.85,51.61
2025,7,18,7,2025-07-18 07:00:00,340.71,310.87,28.12,5.18,64.03,11.68,143.91
2025,7,18,8,2025-07-18 08:00:00,544.93,544.93,26.87,4.66,69.81,0.0,252.88
2025,7,18,9,2025-07-18 09:00:00,720.29,638.98,29.79,4.03,70.44,15.05,300.52
2025,7,18,10,2025-07-18 10:00:00,854.85,822.58,30.94,2.71,66.61,5.03,384.43
2025,7,18,11,2025-07-18 11:00:00,939.43,924.92,32.56,5.54,60.17,2.06,426.84
2025,7,18,12,2025-07-18 12:00:00,968.28,884.0,33.98,3.5,63.04,11.61,414.56
2025,7,18,13,2025-07-18 13:00:00,939.43,905.26,34.05,3.56,56.4,4.85,424.8
2025,7,18,14,2025-07-18 14:00:00,854.85,794.39,35.3,3.72,51.31,9.43,362.02
2025,7,18,15,2025-07-18 15:00:00,720.29,649.76,37.06,1.19,56.78,13.05,298.8
2025,7,18,16,2025-07-18 16:00:00,544.93,544.93,34.93,2.19,61.81,0.0,257.75
2025,7,18,17,2025-07-18 17:00:00,340.71,292.31,33.77,2.08,60.15,18.94,137.71
2025,7,18,18,2025-07-18 18:00:00,121.57,121.57,33.66,3.14,59.38,0.0,60.07
2025,7,18,19,2025-07-18 19:00:00,0.0,0.0,33.06,2.51,56.11,24.52,0.0
2025,7,18,20,2025-07-18 20:00:00,0.0,0.0,31.74,3.81,67.33,3.4,0.0
2025,7,18,21,2025-07-18 21:00:00,0.0,0.0,29.32,3.15,64.83,24.18,0.0
2025,7,18,22,2025-07-18 22:00:00,0.0,0.0,28.4,3.28,66.39,27.39,0.0
2025,7,18,23,2025-07-18 23:00:00,0.0,0.0,28.25,3.78,71.71,26.13,0.0
2025,7,19,0,2025-07-19 00:00:00,0.0,0.0,26.18,3.59,67.39,0.0,0.0
2025,7,19,1,2025-07-19 01:00:00,0.0,0.0,27.28,3.6,69.84,15.44,0.0
2025,7,19,2,2025-07-19 02:00:00,0.0,0.0,26.75,4.36,68.44,25.49,0.0
2025,7,19,3,2025-07-19 03:00:00,0.0,0.0,24.56,3.73,69.94,10.08,0.0
2025,7,19,4,2025-07-19 04:00:00,0.0,0.0,25.79,5.05,73.49,0.0,0.0
2025,7,19,5,2025-07-19 05:00:00,0.0,0.0,24.87,3.96,64.56,15.49,0.0
2025,7,19,6,2025-07-19 06:00:00,120.58,113.52,26.8,5.45,75.47,7.81,61.84
2025,7,19,7,2025-07-19 07:00:00,340.03,340.03,28.1,5.17,60.72,0.0,165.29
2025,7,19,8,2025-07-19 08:00:00,544.53,518.67,28.13,5.02,63.19,6.33,241.29
2025,7,19,9,2025-07-19 09:00:00,720.13,720.13,29.46,4.96,62.39,0.0,340.79
2025,7,19,10,2025-07-19 10:00:00,854.87,730.83,31.42,3.94,59.58,19.35,346.6
2025,7,19,11,2025-07-19 11:00:00,939.58,939.58,31.32,3.59,61.17,0.0,430.98
2025,7,19,12,2025-07-19 12:00:00,968.47,942.07,33.52,3.87,62.85,3.63,438.93
2025,7,19,13,2025-07-19 13:00:00,939.58,837.12,34.13,1.93,59.8,14.54,391.47
2025,7,19,14,2025-07-19 14:00:00,854.87,854.87,36.07,2.81,58.03,0.0,393.59
2025,7,19,15,2025-07-19 15:00:00,720.13,663.99,34.57,2.3,61.72,10.39,304.01
2025,7,19,16,2025-07-19 16:00:00,544.53,451.13,34.37,3.42,56.41,22.87,208.01
2025,7,19,17,2025-07-19 17:00:00,340.03,278.27,34.81,2.12,59.44,24.22,127.38
2025,7,19,18,2025-07-19 18:00:00,120.58,98.31,32.36,3.5,60.88,24.62,45.58
2025,7,19,19,2025-07-19 19:00:00,0.0,0.0,32.57,2.37,65.23,20.34,0.0
2025,7,19,20,2025-07-19 20:00:00,0.0,0.0,30.85,2.29,67.98,12.65,0.0
2025,7,19,21,2025-07-19 21:00:00,0.0,0.0,29.6,1.96,63.97,13.24,0.0
2025,7,19,22,2025-07-19 22:00:00,0.0,0.0,29.28,2.78,68.0,0.0,0.0
2025,7,19,23,2025-07-19 23:00:00,0.0,0.0,26.7,3.54,65.86,24.25,0.0
2025,7,20,0,2025-07-20 00:00:00,0.0,0.0,25.96,4.21,65.4,19.29,0.0
2025,7,20,1,2025-07-20 01:00:00,0.0,0.0,25.48,5.57,73.91,13.48,0.0
2025,7,20,2,2025-07-20 02:00:00,0.0,0.0,23.79,3.79,65.49,21.09,0.0
2025,7,20,3,2025-07-20 03:00:00,0.0,0.0,25.2,4.28,70.42,7.75,0.0
2025,7,20,4,2025-07-20 04:00:00,0.0,0.0,25.29,3.26,72.56,23.53,0.0
2025,7,20,5,2025-07-20 05:00:00,0.0,0.0,25.57,5.6,70.11,3.21,0.0
2025,7,20,6,2025-07-20 06:00:00,119.56,116.97,28.27,4.23,64.59,2.88,57.56
2025,7,20,7,2025-07-20 07:00:00,339.32,328.31,26.4,3.77,69.24,4.32,157.07
2025,7,20,8,2025-07-20 08:00:00,544.11,544.11,28.53,5.47,63.44,0.0,262.34
2025,7,20,9,2025-07-20 09:00:00,719.96,719.96,28.91,5.47,70.16,0.0,339.61
2025,7,20,10,2025-07-20 10:00:00,854.9,842.04,30.63,4.92,60.58,2.01,399.1
2025,7,20,11,2025-07-20 11:00:00,939.72,810.17,31.98,3.9,58.74,18.38,374.31
2025,7,20,12,2025-07-20 12:00:00,968.66,964.24,33.34,3.43,58.74,0.61,446.64
2025,7,20,13,2025-07-20 13:00:00,939.72,840.91,33.89,3.16,57.55,14.02,386.89
2025,7,20,14,2025-07-20 14:00:00,854.9,854.9,34.57,3.33,56.73,0.0,387.26
2025,7,20,15,2025-07-20 15:00:00,719.96,630.41,35.06,2.61,58.15,16.58,288.92
2025,7,20,16,2025-07-20 16:00:00,544.11,499.51,34.79,2.51,60.85,10.93,226.06
2025,7,20,17,2025-07-20 17:00:00,339.32,328.58,33.09,1.39,59.52,4.22,152.62
2025,7,20,18,2025-07-20 18:00:00,119.56,104.84,32.83,2.51,61.26,16.41,51.8
2025,7,20,19,2025-07-20 19:00:00,0.0,0.0,32.49,2.95,60.65,1.43,0.0
2025,7,20,20,2025-07-20 20:00:00,0.0,0.0,30.43,3.05,65.62,0.0,0.0
2025,7,20,21,2025-07-20 21:00:00,0.0,0.0,29.38,3.84,67.83,0.0,0.0
2025,7,20,22,2025-07-20 22:00:00,0.0,0.0,28.41,2.08,66.45,7.69,0.0
2025,7,20,23,2025-07-20 23:00:00,0.0,0.0,28.06,4.18,64.5,17.13,0.0
2025,7,21,0,2025-07-21 00:00:00,0.0,0.0,26.85,4.45,68.0,0.0,0.0
2025,7,21,1,2025-07-21 01:00:00,0.0,0.0,26.12,3.95,76.14,1.92,0.0
2025,7,21,2,2025-07-21 02:00:00,0.0,0.0,24.28,3.86,76.12,17.86,0.0
2025,7,21,3,2025-07-21 03:00:00,0.0,0.0,24.77,4.96,64.22,0.0,0.0
2025,7,21,4,2025-07-21 04:00:00,0.0,0.0,25.82,4.57,71.93,0.0,0.0
2025,7,21,5,2025-07-21 05:00:00,0.0,0.0,23.95,4.47,73.06,12.08,0.0
2025,7,21,6,2025-07-21 06:00:00,118.5,116.44,26.01,6.43,69.32,2.32,56.04
2025,7,21,7,2025-07-21 07:00:00,338.58,298.09,26.06,5.02,71.79,15.95,137.06
2025,7,21,8,2025-07-21 08:00:00,543.67,461.17,30.25,3.54,67.36,20.23,211.16
2025,7,21,9,2025-07-21 09:00:00,719.78,719.78,29.11,3.96,69.13,0.0,335.75
2025,7,21,10,2025-07-21 10:00:00,854.92,731.44,30.48,4.93,67.08,19.26,349.23
2025,7,21,11,2025-07-21 11:00:00,939.87,855.0,33.23,4.23,64.38,12.04,392.54
2025,7,21,12,2025-07-21 12:00:00,968.84,898.54,33.54,2.79,59.28,9.67,420.0
2025,7,21,13,2025-07-21 13:00:00,939.87,873.94,34.12,3.39,58.13,9.35,402.73
2025,7,21,14,2025-07-21 14:00:00,854.92,721.33,35.28,2.81,55.08,20.83,330.35
2025,7,21,15,2025-07-21 15:00:00,719.78,719.78,35.39,3.65,55.31,0.0,334.55
2025,7,21,16,2025-07-21 16:00:00,543.67,453.52,34.76,0.78,61.23,22.11,208.99
2025,7,21,17,2025-07-21 17:00:00,338.58,301.97,34.79,1.72,60.0,14.42,135.52
2025,7,21,18,2025-07-21 18:00:00,118.5,118.11,31.58,2.18,56.59,0.44,52.67
2025,7,21,19,2025-07-21 19:00:00,0.0,0.0,32.38,3.46,59.76,7.34,0.0
2025,7,21,20,2025-07-21 20:00:00,0.0,0.0,31.1,1.99,63.43,0.0,0.0
2025,7,21,21,2025-07-21 21:00:00,0.0,0.0,31.44,3.34,70.0,15.41,0.0
2025,7,21,22,2025-07-21 22:00:00,0.0,0.0,29.54,2.76,62.74,0.0,0.0
2025,7,21,23,2025-07-21 23:00:00,0.0,0.0,28.21,3.11,68.32,8.31,0.0
2025,7,22,0,2025-07-22 00:00:00,0.0,0.0,26.46,3.66,70.91,0.0,0.0
2025,7,22,1,2025-07-22 01:00:00,0.0,0.0,24.66,5.27,64.02,0.0,0.0
2025,7,22,2,2025-07-22 02:00:00,0.0,0.0,25.45,4.07,70.13,15.31,0.0
2025,7,22,3,2025-07-22 03:00:00,0.0,0.0,24.07,5.1,68.35,9.09,0.0
2025,7,22,4,2025-07-22 04:00:00,0.0,0.0,25.28,5.67,72.99,0.0,0.0
2025,7,22,5,2025-07-22 05:00:00,0.0,0.0,24.49,4.57,69.83,0.0,0.0
2025,7,22,6,2025-07-22 06:00:00,117.41,117.41,27.45,4.64,72.56,0.0,48.26
2025,7,22,7,2025-07-22 07:00:00,337.82,294.57,27.74,5.32,70.27,17.07,136.51
2025,7,22,8,2025-07-22 08:00:00,543.22,543.22,28.74,4.25,62.17,0.0,257.35
2025,7,22,9,2025-07-22 09:00:00,719.59,719.59,30.21,3.29,66.1,0.0,344.99
2025,7,22,10,2025-07-22 10:00:00,854.93,739.49,31.58,3.29,68.27,18.0,343.49
2025,7,22,11,2025-07-22 11:00:00,940.01,918.35,31.57,2.79,58.21,3.07,429.43
2025,7,22,12,2025-07-22 12:00:00,969.02,848.14,33.32,3.42,57.25,16.63,399.43
2025,7,22,13,2025-07-22 13:00:00,940.01,932.58,35.12,4.41,59.55,1.05,431.1
2025,7,22,14,2025-07-22 14:00:00,854.93,814.13,35.27,4.09,57.84,6.36,381.1
2025,7,22,15,2025-07-22 15:00:00,719.59,657.6,35.19,2.52,61.03,11.49,297.66
2025,7,22,16,2025-07-22 16:00:00,543.22,450.62,35.23,2.9,59.47,22.73,211.08
2025,7,22,17,2025-07-22 17:00:00,337.82,336.19,34.97,3.43,55.69,0.65,153.85
2025,7,22,18,2025-07-22 18:00:00,117.41,104.17,34.28,0.67,57.62,15.03,47.93
2025,7,22,19,2025-07-22 19:00:00,0.0,0.0,32.11,1.6,64.37,2.87,0.0
2025,7,22,20,2025-07-22 20:00:00,0.0,0.0,30.2,2.02,63.89,0.0,0.0
2025,7,22,21,2025-07-22 21:00:00,0.0,0.0,30.88,3.26,64.45,9.35,0.0
2025,7,22,22,2025-07-22 22:00:00,0.0,0.0,28.78,3.58,64.55,17.38,0.0
2025,7,22,23,2025-07-22 23:00:00,0.0,0.0,26.2,4.76,63.89,21.91,0.0
2025,7,23,0,2025-07-23 00:00:00,0.0,0.0,26.54,2.96,69.6,3.99,0.0
2025,7,23,1,2025-07-23 01:00:00,0.0,0.0,24.76,2.96,70.84,4.75,0.0
2025,7,23,2,2025-07-23 02:00:00,0.0,0.0,24.56,3.4,73.93,1.06,0.0
2025,7,23,3,2025-07-23 03:00:00,0.0,0.0,24.34,3.7,72.27,0.0,0.0
2025,7,23,4,2025-07-23 04:00:00,0.0,0.0,24.77,5.81,73.99,0.0,0.0
2025,7,23,5,2025-07-23 05:00:00,0.0,0.0,26.73,5.8,79.61,13.73,0.0
2025,7,23,6,2025-07-23 06:00:00,116.28,116.28,25.31,3.03,66.58,0.0,58.29
2025,7,23,7,2025-07-23 07:00:00,337.03,320.82,28.23,4.76,67.03,6.41,149.38
2025,7,23,8,2025-07-23 08:00:00,542.74,511.6,27.5,4.03,60.96,7.65,246.19
2025,7,23,9,2025-07-23 09:00:00,719.39,622.26,30.04,4.79,67.28,18.0,297.36
2025,7,23,10,2025-07-23 10:00:00,854.93,817.18,30.72,3.15,61.11,5.89,384.79
2025,7,23,11,2025-07-23 11:00:00,940.14,803.97,33.19,3.16,61.16,19.31,369.41
2025,7,23,12,2025-07-23 12:00:00,969.2,969.2,33.29,3.39,55.66,0.0,451.76
2025,7,23,13,2025-07-23 13:00:00,940.14,870.38,33.68,2.59,59.53,9.89,403.3
2025,7,23,14,2025-07-23 14:00:00,854.93,736.74,34.11,2.24,63.32,18.43,341.79
2025,7,23,15,2025-07-23 15:00:00,719.39,654.14,35.15,1.86,60.29,12.09,298.08
2025,7,23,16,2025-07-23 16:00:00,542.74,519.33,35.62,2.32,57.36,5.75,239.77
2025,7,23,17,2025-07-23 17:00:00,337.03,295.17,33.46,2.37,56.02,16.56,131.91
2025,7,23,18,2025-07-23 18:00:00,116.28,101.44,32.5,2.62,60.99,17.02,41.68
2025,7,23,19,2025-07-23 19:00:00,0.0,0.0,31.7,2.6,62.42,7.91,0.0
2025,7,23,20,2025-07-23 20:00:00,0.0,0.0,31.46,3.57,64.16,5.37,0.0
2025,7,23,21,2025-07-23 21:00:00,0.0,0.0,30.24,2.26,60.32,12.75,0.0
2025,7,23,22,2025-07-23 22:00:00,0.0,0.0,27.55,1.83,72.21,18.9,0.0
2025,7,23,23,2025-07-23 23:00:00,0.0,0.0,28.06,4.89,67.88,16.83,0.0
2025,7,24,0,2025-07-24 00:00:00,0.0,0.0,26.6,3.61,67.23,21.55,0.0
2025,7,24,1,2025-07-24 01:00:00,0.0,0.0,25.81,3.72,77.62,7.51,0.0
2025,7,24,2,2025-07-24 02:00:00,0.0,0.0,25.4,4.22,72.64,6.37,0.0
2025,7,24,3,2025-07-24 03:00:00,0.0,0.0,24.07,5.26,69.87,0.0,0.0
2025,7,24,4,2025-07-24 04:00:00,0.0,0.0,26.58,6.18,69.6,0.0,0.0
2025,7,24,5,2025-07-24 05:00:00,0.0,0.0,26.22,3.74,74.82,15.2,0.0
2025,7,24,6,2025-07-24 06:00:00,115.12,101.95,27.37,4.1,70.61,15.26,45.44
2025,7,24,7,2025-07-24 07:00:00,336.22,336.22,27.22,5.62,70.08,0.0,163.85
2025,7,24,8,2025-07-24 08:00:00,542.25,472.14,29.06,5.34,72.29,17.24,225.87
2025,7,24,9,2025-07-24 09:00:00,719.17,719.17,29.75,4.72,57.96,0.0,339.06
2025,7,24,10,2025-07-24 10:00:00,854.93,854.93,31.22,4.53,68.23,0.0,395.56
2025,7,24,11,2025-07-24 11:00:00,940.27,795.82,32.29,3.7,58.79,20.48,369.63
2025,7,24,12,2025-07-24 12:00:00,969.38,908.64,33.71,4.21,62.95,8.35,420.68
2025,7,24,13,2025-07-24 13:00:00,940.27,940.27,33.97,3.26,64.7,0.0,435.54
2025,7,24,14,2025-07-24 14:00:00,854.93,738.33,35.13,3.61,55.89,18.18,343.09
2025,7,24,15,2025-07-24 15:00:00,719.17,696.13,35.48,1.55,57.69,4.27,318.69
2025,7,24,16,2025-07-24 16:00:00,542.25,474.15,34.01,1.68,63.03,16.74,221.36
2025,7,24,17,2025-07-24 17:00:00,336.22,336.19,33.04,2.63,57.92,0.01,158.88
2025,7,24,18,2025-07-24 18:00:00,115.12,115.12,33.61,3.07,54.37,0.0,49.63
2025,7,24,19,2025-07-24 19:00:00,0.0,0.0,32.6,1.83,61.49,1.04,0.0
2025,7,24,20,2025-07-24 20:00:00,0.0,0.0,30.46,3.07,61.36,0.01,0.0
2025,7,24,21,2025-07-24 21:00:00,0.0,0.0,29.41,1.25,70.81,13.48,0.0
2025,7,24,22,2025-07-24 22:00:00,0.0,0.0,28.44,2.29,60.31,0.0,0.0
2025,7,24,23,2025-07-24 23:00:00,0.0,0.0,27.05,3.03,66.79,0.4,0.0
2025,7,25,0,2025-07-25 00:00:00,0.0,0.0,26.37,2.25,67.98,0.0,0.0
2025,7,25,1,2025-07-25 01:00:00,0.0,0.0,24.83,3.83,67.97,0.0,0.0
2025,7,25,2,2025-07-25 02:00:00,0.0,0.0,25.16,3.97,68.99,0.0,0.0
2025,7,25,3,2025-07-25 03:00:00,0.0,0.0,25.06,4.88,71.13,7.93,0.0
2025,7,25,4,2025-07-25 04:00:00,0.0,0.0,24.23,5.69,69.2,0.0,0.0
2025,7,25,5,2025-07-25 05:00:00,0.0,0.0,25.49,5.83,72.87,0.0,0.0
2025,7,25,6,2025-07-25 06:00:00,113.93,113.93,25.62,5.27,71.58,0.0,49.1
2025,7,25,7,2025-07-25 07:00:00,335.38,291.67,28.72,4.07,70.92,17.38,140.86
2025,7,25,8,2025-07-25 08:00:00,541.74,481.76,27.47,3.54,65.62,14.76,226.38
2025,7,25,9,2025-07-25 09:00:00,718.94,718.94,29.07,5.03,63.28,0.0,345.76
2025,7,25,10,2025-07-25 10:00:00,854.91,800.39,31.99,4.26,61.38,8.5,369.8
2025,7,25,11,2025-07-25 11:00:00,940.39,940.39,30.64,4.02,62.94,0.0,441.87
2025,7,25,12,2025-07-25 12:00:00,969.54,883.75,32.84,3.4,58.36,11.8,413.72
2025,7,25,13,2025-07-25 13:00:00,940.39,808.15,34.5,3.36,59.43,18.75,375.19
2025,7,25,14,2025-07-25 14:00:00,854.91,854.91,35.21,2.81,58.63,0.0,394.09
2025,7,25,15,2025-07-25 15:00:00,718.94,718.94,34.96,2.89,62.57,0.0,332.45
2025,7,25,16,2025-07-25 16:00:00,541.74,470.35,33.98,1.56,59.08,17.57,212.94
2025,7,25,17,2025-07-25 17:00:00,335.38,299.8,34.79,2.79,63.12,14.14,133.9
2025,7,25,18,2025-07-25 18:00:00,113.93,113.93,34.86,2.24,63.79,0.0,51.96
2025,7,25,19,2025-07-25 19:00:00,0.0,0.0,32.11,3.27,61.28,15.61,0.0
2025,7,25,20,2025-07-25 20:00:00,0.0,0.0,30.29,1.57,62.61,0.0,0.0
2025,7,25,21,2025-07-25 21:00:00,0.0,0.0,29.31,3.0,61.01,7.82,0.0
2025,7,25,22,2025-07-25 22:00:00,0.0,0.0,29.73,2.84,70.58,0.0,0.0
2025,7,25,23,2025-07-25 23:00:00,0.0,0.0,28.46,2.0,67.46,0.0,0.0
2025,7,26,0,2025-07-26 00:00:00,0.0,0.0,26.59,3.85,69.1,7.37,0.0
2025,7,26,1,2025-07-26 01:00:00,0.0,0.0,25.1,2.9,73.8,9.54,0.0
2025,7,26,2,2025-07-26 02:00:00,0.0,0.0,24.22,4.34,75.1,0.27,0.0
2025,7,26,3,2025-07-26 03:00:00,0.0,0.0,24.64,5.81,72.81,0.0,0.0
2025,7,26,4,2025-07-26 04:00:00,0.0,0.0,23.69,3.97,70.41,11.9,0.0
2025,7,26,5,2025-07-26 05:00:00,0.0,0.0,24.79,4.72,70.91,0.0,0.0
2025,7,26,6,2025-07-26 06:00:00,112.7,96.19,26.27,4.67,69.12,19.54,44.15
2025,7,26,7,2025-07-26 07:00:00,334.51,334.51,25.56,5.6,68.44,0.0,155.22
2025,7,26,8,2025-07-26 08:00:00,541.2,541.2,28.77,4.36,70.93,0.0,258.31
2025,7,26,9,2025-07-26 09:00:00,718.69,613.98,30.03,5.41,65.19,19.43,290.0
2025,7,26,10,2025-07-26 10:00:00,854.89,824.96,31.14,4.76,62.26,4.67,381.41
2025,7,26,11,2025-07-26 11:00:00,940.5,805.05,33.06,2.23,60.76,19.2,372.69
2025,7,26,12,2025-07-26 12:00:00,969.71,935.72,32.75,4.35,56.26,4.67,433.19
2025,7,26,13,2025-07-26 13:00:00,940.5,817.91,33.75,2.33,64.44,17.38,378.9
2025,7,26,14,2025-07-26 14:00:00,854.89,783.26,35.21,3.41,59.81,11.17,358.06
2025,7,26,15,2025-07-26 15:00:00,718.69,670.21,35.4,2.94,55.37,8.99,311.29
2025,7,26,16,2025-07-26 16:00:00,541.2,541.2,34.41,2.13,58.83,0.0,241.35
2025,7,26,17,2025-07-26 17:00:00,334.51,334.51,33.58,1.43,60.53,0.0,155.67
2025,7,26,18,2025-07-26 18:00:00,112.7,112.7,32.57,1.92,60.08,0.0,48.82
2025,7,26,19,2025-07-26 19:00:00,0.0,0.0,32.04,2.56,62.36,0.0,0.0
2025,7,26,20,2025-07-26 20:00:00,0.0,0.0,31.74,2.3,61.81,11.84,0.0
2025,7,26,21,2025-07-26 21:00:00,0.0,0.0,29.58,2.48,66.13,0.0,0.0
2025,7,26,22,2025-07-26 22:00:00,0.0,0.0,29.31,2.79,66.52,16.8,0.0
2025,7,26,23,2025-07-26 23:00:00,0.0,0.0,26.43,3.07,71.21,0.0,0.0
2025,7,27,0,2025-07-27 00:00:00,0.0,0.0,25.84,4.06,67.21,2.63,0.0
2025,7,27,1,2025-07-27 01:00:00,0.0,0.0,25.78,2.54,71.93,0.0,0.0
2025,7,27,2,2025-07-27 02:00:00,0.0,0.0,24.64,4.6,70.74,0.0,0.0
2025,7,27,3,2025-07-27 03:00:00,0.0,0.0,25.08,3.91,71.24,0.0,0.0
2025,7,27,4,2025-07-27 04:00:00,0.0,0.0,24.83,3.69,72.91,15.48,0.0
2025,7,27,5,2025-07-27 05:00:00,0.0,0.0,25.76,3.52,66.37,0.0,0.0
2025,7,27,6,2025-07-27 06:00:00,111.44,111.44,25.71,4.92,70.69,0.0,50.27
2025,7,27,7,2025-07-27 07:00:00,333.61,333.61,27.03,5.11,66.43,0.0,163.51
2025,7,27,8,2025-07-27 08:00:00,540.65,540.65,28.77,4.78,63.06,0.0,258.44
2025,7,27,9,2025-07-27 09:00:00,718.43,649.7,31.12,4.53,65.54,12.76,305.35
2025,7,27,10,2025-07-27 10:00:00,854.85,751.31,31.67,4.86,63.0,16.15,352.11
2025,7,27,11,2025-07-27 11:00:00,940.61,940.61,32.93,4.21,63.29,0.0,433.64
2025,7,27,12,2025-07-27 12:00:00,969.86,874.0,32.63,4.09,55.96,13.18,416.1
2025,7,27,13,2025-07-27 13:00:00,940.61,940.61,33.3,3.57,57.34,0.0,442.04
2025,7,27,14,2025-07-27 14:00:00,854.85,784.05,34.48,3.61,56.88,11.04,360.52
2025,7,27,15,2025-07-27 15:00:00,718.43,669.52,34.93,2.67,64.28,9.08,313.21
2025,7,27,16,2025-07-27 16:00:00,540.65,527.63,34.62,3.16,58.04,3.21,242.24
2025,7,27,17,2025-07-27 17:00:00,333.61,288.84,33.75,2.66,61.56,17.89,130.31
2025,7,27,18,2025-07-27 18:00:00,111.44,110.28,33.44,3.17,58.77,1.39,51.81
2025,7,27,19,2025-07-27 19:00:00,0.0,0.0,30.88,2.83,68.04,5.63,0.0
2025,7,27,20,2025-07-27 20:00:00,0.0,0.0,32.56,1.1,61.39,0.0,0.0
2025,7,27,21,2025-07-27 21:00:00,0.0,0.0,29.11,2.66,61.41,0.0,0.0
2025,7,27,22,2025-07-27 22:00:00,0.0,0.0,27.69,2.75,65.8,0.0,0.0
2025,7,27,23,2025-07-27 23:00:00,0.0,0.0,27.97,2.98,66.64,18.62,0.0
2025,7,28,0,2025-07-28 00:00:00,0.0,0.0,24.82,4.54,71.94,0.0,0.0
2025,7,28,1,2025-07-28 01:00:00,0.0,0.0,25.98,4.85,68.78,0.0,0.0
2025,7,28,2,2025-07-28 02:00:00,0.0,0.0,23.88,4.07,69.74,0.0,0.0
2025,7,28,3,2025-07-28 03:00:00,0.0,0.0,23.66,4.03,64.22,12.28,0.0
2025,7,28,4,2025-07-28 04:00:00,0.0,0.0,25.63,3.37,68.8,0.0,0.0
2025,7,28,5,2025-07-28 05:00:00,0.0,0.0,24.18,5.63,68.27,18.59,0.0
2025,7,28,6,2025-07-28 06:00:00,110.14,110.14,25.77,3.35,69.55,0.0,53.34
2025,7,28,7,2025-07-28 07:00:00,332.69,332.69,27.76,4.91,67.82,0.0,158.46
2025,7,28,8,2025-07-28 08:00:00,540.07,512.82,28.54,3.78,68.74,6.73,237.78
2025,7,28,9,2025-07-28 09:00:00,718.16,718.16,29.34,3.24,60.19,0.0,342.38
2025,7,28,10,2025-07-28 10:00:00,854.8,854.8,30.64,2.72,68.89,0.0,408.7
2025,7,28,11,2025-07-28 11:00:00,940.7,836.34,32.76,2.31,62.33,14.79,389.32
2025,7,28,12,2025-07-28 12:00:00,970.0,970.0,35.24,2.66,66.5,0.0,449.04
2025,7,28,13,2025-07-28 13:00:00,940.7,893.51,34.51,3.39,63.07,6.69,412.53
2025,7,28,14,2025-07-28 14:00:00,854.8,854.8,35.01,2.59,56.42,0.0,390.13
2025,7,28,15,2025-07-28 15:00:00,718.16,718.16,35.12,3.17,56.89,0.0,332.69
2025,7,28,16,2025-07-28 16:00:00,540.07,487.13,35.29,0.55,58.53,13.07,231.58
2025,7,28,17,2025-07-28 17:00:00,332.69,310.79,34.48,1.51,57.89,8.78,142.84
2025,7,28,18,2025-07-28 18:00:00,110.14,110.14,32.4,1.9,58.63,0.0,53.25
2025,7,28,19,2025-07-28 19:00:00,0.0,0.0,32.7,3.82,62.9,15.97,0.0
2025,7,28,20,2025-07-28 20:00:00,0.0,0.0,31.2,3.87,64.46,5.31,0.0
2025,7,28,21,2025-07-28 21:00:00,0.0,0.0,29.79,2.11,66.61,15.89,0.0
2025,7,28,22,2025-07-28 22:00:00,0.0,0.0,26.99,3.42,68.39,4.64,0.0
2025,7,28,23,2025-07-28 23:00:00,0.0,0.0,28.04,3.73,69.6,16.37,0.0
2025,7,29,0,2025-07-29 00:00:00,0.0,0.0,25.82,4.43,68.61,14.07,0.0
2025,7,29,1,2025-07-29 01:00:00,0.0,0.0,24.99,3.98,70.65,3.38,0.0
2025,7,29,2,2025-07-29 02:00:00,0.0,0.0,24.58,4.77,71.74,0.0,0.0
2025,7,29,3,2025-07-29 03:00:00,0.0,0.0,23.84,4.48,76.09,9.72,0.0
2025,7,29,4,2025-07-29 04:00:00,0.0,0.0,24.29,4.5,73.4,5.47,0.0
2025,7,29,5,2025-07-29 05:00:00,0.0,0.0,25.48,4.73,63.72,0.0,0.0
2025,7,29,6,2025-07-29 06:00:00,108.82,106.2,25.86,6.11,68.55,3.21,50.86
2025,7,29,7,2025-07-29 07:00:00,331.74,308.62,26.86,5.24,67.4,9.29,146.34
2025,7,29,8,2025-07-29 08:00:00,539.48,531.0,27.37,4.48,63.01,2.1,248.62
2025,7,29,9,2025-07-29 09:00:00,717.86,660.22,29.59,4.75,66.53,10.71,307.87
2025,7,29,10,2025-07-29 10:00:00,854.74,793.87,30.8,5.49,67.29,9.5,373.94
2025,7,29,11,2025-07-29 11:00:00,940.79,893.55,32.48,5.14,60.05,6.69,408.4
2025,7,29,12,2025-07-29 12:00:00,970.13,897.0,34.1,1.85,58.41,10.05,411.49
2025,7,29,13,2025-07-29 13:00:00,940.79,940.79,33.49,3.01,61.06,0.0,434.52
2025,7,29,14,2025-07-29 14:00:00,854.74,823.62,33.24,1.75,61.49,4.85,381.36
2025,7,29,15,2025-07-29 15:00:00,717.86,717.86,32.86,3.18,59.72,0.0,333.96
2025,7,29,16,2025-07-29 16:00:00,539.48,539.48,35.88,2.32,58.21,0.0,257.1
2025,7,29,17,2025-07-29 17:00:00,331.74,331.74,33.14,1.44,55.33,0.0,155.38
2025,7,29,18,2025-07-29 18:00:00,108.82,100.65,31.83,2.75,62.34,10.01,47.0
2025,7,29,19,2025-07-29 19:00:00,0.0,0.0,31.9,1.38,57.84,0.0,0.0
2025,7,29,20,2025-07-29 20:00:00,0.0,0.0,31.57,3.24,64.43,15.61,0.0
2025,7,29,21,2025-07-29 21:00:00,0.0,0.0,29.86,2.82,64.38,0.0,0.0
2025,7,29,22,2025-07-29 22:00:00,0.0,0.0,29.67,2.47,66.48,1.89,0.0
2025,7,29,23,2025-07-29 23:00:00,0.0,0.0,26.37,4.27,67.45,0.0,0.0
2025,7,30,0,2025-07-30 00:00:00,0.0,0.0,26.43,3.57,69.01,0.0,0.0
2025,7,30,1,2025-07-30 01:00:00,0.0,0.0,25.85,3.68,73.08,8.46,0.0
2025,7,30,2,2025-07-30 02:00:00,0.0,0.0,24.58,3.56,71.15,1.14,0.0
2025,7,30,3,2025-07-30 03:00:00,0.0,0.0,24.51,4.97,73.33,15.35,0.0
2025,7,30,4,2025-07-30 04:00:00,0.0,0.0,24.32,3.92,72.03,10.84,0.0
2025,7,30,5,2025-07-30 05:00:00,0.0,0.0,25.2,5.64,74.33,11.09,0.0
2025,7,30,6,2025-07-30 06:00:00,107.46,107.46,25.99,4.23,67.3,0.0,50.75
2025,7,30,7,2025-07-30 07:00:00,330.77,319.02,27.43,3.85,70.91,4.73,150.94
2025,7,30,8,2025-07-30 08:00:00,538.86,480.99,27.52,5.47,64.34,14.32,233.79
2025,7,30,9,2025-07-30 09:00:00,717.55,717.55,28.65,4.24,65.81,0.0,339.97
2025,7,30,10,2025-07-30 10:00:00,854.66,850.08,32.82,4.74,64.31,0.71,393.97
2025,7,30,11,2025-07-30 11:00:00,940.86,940.86,32.81,4.04,66.23,0.0,434.39
2025,7,30,12,2025-07-30 12:00:00,970.25,957.77,34.37,2.95,64.34,1.72,440.03
2025,7,30,13,2025-07-30 13:00:00,940.86,940.86,33.99,1.93,57.3,0.0,432.63
2025,7,30,14,2025-07-30 14:00:00,854.66,854.66,34.05,3.42,55.18,0.0,392.01
2025,7,30,15,2025-07-30 15:00:00,717.55,717.55,35.02,2.46,59.78,0.0,329.7
2025,7,30,16,2025-07-30 16:00:00,538.86,538.86,33.73,2.12,55.96,0.0,249.85
2025,7,30,17,2025-07-30 17:00:00,330.77,330.77,34.35,2.35,55.53,0.0,154.03
2025,7,30,18,2025-07-30 18:00:00,107.46,107.46,34.07,0.91,59.04,0.0,47.03
2025,7,30,19,2025-07-30 19:00:00,0.0,0.0,32.19,1.48,63.68,16.53,0.0
2025,7,30,20,2025-07-30 20:00:00,0.0,0.0,32.18,2.62,63.93,0.0,0.0
2025,7,30,21,2025-07-30 21:00:00,0.0,0.0,29.69,2.09,63.3,0.0,0.0
2025,7,30,22,2025-07-30 22:00:00,0.0,0.0,29.73,3.15,72.44,16.66,0.0
2025,7,30,23,2025-07-30 23:00:00,0.0,0.0,26.06,4.4,69.58,0.0,0.0
2025,7,31,0,2025-07-31 00:00:00,0.0,0.0,26.39,3.84,68.86,0.0,0.0
2025,7,31,1,2025-07-31 01:00:00,0.0,0.0,26.33,3.37,69.01,0.0,0.0
2025,7,31,2,2025-07-31 02:00:00,0.0,0.0,23.47,4.26,71.59,5.1,0.0
2025,7,31,3,2025-07-31 03:00:00,0.0,0.0,24.98,3.61,74.28,0.0,0.0
2025,7,31,4,2025-07-31 04:00:00,0.0,0.0,23.64,4.62,72.09,0.0,0.0
2025,7,31,5,2025-07-31 05:00:00,0.0,0.0,25.6,4.57,70.65,0.0,0.0
2025,7,31,6,2025-07-31 06:00:00,106.06,106.06,26.19,4.8,77.61,0.0,51.37
2025,7,31,7,2025-07-31 07:00:00,329.76,289.29,26.31,3.54,67.85,16.36,136.05
2025,7,31,8,2025-07-31 08:00:00,538.21,538.21,27.17,3.65,66.46,0.0,261.19
2025,7,31,9,2025-07-31 09:00:00,717.22,717.22,31.24,4.7,59.07,0.0,333.05
2025,7,31,10,2025-07-31 10:00:00,854.57,772.31,30.13,3.55,61.73,12.83,365.08
2025,7,31,11,2025-07-31 11:00:00,940.91,940.91,30.91,4.25,63.87,0.0,439.97
2025,7,31,12,2025-07-31 12:00:00,970.36,970.36,33.04,3.65,64.78,0.0,449.62
2025,7,31,13,2025-07-31 13:00:00,940.91,848.09,34.23,4.45,57.52,13.15,390.85
2025,7,31,14,2025-07-31 14:00:00,854.57,810.23,34.92,3.86,59.05,6.92,368.34
2025,7,31,15,2025-07-31 15:00:00,717.22,717.22,35.11,3.07,63.69,0.0,331.32
2025,7,31,16,2025-07-31 16:00:00,538.21,538.21,34.71,3.21,56.93,0.0,252.31
2025,7,31,17,2025-07-31 17:00:00,329.76,329.76,34.35,2.77,56.46,0.0,148.69
2025,7,31,18,2025-07-31 18:00:00,106.06,106.06,31.8,2.31,58.15,0.0,51.85
2025,7,31,19,2025-07-31 19:00:00,0.0,0.0,32.11,1.99,63.29,1.57,0.0
2025,7,31,20,2025-07-31 20:00:00,0.0,0.0,30.43,3.72,65.52,10.3,0.0
2025,7,31,21,2025-07-31 21:00:00,0.0,0.0,29.14,2.47,65.88,0.0,0.0
2025,7,31,22,2025-07-31 22:00:00,0.0,0.0,27.92,2.63,64.83,2.08,0.0
2025,7,31,23,2025-07-31 23:00:00,0.0,0.0,26.86,2.02,72.61,0.0,0.0
2025,8,1,0,2025-08-01 00:00:00,0.0,0.0,24.91,4.05,69.66,2.74,0.0
2025,8,1,1,2025-08-01 01:00:00,0.0,0.0,24.42,2.33,69.08,0.0,0.0
2025,8,1,2,2025-08-01 02:00:00,0.0,0.0,25.05,4.16,75.43,5.15,0.0
2025,8,1,3,2025-08-01 03:00:00,0.0,0.0,24.61,4.78,71.93,0.0,0.0
2025,8,1,4,2025-08-01 04:00:00,0.0,0.0,24.09,5.44,69.95,0.61,0.0
2025,8,1,5,2025-08-01 05:00:00,0.0,0.0,23.86,5.64,74.82,11.81,0.0
2025,8,1,6,2025-08-01 06:00:00,104.64,104.64,27.5,4.92,68.46,0.0,50.95
2025,8,1,7,2025-08-01 07:00:00,328.73,328.73,26.65,5.34,71.37,0.0,157.37
2025,8,1,8,2025-08-01 08:00:00,537.55,483.59,27.63,4.14,68.47,13.38,230.69
2025,8,1,9,2025-08-01 09:00:00,716.86,648.23,29.79,5.42,62.24,12.77,307.05
2025,8,1,10,2025-08-01 10:00:00,854.46,849.44,30.85,2.87,62.54,0.78,394.67
2025,8,1,11,2025-08-01 11:00:00,940.95,826.72,33.24,5.06,64.09,16.19,384.27
2025,8,1,12,2025-08-01 12:00:00,970.45,913.68,34.44,3.09,59.69,7.8,426.28
2025,8,1,13,2025-08-01 13:00:00,940.95,940.95,33.64,2.4,53.51,0.0,433.0
2025,8,1,14,2025-08-01 14:00:00,854.46,789.16,35.0,3.3,55.39,10.19,365.59
2025,8,1,15,2025-08-01 15:00:00,716.86,669.3,32.45,1.21,59.03,8.85,313.48
2025,8,1,16,2025-08-01 16:00:00,537.55,537.55,33.42,3.53,57.47,0.0,253.37
2025,8,1,17,2025-08-01 17:00:00,328.73,302.84,34.08,2.05,61.9,10.5,140.61
2025,8,1,18,2025-08-01 18:00:00,104.64,104.64,32.52,1.53,62.78,0.0,47.35
2025,8,1,19,2025-08-01 19:00:00,0.0,0.0,31.36,1.4,64.56,0.0,0.0
2025,8,1,20,2025-08-01 20:00:00,0.0,0.0,30.08,1.91,67.51,5.21,0.0
2025,8,1,21,2025-08-01 21:00:00,0.0,0.0,29.23,2.19,64.45,5.69,0.0
2025,8,1,22,2025-08-01 22:00:00,0.0,0.0,27.42,3.52,61.27,0.0,0.0
2025,8,1,23,2025-08-01 23:00:00,0.0,0.0,27.55,2.83,68.06,0.0,0.0
2025,8,2,0,2025-08-02 00:00:00,0.0,0.0,26.89,3.66,70.14,7.78,0.0
2025,8,2,1,2025-08-02 01:00:00,0.0,0.0,25.97,3.67,65.74,0.0,0.0
2025,8,2,2,2025-08-02 02:00:00,0.0,0.0,25.61,4.46,66.49,0.0,0.0
2025,8,2,3,2025-08-02 03:00:00,0.0,0.0,24.85,5.71,70.21,12.67,0.0
2025,8,2,4,2025-08-02 04:00:00,0.0,0.0,25.71,5.48,64.11,0.0,0.0
2025,8,2,5,2025-08-02 05:00:00,0.0,0.0,24.22,4.7,72.43,3.26,0.0
2025,8,2,6,2025-08-02 06:00:00,103.18,103.18,25.3,4.74,70.86,0.0,46.92
2025,8,2,7,2025-08-02 07:00:00,327.67,326.54,26.47,4.59,64.73,0.46,156.46
2025,8,2,8,2025-08-02 08:00:00,536.86,536.86,27.22,2.81,68.76,0.0,258.73
2025,8,2,9,2025-08-02 09:00:00,716.49,637.29,30.94,5.45,60.36,14.74,292.66
2025,8,2,10,2025-08-02 10:00:00,854.33,854.33,29.79,5.25,62.47,0.0,410.02
2025,8,2,11,2025-08-02 11:00:00,940.98,940.98,32.26,3.68,62.12,0.0,444.96
2025,8,2,12,2025-08-02 12:00:00,970.53,874.83,32.08,2.45,61.41,13.15,408.71
2025,8,2,13,2025-08-02 13:00:00,940.98,884.89,33.65,1.64,60.72,7.95,404.42
2025,8,2,14,2025-08-02 14:00:00,854.33,854.33,34.63,4.04,62.97,0.0,389.0
2025,8,2,15,2025-08-02 15:00:00,716.49,716.49,35.28,3.38,57.3,0.0,329.6
2025,8,2,16,2025-08-02 16:00:00,536.86,531.97,35.99,2.08,54.51,1.21,246.12
2025,8,2,17,2025-08-02 17:00:00,327.67,300.04,34.98,2.4,61.72,11.24,137.84
2025,8,2,18,2025-08-02 18:00:00,103.18,103.18,32.96,3.43,64.97,0.0,43.46
2025,8,2,19,2025-08-02 19:00:00,0.0,0.0,31.81,2.76,62.13,2.49,0.0
2025,8,2,20,2025-08-02 20:00:00,0.0,0.0,30.28,2.54,67.53,0.0,0.0
2025,8,2,21,2025-08-02 21:00:00,0.0,0.0,29.59,2.57,62.72,4.92,0.0
2025,8,2,22,2025-08-02 22:00:00,0.0,0.0,28.34,2.89,64.29,6.9,0.0
2025,8,2,23,2025-08-02 23:00:00,0.0,0.0,26.59,4.02,67.94,0.0,0.0
2025,8,3,0,2025-08-03 00:00:00,0.0,0.0,26.47,4.13,70.19,0.0,0.0
2025,8,3,1,2025-08-03 01:00:00,0.0,0.0,24.93,5.21,69.11,3.94,0.0
2025,8,3,2,2025-08-03 02:00:00,0.0,0.0,23.89,4.06,70.05,0.0,0.0
2025,8,3,3,2025-08-03 03:00:00,0.0,0.0,24.96,4.68,73.73,0.0,0.0
2025,8,3,4,2025-08-03 04:00:00,0.0,0.0,25.64,5.45,69.17,0.0,0.0
2025,8,3,5,2025-08-03 05:00:00,0.0,0.0,24.17,5.61,71.14,14.92,0.0
2025,8,3,6,2025-08-03 06:00:00,101.69,99.56,26.31,4.33,71.04,2.8,49.95
2025,8,3,7,2025-08-03 07:00:00,326.58,299.04,25.8,5.59,70.86,11.24,143.96
2025,8,3,8,2025-08-03 08:00:00,536.14,536.14,27.04,3.98,65.55,0.0,267.52
2025,8,3,9,2025-08-03 09:00:00,716.1,716.1,28.73,4.22,66.04,0.0,336.48
2025,8,3,10,2025-08-03 10:00:00,854.18,854.18,29.72,3.32,60.9,0.0,400.63
2025,8,3,11,2025-08-03 11:00:00,940.98,940.98,31.71,3.15,62.72,0.0,441.04
2025,8,3,12,2025-08-03 12:00:00,970.59,970.59,33.23,4.92,60.21,0.0,448.2
2025,8,3,13,2025-08-03 13:00:00,940.98,928.03,33.37,2.36,59.42,1.84,426.15
2025,8,3,14,2025-08-03 14:00:00,854.18,854.18,32.95,3.92,62.8,0.0,400.26
2025,8,3,15,2025-08-03 15:00:00,716.1,716.1,33.8,2.0,57.45,0.0,337.88
2025,8,3,16,2025-08-03 16:00:00,536.14,536.14,33.81,3.46,56.01,0.0,252.04
2025,8,3,17,2025-08-03 17:00:00,326.58,315.7,34.16,0.5,60.01,4.44,147.47
2025,8,3,18,2025-08-03 18:00:00,101.69,101.69,32.96,2.5,58.01,0.0,40.37
2025,8,3,19,2025-08-03 19:00:00,0.0,0.0,32.56,3.31,60.59,0.0,0.0
2025,8,3,20,2025-08-03 20:00:00,0.0,0.0,31.81,1.81,66.12,0.0,0.0
2025,8,3,21,2025-08-03 21:00:00,0.0,0.0,28.22,3.54,63.83,10.46,0.0
2025,8,3,22,2025-08-03 22:00:00,0.0,0.0,27.85,2.28,64.08,14.6,0.0
2025,8,3,23,2025-08-03 23:00:00,0.0,0.0,27.84,2.2,69.46,11.63,0.0
2025,8,4,0,2025-08-04 00:00:00,0.0,0.0,27.39,4.5,65.81,0.0,0.0
2025,8,4,1,2025-08-04 01:00:00,0.0,0.0,23.68,4.86,69.64,11.98,0.0
2025,8,4,2,2025-08-04 02:00:00,0.0,0.0,24.26,4.24,67.46,0.0,0.0
2025,8,4,3,2025-08-04 03:00:00,0.0,0.0,23.79,3.59,70.43,0.71,0.0
2025,8,4,4,2025-08-04 04:00:00,0.0,0.0,24.62,4.86,74.96,6.49,0.0
2025,8,4,5,2025-08-04 05:00:00,0.0,0.0,24.83,4.48,65.64,0.0,0.0
2025,8,4,6,2025-08-04 06:00:00,100.17,91.03,25.0,4.05,71.04,12.17,42.27
2025,8,4,7,2025-08-04 07:00:00,325.46,325.46,27.56,4.76,65.3,0.0,154.81
2025,8,4,8,2025-08-04 08:00:00,535.4,511.99,28.86,4.26,69.84,5.83,244.28
2025,8,4,9,2025-08-04 09:00:00,715.68,715.68,28.61,4.41,67.26,0.0,341.61
2025,8,4,10,2025-08-04 10:00:00,854.01,854.01,30.01,3.49,66.6,0.0,402.87
2025,8,4,11,2025-08-04 11:00:00,940.97,940.97,32.73,3.82,62.16,0.0,434.89
2025,8,4,12,2025-08-04 12:00:00,970.63,887.34,33.55,3.96,62.37,11.44,413.52
2025,8,4,13,2025-08-04 13:00:00,940.97,940.97,33.76,3.2,59.69,0.0,436.05
2025,8,4,14,2025-08-04 14:00:00,854.01,820.06,34.06,3.22,61.06,5.3,376.38
2025,8,4,15,2025-08-04 15:00:00,715.68,640.1,35.05,1.96,60.86,14.08,294.32
2025,8,4,16,2025-08-04 16:00:00,535.4,535.4,34.11,3.47,60.33,0.0,247.6
2025,8,4,17,2025-08-04 17:00:00,325.46,325.46,33.81,1.97,57.31,0.0,152.83
2025,8,4,18,2025-08-04 18:00:00,100.17,100.17,33.46,0.5,59.99,0.0,47.34
2025,8,4,19,2025-08-04 19:00:00,0.0,0.0,32.63,1.12,62.22,9.11,0.0
2025,8,4,20,2025-08-04 20:00:00,0.0,0.0,30.86,1.91,62.95,8.66,0.0
2025,8,4,21,2025-08-04 21:00:00,0.0,0.0,28.09,0.72,64.94,0.0,0.0
2025,8,4,22,2025-08-04 22:00:00,0.0,0.0,29.33,2.12,68.45,0.0,0.0
2025,8,4,23,2025-08-04 23:00:00,0.0,0.0,27.58,2.07,68.0,0.0,0.0
2025,8,5,0,2025-08-05 00:00:00,0.0,0.0,24.78,4.95,66.13,0.0,0.0
2025,8,5,1,2025-08-05 01:00:00,0.0,0.0,24.94,4.0,72.99,0.0,0.0
2025,8,5,2,2025-08-05 02:00:00,0.0,0.0,24.37,4.83,73.47,13.29,0.0
2025,8,5,3,2025-08-05 03:00:00,0.0,0.0,25.29,3.92,70.98,3.89,0.0
2025,8,5,4,2025-08-05 04:00:00,0.0,0.0,24.1,4.62,66.08,4.29,0.0
2025,8,5,5,2025-08-05 05:00:00,0.0,0.0,25.67,3.81,73.05,13.48,0.0
2025,8,5,6,2025-08-05 06:00:00,98.62,98.62,24.99,4.87,66.96,0.0,55.57
2025,8,5,7,2025-08-05 07:00:00,324.32,324.32,26.91,3.72,67.16,0.0,154.29
2025,8,5,8,2025-08-05 08:00:00,534.64,534.64,27.28,4.44,64.37,0.0,255.71
2025,8,5,9,2025-08-05 09:00:00,715.24,715.24,28.78,4.06,60.48,0.0,341.38
2025,8,5,10,2025-08-05 10:00:00,853.82,853.03,28.63,3.76,65.95,0.12,411.22
2025,8,5,11,2025-08-05 11:00:00,940.94,940.94,31.66,5.74,62.21,0.0,435.84
2025,8,5,12,2025-08-05 12:00:00,970.66,934.57,34.0,3.79,59.0,4.96,429.38
2025,8,5,13,2025-08-05 13:00:00,940.94,876.11,33.71,2.47,62.62,9.19,404.15
2025,8,5,14,2025-08-05 14:00:00,853.82,853.82,32.95,2.95,59.75,0.0,395.12
2025,8,5,15,2025-08-05 15:00:00,715.24,672.92,34.35,1.62,54.11,7.89,309.53
2025,8,5,16,2025-08-05 16:00:00,534.64,527.5,32.51,1.52,60.97,1.78,251.1
2025,8,5,17,2025-08-05 17:00:00,324.32,324.32,33.2,2.06,60.26,0.0,144.18
2025,8,5,18,2025-08-05 18:00:00,98.62,98.62,32.4,2.61,58.85,0.0,46.4
2025,8,5,19,2025-08-05 19:00:00,0.0,0.0,31.74,2.3,65.51,0.0,0.0
2025,8,5,20,2025-08-05 20:00:00,0.0,0.0,31.94,2.96,56.12,13.62,0.0
2025,8,5,21,2025-08-05 21:00:00,0.0,0.0,30.31,3.48,63.84,1.95,0.0
2025,8,5,22,2025-08-05 22:00:00,0.0,0.0,28.04,3.57,66.85,3.12,0.0
2025,8,5,23,2025-08-05 23:00:00,0.0,0.0,26.93,3.06,68.88,14.03,0.0
2025,8,6,0,2025-08-06 00:00:00,0.0,0.0,24.82,3.28,72.5,0.0,0.0
2025,8,6,1,2025-08-06 01:00:00,0.0,0.0,23.65,2.43,65.97,7.1,0.0
2025,8,6,2,2025-08-06 02:00:00,0.0,0.0,23.16,4.08,69.82,3.43,0.0
2025,8,6,3,2025-08-06 03:00:00,0.0,0.0,22.78,6.0,69.89,0.0,0.0
2025,8,6,4,2025-08-06 04:00:00,0.0,0.0,23.47,3.98,69.56,12.29,0.0
2025,8,6,5,2025-08-06 05:00:00,0.0,0.0,24.55,3.91,71.11,2.69,0.0
2025,8,6,6,2025-08-06 06:00:00,97.04,88.66,24.72,4.43,65.63,11.51,38.01
2025,8,6,7,2025-08-06 07:00:00,323.15,311.9,27.75,6.08,71.52,4.64,148.68
2025,8,6,8,2025-08-06 08:00:00,533.85,524.33,27.6,3.89,66.44,2.38,247.9
2025,8,6,9,2025-08-06 09:00:00,714.78,714.78,29.59,4.12,63.18,0.0,340.19
2025,8,6,10,2025-08-06 10:00:00,853.61,853.61,30.5,4.09,65.29,0.0,404.7
2025,8,6,11,2025-08-06 11:00:00,940.89,940.89,32.06,4.15,61.62,0.0,435.95
2025,8,6,12,2025-08-06 12:00:00,970.66,970.66,33.33,2.36,58.62,0.0,448.81
2025,8,6,13,2025-08-06 13:00:00,940.89,912.45,33.85,2.64,58.63,4.03,417.28
2025,8,6,14,2025-08-06 14:00:00,853.61,853.61,33.39,1.24,60.03,0.0,395.03
2025,8,6,15,2025-08-06 15:00:00,714.78,655.49,34.06,2.89,58.7,11.06,303.28
2025,8,6,16,2025-08-06 16:00:00,533.85,533.85,32.19,1.45,56.89,0.0,244.65
2025,8,6,17,2025-08-06 17:00:00,323.15,295.42,32.97,0.97,55.59,11.44,134.82
2025,8,6,18,2025-08-06 18:00:00,97.04,97.04,32.43,2.1,58.78,0.0,45.95
2025,8,6,19,2025-08-06 19:00:00,0.0,0.0,32.18,1.36,60.94,6.11,0.0
2025,8,6,20,2025-08-06 20:00:00,0.0,0.0,30.67,0.9,59.67,14.62,0.0
2025,8,6,21,2025-08-06 21:00:00,0.0,0.0,29.41,2.62,65.95,13.42,0.0
2025,8,6,22,2025-08-06 22:00:00,0.0,0.0,27.39,2.84,70.58,0.0,0.0
2025,8,6,23,2025-08-06 23:00:00,0.0,0.0,26.91,2.34,67.15,12.51,0.0
2025,8,7,0,2025-08-07 00:00:00,0.0,0.0,24.87,4.08,64.56,9.72,0.0
2025,8,7,1,2025-08-07 01:00:00,0.0,0.0,25.43,4.15,69.08,0.0,0.0
2025,8,7,2,2025-08-07 02:00:00,0.0,0.0,24.55,4.78,67.56,5.82,0.0
2025,8,7,3,2025-08-07 03:00:00,0.0,0.0,23.2,4.47,72.35,0.0,0.0
2025,8,7,4,2025-08-07 04:00:00,0.0,0.0,24.71,5.91,67.66,0.0,0.0
2025,8,7,5,2025-08-07 05:00:00,0.0,0.0,23.95,5.12,71.71,0.0,0.0
2025,8,7,6,2025-08-07 06:00:00,95.42,93.98,25.96,3.22,66.94,2.01,45.96
2025,8,7,7,2025-08-07 07:00:00,321.95,321.95,26.83,4.58,67.23,0.0,157.15
2025,8,7,8,2025-08-07 08:00:00,533.03,533.03,27.78,2.9,69.63,0.0,248.27
2025,8,7,9,2025-08-07 09:00:00,714.29,714.29,31.03,5.11,66.79,0.0,334.31
2025,8,7,10,2025-08-07 10:00:00,853.38,853.38,29.03,3.77,65.46,0.0,403.93
2025,8,7,11,2025-08-07 11:00:00,940.81,940.81,31.18,4.06,63.52,0.0,440.72
2025,8,7,12,2025-08-07 12:00:00,970.64,970.64,32.18,3.11,57.78,0.0,456.23
2025,8,7,13,2025-08-07 13:00:00,940.81,903.07,33.44,2.64,64.41,5.35,422.53
2025,8,7,14,2025-08-07 14:00:00,853.38,853.38,33.21,3.59,60.74,0.0,391.65
2025,8,7,15,2025-08-07 15:00:00,714.29,698.42,35.26,3.48,58.9,2.96,321.31
2025,8,7,16,2025-08-07 16:00:00,533.03,509.91,33.21,3.04,54.38,5.78,237.8
2025,8,7,17,2025-08-07 17:00:00,321.95,321.95,32.6,3.11,59.92,0.0,145.87
2025,8,7,18,2025-08-07 18:00:00,95.42,95.42,33.2,2.46,61.62,0.0,44.7
2025,8,7,19,2025-08-07 19:00:00,0.0,0.0,32.22,1.59,61.53,0.0,0.0
2025,8,7,20,2025-08-07 20:00:00,0.0,0.0,29.44,1.55,60.59,0.0,0.0
2025,8,7,21,2025-08-07 21:00:00,0.0,0.0,30.17,2.23,64.77,0.0,0.0
2025,8,7,22,2025-08-07 22:00:00,0.0,0.0,27.95,3.16,67.38,0.0,0.0
2025,8,7,23,2025-08-07 23:00:00,0.0,0.0,26.63,3.42,66.59,0.0,0.0
2025,8,8,0,2025-08-08 00:00:00,0.0,0.0,24.64,2.48,64.82,0.0,0.0
2025,8,8,1,2025-08-08 01:00:00,0.0,0.0,25.21,3.89,69.92,0.21,0.0
2025,8,8,2,2025-08-08 02:00:00,0.0,0.0,23.91,4.34,69.34,2.55,0.0
2025,8,8,3,2025-08-08 03:00:00,0.0,0.0,24.6,3.49,71.34,0.0,0.0
2025,8,8,4,2025-08-08 04:00:00,0.0,0.0,22.32,4.96,67.48,12.97,0.0
2025,8,8,5,2025-08-08 05:00:00,0.0,0.0,24.39,3.62,69.95,9.6,0.0
2025,8,8,6,2025-08-08 06:00:00,93.78,93.78,24.84,3.79,68.58,0.0,43.88
2025,8,8,7,2025-08-08 07:00:00,320.72,310.83,26.61,4.18,65.57,4.11,149.28
2025,8,8,8,2025-08-08 08:00:00,532.19,532.19,27.06,4.86,68.66,0.0,253.19
2025,8,8,9,2025-08-08 09:00:00,713.78,667.22,30.16,4.87,67.06,8.7,308.07
2025,8,8,10,2025-08-08 10:00:00,853.12,853.12,30.47,4.92,60.56,0.0,394.19
2025,8,8,11,2025-08-08 11:00:00,940.71,940.71,30.7,4.87,62.35,0.0,440.35
2025,8,8,12,2025-08-08 12:00:00,970.59,970.59,32.32,3.81,51.95,0.0,455.38
2025,8,8,13,2025-08-08 13:00:00,940.71,940.71,33.49,3.02,60.31,0.0,441.88
2025,8,8,14,2025-08-08 14:00:00,853.12,811.44,35.24,3.8,58.74,6.51,373.03
2025,8,8,15,2025-08-08 15:00:00,713.78,713.78,34.13,1.88,56.2,0.0,331.58
2025,8,8,16,2025-08-08 16:00:00,532.19,532.19,34.03,2.81,56.75,0.0,248.52
2025,8,8,17,2025-08-08 17:00:00,320.72,320.72,33.81,0.53,62.86,0.0,149.68
2025,8,8,18,2025-08-08 18:00:00,93.78,91.05,33.99,1.62,64.44,3.88,35.56
2025,8,8,19,2025-08-08 19:00:00,0.0,0.0,31.92,2.08,63.85,0.0,0.0
2025,8,8,20,2025-08-08 20:00:00,0.0,0.0,31.28,2.56,57.35,0.0,0.0
2025,8,8,21,2025-08-08 21:00:00,0.0,0.0,29.15,1.84,63.45,11.95,0.0
2025,8,8,22,2025-08-08 22:00:00,0.0,0.0,28.28,2.81,65.1,9.89,0.0
2025,8,8,23,2025-08-08 23:00:00,0.0,0.0,25.58,2.69,73.45,13.95,0.0
2025,8,9,0,2025-08-09 00:00:00,0.0,0.0,24.54,4.02,74.06,0.0,0.0
2025,8,9,1,2025-08-09 01:00:00,0.0,0.0,24.48,4.22,72.87,0.0,0.0
2025,8,9,2,2025-08-09 02:00:00,0.0,0.0,25.75,5.53,71.17,9.46,0.0
2025,8,9,3,2025-08-09 03:00:00,0.0,0.0,22.85,4.42,70.05,0.0,0.0
2025,8,9,4,2025-08-09 04:00:00,0.0,0.0,25.76,5.61,69.34,10.29,0.0
2025,8,9,5,2025-08-09 05:00:00,0.0,0.0,25.7,4.37,66.54,0.0,0.0
2025,8,9,6,2025-08-09 06:00:00,92.11,92.11,23.43,5.63,68.3,0.0,45.27
2025,8,9,7,2025-08-09 07:00:00,319.46,284.43,25.75,3.24,72.5,14.62,132.43
2025,8,9,8,2025-08-09 08:00:00,531.31,526.68,28.29,5.85,68.26,1.16,247.28
2025,8,9,9,2025-08-09 09:00:00,713.24,648.49,29.15,4.75,66.4,12.1,313.79
2025,8,9,10,2025-08-09 10:00:00,852.84,852.84,30.24,4.31,60.26,0.0,396.7
2025,8,9,11,2025-08-09 11:00:00,940.59,921.99,31.04,2.77,62.09,2.64,428.47
2025,8,9,12,2025-08-09 12:00:00,970.52,970.52,33.64,3.01,64.54,0.0,452.15
2025,8,9,13,2025-08-09 13:00:00,940.59,940.59,31.64,1.92,58.09,0.0,432.94
2025,8,9,14,2025-08-09 14:00:00,852.84,852.84,33.51,3.1,60.6,0.0,392.51
2025,8,9,15,2025-08-09 15:00:00,713.24,713.24,33.87,2.17,56.73,0.0,325.91
2025,8,9,16,2025-08-09 16:00:00,531.31,531.31,33.91,3.49,56.59,0.0,242.28
2025,8,9,17,2025-08-09 17:00:00,319.46,299.33,34.07,1.93,57.26,8.4,140.76
2025,8,9,18,2025-08-09 18:00:00,92.11,81.9,32.0,2.93,62.51,14.77,39.76
2025,8,9,19,2025-08-09 19:00:00,0.0,0.0,31.86,1.23,61.92,13.61,0.0
2025,8,9,20,2025-08-09 20:00:00,0.0,0.0,29.8,0.91,69.69,0.0,0.0
2025,8,9,21,2025-08-09 21:00:00,0.0,0.0,28.97,3.32,66.89,0.0,0.0
2025,8,9,22,2025-08-09 22:00:00,0.0,0.0,27.15,3.1,65.73,0.0,0.0
2025,8,9,23,2025-08-09 23:00:00,0.0,0.0,26.51,4.03,71.26,0.0,0.0
2025,8,10,0,2025-08-10 00:00:00,0.0,0.0,25.81,3.89,72.7,1.98,0.0
2025,8,10,1,2025-08-10 01:00:00,0.0,0.0,25.23,4.82,69.98,0.0,0.0
2025,8,10,2,2025-08-10 02:00:00,0.0,0.0,23.99,2.83,68.11,0.0,0.0
2025,8,10,3,2025-08-10 03:00:00,0.0,0.0,24.63,4.22,69.22,0.0,0.0
2025,8,10,4,2025-08-10 04:00:00,0.0,0.0,23.59,4.35,68.84,11.24,0.0
2025,8,10,5,2025-08-10 05:00:00,0.0,0.0,22.16,5.4,72.23,6.79,0.0
2025,8,10,6,2025-08-10 06:00:00,90.4,90.4,25.74,5.12,69.87,0.0,41.69
2025,8,10,7,2025-08-10 07:00:00,318.17,307.27,26.45,3.41,75.47,4.57,147.21
2025,8,10,8,2025-08-10 08:00:00,530.41,515.45,27.05,5.7,62.15,3.76,241.5
2025,8,10,9,2025-08-10 09:00:00,712.67,712.67,28.43,4.2,63.24,0.0,336.54
2025,8,10,10,2025-08-10 10:00:00,852.53,843.68,30.89,3.57,67.18,1.38,395.3
2025,8,10,11,2025-08-10 11:00:00,940.44,843.8,31.8,4.02,59.09,13.7,395.88
2025,8,10,12,2025-08-10 12:00:00,970.43,970.43,33.65,3.96,65.29,0.0,452.37
2025,8,10,13,2025-08-10 13:00:00,940.44,940.44,34.25,2.37,55.62,0.0,434.67
2025,8,10,14,2025-08-10 14:00:00,852.53,852.53,33.31,3.2,60.51,0.0,394.3
2025,8,10,15,2025-08-10 15:00:00,712.67,704.33,33.52,4.22,66.32,1.56,331.21
2025,8,10,16,2025-08-10 16:00:00,530.41,474.68,33.19,2.59,57.21,14.01,218.75
2025,8,10,17,2025-08-10 17:00:00,318.17,318.17,33.0,1.92,57.31,0.0,144.32
2025,8,10,18,2025-08-10 18:00:00,90.4,81.3,32.23,3.42,66.18,13.43,38.18
2025,8,10,19,2025-08-10 19:00:00,0.0,0.0,31.56,0.89,57.15,4.8,0.0
2025,8,10,20,2025-08-10 20:00:00,0.0,0.0,29.61,3.37,60.67,0.0,0.0
2025,8,10,21,2025-08-10 21:00:00,0.0,0.0,30.11,3.43,62.57,0.17,0.0
2025,8,10,22,2025-08-10 22:00:00,0.0,0.0,27.02,2.66,65.33,10.17,0.0
2025,8,10,23,2025-08-10 23:00:00,0.0,0.0,25.64,2.96,70.78,0.0,0.0
2025,8,11,0,2025-08-11 00:00:00,0.0,0.0,26.41,4.3,74.08,0.0,0.0
2025,8,11,1,2025-08-11 01:00:00,0.0,0.0,25.2,4.05,70.49,10.66,0.0
2025,8,11,2,2025-08-11 02:00:00,0.0,0.0,23.23,5.13,73.74,0.0,0.0
2025,8,11,3,2025-08-11 03:00:00,0.0,0.0,23.18,5.62,74.52,0.0,0.0
2025,8,11,4,2025-08-11 04:00:00,0.0,0.0,25.22,4.24,72.52,6.59,0.0
2025,8,11,5,2025-08-11 05:00:00,0.0,0.0,24.45,4.52,72.2,10.76,0.0
2025,8,11,6,2025-08-11 06:00:00,88.67,88.67,25.27,3.91,64.41,0.0,43.28
2025,8,11,7,2025-08-11 07:00:00,316.85,289.7,27.43,4.51,73.05,11.42,139.0
2025,8,11,8,2025-08-11 08:00:00,529.49,529.49,28.88,5.13,76.2,0.0,246.68
2025,8,11,9,2025-08-11 09:00:00,712.08,712.08,28.49,4.16,70.67,0.0,343.85
2025,8,11,10,2025-08-11 10:00:00,852.19,759.49,30.28,5.14,62.13,14.5,356.21
2025,8,11,11,2025-08-11 11:00:00,940.26,884.31,30.93,5.16,63.73,7.93,413.9
2025,8,11,12,2025-08-11 12:00:00,970.3,970.3,32.62,3.53,58.31,0.0,452.29
2025,8,11,13,2025-08-11 13:00:00,940.26,908.64,34.32,3.22,60.74,4.48,421.37
2025,8,11,14,2025-08-11 14:00:00,852.19,852.19,33.84,3.03,56.11,0.0,399.65
2025,8,11,15,2025-08-11 15:00:00,712.08,712.08,32.82,3.37,61.58,0.0,332.27
2025,8,11,16,2025-08-11 16:00:00,529.49,495.46,34.45,3.18,60.53,8.57,223.97
2025,8,11,17,2025-08-11 17:00:00,316.85,314.55,32.28,1.57,61.03,0.97,143.07
2025,8,11,18,2025-08-11 18:00:00,88.67,87.76,31.78,2.22,57.67,1.37,39.43
2025,8,11,19,2025-08-11 19:00:00,0.0,0.0,31.23,1.65,62.63,9.51,0.0
2025,8,11,20,2025-08-11 20:00:00,0.0,0.0,30.56,2.78,66.83,0.0,0.0
2025,8,11,21,2025-08-11 21:00:00,0.0,0.0,29.25,2.54,66.27,0.0,0.0
2025,8,11,22,2025-08-11 22:00:00,0.0,0.0,27.99,2.55,69.5,0.0,0.0
2025,8,11,23,2025-08-11 23:00:00,0.0,0.0,26.03,2.46,66.0,0.0,0.0
2025,8,12,0,2025-08-12 00:00:00,0.0,0.0,23.63,4.81,68.21,9.76,0.0
2025,8,12,1,2025-08-12 01:00:00,0.0,0.0,24.86,4.08,79.84,0.0,0.0
2025,8,12,2,2025-08-12 02:00:00,0.0,0.0,23.52,3.18,70.28,0.0,0.0
2025,8,12,3,2025-08-12 03:00:00,0.0,0.0,23.62,4.05,77.27,0.0,0.0
2025,8,12,4,2025-08-12 04:00:00,0.0,0.0,23.47,4.66,70.01,10.83,0.0
2025,8,12,5,2025-08-12 05:00:00,0.0,0.0,24.18,3.71,70.01,0.0,0.0
2025,8,12,6,2025-08-12 06:00:00,86.91,83.32,26.4,5.14,72.97,5.51,44.02
2025,8,12,7,2025-08-12 07:00:00,315.51,315.51,25.52,5.22,67.19,0.0,153.78
2025,8,12,8,2025-08-12 08:00:00,528.53,528.53,27.67,4.24,69.7,0.0,250.92
2025,8,12,9,2025-08-12 09:00:00,711.46,711.46,28.19,4.51,65.73,0.0,337.08
2025,8,12,10,2025-08-12 10:00:00,851.82,816.05,31.41,4.27,70.66,5.6,383.38
2025,8,12,11,2025-08-12 11:00:00,940.06,940.06,30.81,2.64,60.42,0.0,441.09
2025,8,12,12,2025-08-12 12:00:00,970.15,934.69,32.01,2.89,60.86,4.87,438.16
2025,8,12,13,2025-08-12 13:00:00,940.06,873.84,32.0,2.15,56.14,9.39,414.27
2025,8,12,14,2025-08-12 14:00:00,851.82,851.82,32.73,2.65,62.15,0.0,394.28
2025,8,12,15,2025-08-12 15:00:00,711.46,711.46,33.27,2.63,62.95,0.0,325.13
2025,8,12,16,2025-08-12 16:00:00,528.53,528.53,34.74,1.6,60.55,0.0,242.46
2025,8,12,17,2025-08-12 17:00:00,315.51,295.34,32.11,1.62,56.9,8.52,137.76
2025,8,12,18,2025-08-12 18:00:00,86.91,77.68,31.8,1.74,58.99,14.15,37.56
2025,8,12,19,2025-08-12 19:00:00,0.0,0.0,31.5,2.21,65.84,0.0,0.0
2025,8,12,20,2025-08-12 20:00:00,0.0,0.0,31.54,2.92,64.18,10.77,0.0
2025,8,12,21,2025-08-12 21:00:00,0.0,0.0,29.73,3.07,61.45,14.72,0.0
2025,8,12,22,2025-08-12 22:00:00,0.0,0.0,27.09,2.7,64.68,3.91,0.0
2025,8,12,23,2025-08-12 23:00:00,0.0,0.0,26.48,2.7,67.6,9.18,0.0
2025,8,13,0,2025-08-13 00:00:00,0.0,0.0,27.03,4.13,65.54,0.0,0.0
2025,8,13,1,2025-08-13 01:00:00,0.0,0.0,24.4,5.38,69.09,0.0,0.0
2025,8,13,2,2025-08-13 02:00:00,0.0,0.0,23.78,4.3,73.62,3.55,0.0
2025,8,13,3,2025-08-13 03:00:00,0.0,0.0,22.99,3.4,69.68,4.93,0.0
2025,8,13,4,2025-08-13 04:00:00,0.0,0.0,21.25,4.23,67.2,0.0,0.0
2025,8,13,5,2025-08-13 05:00:00,0.0,0.0,23.9,3.69,75.21,15.44,0.0
2025,8,13,6,2025-08-13 06:00:00,85.12,85.12,26.22,5.62,64.06,0.0,45.44
2025,8,13,7,2025-08-13 07:00:00,314.14,288.17,26.67,4.75,64.3,11.02,134.15
2025,8,13,8,2025-08-13 08:00:00,527.55,522.63,26.99,4.3,62.6,1.24,249.82
2025,8,13,9,2025-08-13 09:00:00,710.81,710.81,28.69,4.98,67.28,0.0,338.05
2025,8,13,10,2025-08-13 10:00:00,851.42,851.42,30.54,3.35,61.16,0.0,393.88
2025,8,13,11,2025-08-13 11:00:00,939.82,870.6,31.78,2.97,61.59,9.82,412.19
2025,8,13,12,2025-08-13 12:00:00,969.97,969.97,30.7,4.57,63.78,0.0,451.24
2025,8,13,13,2025-08-13 13:00:00,939.82,939.82,32.55,3.08,64.15,0.0,433.36
2025,8,13,14,2025-08-13 14:00:00,851.42,761.45,33.05,3.45,60.98,14.09,353.11
2025,8,13,15,2025-08-13 15:00:00,710.81,710.81,33.0,1.13,56.34,0.0,335.56
2025,8,13,16,2025-08-13 16:00:00,527.55,527.55,32.89,2.59,59.97,0.0,253.92
2025,8,13,17,2025-08-13 17:00:00,314.14,314.14,33.17,0.79,58.04,0.0,140.63
2025,8,13,18,2025-08-13 18:00:00,85.12,84.05,32.09,2.03,60.87,1.68,37.5
2025,8,13,19,2025-08-13 19:00:00,0.0,0.0,32.4,2.86,63.35,4.53,0.0
2025,8,13,20,2025-08-13 20:00:00,0.0,0.0,30.79,2.27,62.02,0.0,0.0
2025,8,13,21,2025-08-13 21:00:00,0.0,0.0,28.55,3.19,67.38,0.0,0.0
2025,8,13,22,2025-08-13 22:00:00,0.0,0.0,27.27,1.92,68.15,0.0,0.0
2025,8,13,23,2025-08-13 23:00:00,0.0,0.0,26.32,3.35,68.68,9.06,0.0
2025,8,14,0,2025-08-14 00:00:00,0.0,0.0,24.26,2.87,71.12,11.57,0.0
2025,8,14,1,2025-08-14 01:00:00,0.0,0.0,23.39,3.96,69.33,5.5,0.0
2025,8,14,2,2025-08-14 02:00:00,0.0,0.0,23.17,4.25,71.69,5.37,0.0
2025,8,14,3,2025-08-14 03:00:00,0.0,0.0,24.0,6.07,70.84,0.51,0.0
2025,8,14,4,2025-08-14 04:00:00,0.0,0.0,24.88,4.76,73.36,0.0,0.0
2025,8,14,5,2025-08-14 05:00:00,0.0,0.0,24.85,4.96,70.95,0.0,0.0
2025,8,14,6,2025-08-14 06:00:00,83.3,82.33,26.23,4.4,68.68,1.55,35.53
2025,8,14,7,2025-08-14 07:00:00,312.73,312.73,25.37,5.53,63.66,0.0,147.77
2025,8,14,8,2025-08-14 08:00:00,526.53,526.53,26.89,6.21,65.99,0.0,254.59
2025,8,14,9,2025-08-14 09:00:00,710.12,649.18,28.15,4.35,67.55,11.44,307.75
2025,8,14,10,2025-08-14 10:00:00,851.0,851.0,29.87,4.58,60.06,0.0,398.52
2025,8,14,11,2025-08-14 11:00:00,939.56,931.01,30.51,4.26,68.83,1.21,431.72
2025,8,14,12,2025-08-14 12:00:00,969.76,924.35,32.22,3.33,53.78,6.24,431.62
2025,8,14,13,2025-08-14 13:00:00,939.56,937.92,34.0,3.87,56.84,0.23,438.73
2025,8,14,14,2025-08-14 14:00:00,851.0,771.39,35.61,2.09,64.54,12.47,358.7
2025,8,14,15,2025-08-14 15:00:00,710.12,710.12,33.02,3.01,56.7,0.0,329.36
2025,8,14,16,2025-08-14 16:00:00,526.53,489.73,32.26,3.27,58.13,9.32,228.8
2025,8,14,17,2025-08-14 17:00:00,312.73,312.73,32.05,0.86,59.85,0.0,141.31
2025,8,14,18,2025-08-14 18:00:00,83.3,83.3,32.2,1.57,62.73,0.0,40.89
2025,8,14,19,2025-08-14 19:00:00,0.0,0.0,30.8,1.49,59.8,4.05,0.0
2025,8,14,20,2025-08-14 20:00:00,0.0,0.0,30.21,2.61,66.17,4.5,0.0
2025,8,14,21,2025-08-14 21:00:00,0.0,0.0,27.57,2.74,61.64,0.0,0.0
2025,8,14,22,2025-08-14 22:00:00,0.0,0.0,25.73,2.01,65.77,0.0,0.0
2025,8,14,23,2025-08-14 23:00:00,0.0,0.0,24.92,2.18,67.68,2.13,0.0
2025,8,15,0,2025-08-15 00:00:00,0.0,0.0,26.21,3.59,66.6,4.43,0.0
2025,8,15,1,2025-08-15 01:00:00,0.0,0.0,23.39,3.36,69.89,6.22,0.0
2025,8,15,2,2025-08-15 02:00:00,0.0,0.0,22.99,3.7,75.03,0.0,0.0
2025,8,15,3,2025-08-15 03:00:00,0.0,0.0,23.42,4.25,67.45,0.0,0.0
2025,8,15,4,2025-08-15 04:00:00,0.0,0.0,23.79,5.92,71.91,1.46,0.0
2025,8,15,5,2025-08-15 05:00:00,0.0,0.0,25.01,5.69,70.93,10.41,0.0
2025,8,15,6,2025-08-15 06:00:00,81.45,72.37,27.0,5.76,69.33,14.87,36.26
2025,8,15,7,2025-08-15 07:00:00,311.3,287.12,26.59,5.7,70.96,10.36,136.11
2025,8,15,8,2025-08-15 08:00:00,525.49,469.35,27.58,5.03,62.19,14.24,225.57
2025,8,15,9,2025-08-15 09:00:00,709.41,692.3,29.13,4.04,67.75,3.22,332.06
2025,8,15,10,2025-08-15 10:00:00,850.54,746.34,30.16,4.31,67.81,16.34,355.41
2025,8,15,11,2025-08-15 11:00:00,939.26,939.24,30.1,5.96,59.59,0.0,443.14
2025,8,15,12,2025-08-15 12:00:00,969.52,969.52,32.15,1.42,63.13,0.0,455.8
2025,8,15,13,2025-08-15 13:00:00,939.26,939.26,32.58,4.17,62.0,0.0,442.84
2025,8,15,14,2025-08-15 14:00:00,850.54,837.71,32.3,3.06,59.53,2.01,384.08
2025,8,15,15,2025-08-15 15:00:00,709.41,660.56,32.43,2.86,58.05,9.18,305.38
2025,8,15,16,2025-08-15 16:00:00,525.49,525.49,33.66,2.5,56.83,0.0,238.38
2025,8,15,17,2025-08-15 17:00:00,311.3,311.3,33.28,3.22,59.53,0.0,139.68
2025,8,15,18,2025-08-15 18:00:00,81.45,81.45,32.29,2.22,58.21,0.0,40.89
2025,8,15,19,2025-08-15 19:00:00,0.0,0.0,29.92,1.2,67.37,3.47,0.0
2025,8,15,20,2025-08-15 20:00:00,0.0,0.0,30.7,3.47,62.93,0.0,0.0
2025,8,15,21,2025-08-15 21:00:00,0.0,0.0,29.14,2.47,61.18,0.0,0.0
2025,8,15,22,2025-08-15 22:00:00,0.0,0.0,28.01,3.23,69.89,0.0,0.0
2025,8,15,23,2025-08-15 23:00:00,0.0,0.0,25.23,2.89,63.94,7.04,0.0
2025,8,16,0,2025-08-16 00:00:00,0.0,0.0,25.08,4.08,67.91,13.99,0.0
2025,8,16,1,2025-08-16 01:00:00,0.0,0.0,23.37,3.18,73.43,1.38,0.0
2025,8,16,2,2025-08-16 02:00:00,0.0,0.0,23.23,5.33,68.09,13.62,0.0
2025,8,16,3,2025-08-16 03:00:00,0.0,0.0,23.09,4.22,69.89,8.22,0.0
2025,8,16,4,2025-08-16 04:00:00,0.0,0.0,25.11,5.04,68.36,0.88,0.0
2025,8,16,5,2025-08-16 05:00:00,0.0,0.0,25.22,4.14,74.9,0.0,0.0
2025,8,16,6,2025-08-16 06:00:00,79.58,79.58,24.84,3.77,65.36,0.0,36.78
2025,8,16,7,2025-08-16 07:00:00,309.84,309.84,25.12,4.94,67.34,0.0,145.54
2025,8,16,8,2025-08-16 08:00:00,524.41,497.87,28.97,5.58,68.34,6.75,233.71
2025,8,16,9,2025-08-16 09:00:00,708.67,676.5,28.38,4.74,64.51,6.05,313.9
2025,8,16,10,2025-08-16 10:00:00,850.05,850.05,29.25,4.9,62.08,0.0,395.66
2025,8,16,11,2025-08-16 11:00:00,938.93,826.09,32.07,2.8,69.42,16.02,385.83
2025,8,16,12,2025-08-16 12:00:00,969.24,969.24,31.53,2.86,59.71,0.0,453.76
2025,8,16,13,2025-08-16 13:00:00,938.93,876.77,32.9,3.32,56.94,8.83,404.47
2025,8,16,14,2025-08-16 14:00:00,850.05,782.85,34.14,2.39,59.53,10.54,365.04
2025,8,16,15,2025-08-16 15:00:00,708.67,687.03,34.83,3.36,55.83,4.07,319.43
2025,8,16,16,2025-08-16 16:00:00,524.41,493.86,34.08,4.22,55.79,7.77,232.32
2025,8,16,17,2025-08-16 17:00:00,309.84,309.84,32.94,1.93,59.48,0.0,137.9
2025,8,16,18,2025-08-16 18:00:00,79.58,79.58,31.71,2.95,59.48,0.0,37.54
2025,8,16,19,2025-08-16 19:00:00,0.0,0.0,31.49,2.91,56.42,0.0,0.0
2025,8,16,20,2025-08-16 20:00:00,0.0,0.0,32.26,2.72,60.75,0.0,0.0
2025,8,16,21,2025-08-16 21:00:00,0.0,0.0,28.73,2.4,68.67,0.0,0.0
2025,8,16,22,2025-08-16 22:00:00,0.0,0.0,27.67,2.32,64.02,9.35,0.0
2025,8,16,23,2025-08-16 23:00:00,0.0,0.0,27.23,2.83,73.78,0.0,0.0
2025,8,17,0,2025-08-17 00:00:00,0.0,0.0,24.24,2.95,72.71,0.0,0.0
2025,8,17,1,2025-08-17 01:00:00,0.0,0.0,24.47,3.27,70.54,17.14,0.0
2025,8,17,2,2025-08-17 02:00:00,0.0,0.0,23.86,4.35,69.51,1.45,0.0
2025,8,17,3,2025-08-17 03:00:00,0.0,0.0,23.45,5.26,68.38,17.24,0.0
2025,8,17,4,2025-08-17 04:00:00,0.0,0.0,23.36,4.44,72.83,10.31,0.0
2025,8,17,5,2025-08-17 05:00:00,0.0,0.0,24.52,6.08,68.52,6.04,0.0
2025,8,17,6,2025-08-17 06:00:00,77.68,77.68,24.52,4.05,74.0,0.0,42.64
2025,8,17,7,2025-08-17 07:00:00,308.35,274.86,24.2,3.95,69.66,14.48,131.09
2025,8,17,8,2025-08-17 08:00:00,523.31,510.28,28.14,4.02,67.64,3.32,238.64
2025,8,17,9,2025-08-17 09:00:00,707.89,707.89,27.88,4.42,59.83,0.0,336.87
2025,8,17,10,2025-08-17 10:00:00,849.53,786.21,28.97,3.41,62.17,9.94,368.36
2025,8,17,11,2025-08-17 11:00:00,938.56,917.82,31.59,4.6,60.79,2.95,433.44
2025,8,17,12,2025-08-17 12:00:00,968.93,968.93,31.25,2.93,64.58,0.0,445.98
2025,8,17,13,2025-08-17 13:00:00,938.56,848.5,32.22,4.05,59.41,12.79,398.24
2025,8,17,14,2025-08-17 14:00:00,849.53,770.19,33.46,2.9,59.78,12.45,352.29
2025,8,17,15,2025-08-17 15:00:00,707.89,615.91,33.97,1.95,60.08,17.32,286.88
2025,8,17,16,2025-08-17 16:00:00,523.31,523.31,33.48,2.93,58.6,0.0,243.5
2025,8,17,17,2025-08-17 17:00:00,308.35,308.35,32.65,1.98,61.98,0.0,142.12
2025,8,17,18,2025-08-17 18:00:00,77.68,67.59,31.15,2.37,59.37,17.32,35.11
2025,8,17,19,2025-08-17 19:00:00,0.0,0.0,30.89,1.96,64.46,4.67,0.0
2025,8,17,20,2025-08-17 20:00:00,0.0,0.0,29.83,1.61,62.31,16.74,0.0
2025,8,17,21,2025-08-17 21:00:00,0.0,0.0,27.88,3.99,64.16,0.0,0.0
2025,8,17,22,2025-08-17 22:00:00,0.0,0.0,27.11,3.34,63.13,0.0,0.0
2025,8,17,23,2025-08-17 23:00:00,0.0,0.0,26.78,3.86,71.37,1.88,0.0
2025,8,18,0,2025-08-18 00:00:00,0.0,0.0,24.09,2.05,69.71,0.18,0.0
2025,8,18,1,2025-08-18 01:00:00,0.0,0.0,24.22,5.09,68.1,11.65,0.0
2025,8,18,2,2025-08-18 02:00:00,0.0,0.0,24.73,5.32,73.81,0.0,0.0
2025,8,18,3,2025-08-18 03:00:00,0.0,0.0,23.44,4.93,70.8,0.0,0.0
2025,8,18,4,2025-08-18 04:00:00,0.0,0.0,23.79,4.77,75.95,6.76,0.0
2025,8,18,5,2025-08-18 05:00:00,0.0,0.0,23.3,4.39,72.64,11.47,0.0
2025,8,18,6,2025-08-18 06:00:00,75.75,68.96,24.42,4.9,67.86,11.96,37.04
2025,8,18,7,2025-08-18 07:00:00,306.84,306.84,26.08,4.88,69.28,0.0,143.98
2025,8,18,8,2025-08-18 08:00:00,522.17,489.36,27.79,4.13,69.43,8.38,229.06
2025,8,18,9,2025-08-18 09:00:00,707.08,639.94,28.05,3.14,66.6,12.66,299.62
2025,8,18,10,2025-08-18 10:00:00,848.97,848.97,28.13,3.47,59.68,0.0,402.84
2025,8,18,11,2025-08-18 11:00:00,938.16,817.72,31.06,3.58,64.44,17.12,380.65
2025,8,18,12,2025-08-18 12:00:00,968.59,963.14,31.81,5.03,61.18,0.75,450.57
2025,8,18,13,2025-08-18 13:00:00,938.16,938.16,32.66,3.4,62.06,0.0,436.06
2025,8,18,14,2025-08-18 14:00:00,848.97,817.1,35.22,2.38,57.59,5.0,377.81
2025,8,18,15,2025-08-18 15:00:00,707.08,636.11,33.35,3.31,60.61,13.38,296.6
2025,8,18,16,2025-08-18 16:00:00,522.17,522.17,34.55,1.66,56.9,0.0,241.26
2025,8,18,17,2025-08-18 17:00:00,306.84,281.59,33.72,2.45,60.71,10.97,126.25
2025,8,18,18,2025-08-18 18:00:00,75.75,70.1,31.5,2.04,62.47,9.95,33.96
2025,8,18,19,2025-08-18 19:00:00,0.0,0.0,31.14,2.17,57.39,0.0,0.0
2025,8,18,20,2025-08-18 20:00:00,0.0,0.0,29.16,2.26,61.23,2.23,0.0
2025,8,18,21,2025-08-18 21:00:00,0.0,0.0,28.9,2.23,63.57,3.78,0.0
2025,8,18,22,2025-08-18 22:00:00,0.0,0.0,27.18,2.41,68.45,0.0,0.0
2025,8,18,23,2025-08-18 23:00:00,0.0,0.0,25.39,1.98,70.69,0.07,0.0
2025,8,19,0,2025-08-19 00:00:00,0.0,0.0,24.11,4.11,68.06,0.0,0.0
2025,8,19,1,2025-08-19 01:00:00,0.0,0.0,23.56,4.33,70.05,0.0,0.0
2025,8,19,2,2025-08-19 02:00:00,0.0,0.0,24.09,4.42,70.61,8.23,0.0
2025,8,19,3,2025-08-19 03:00:00,0.0,0.0,22.1,3.86,71.27,8.08,0.0
2025,8,19,4,2025-08-19 04:00:00,0.0,0.0,22.63,5.2,71.59,0.0,0.0
2025,8,19,5,2025-08-19 05:00:00,0.0,0.0,24.12,4.14,69.52,0.0,0.0
2025,8,19,6,2025-08-19 06:00:00,73.8,73.8,25.28,5.6,74.68,0.0,42.33
2025,8,19,7,2025-08-19 07:00:00,305.29,278.55,26.64,4.12,64.97,11.68,135.51
2025,8,19,8,2025-08-19 08:00:00,521.0,521.0,26.83,5.89,62.04,0.0,243.76
2025,8,19,9,2025-08-19 09:00:00,706.24,706.24,28.05,6.46,63.12,0.0,338.5
2025,8,19,10,2025-08-19 10:00:00,848.38,817.85,28.22,3.91,64.36,4.8,388.06
2025,8,19,11,2025-08-19 11:00:00,937.73,937.73,29.99,2.16,64.89,0.0,440.85
2025,8,19,12,2025-08-19 12:00:00,968.2,957.39,32.78,3.74,56.36,1.49,448.15
2025,8,19,13,2025-08-19 13:00:00,937.73,912.76,32.41,3.36,68.23,3.55,428.45
2025,8,19,14,2025-08-19 14:00:00,848.38,762.76,33.32,4.29,57.34,13.46,351.13
2025,8,19,15,2025-08-19 15:00:00,706.24,675.88,33.24,3.02,55.23,5.73,307.79
2025,8,19,16,2025-08-19 16:00:00,521.0,483.59,33.05,1.26,56.68,9.58,227.67
2025,8,19,17,2025-08-19 17:00:00,305.29,266.14,31.46,2.42,60.06,17.1,121.06
2025,8,19,18,2025-08-19 18:00:00,73.8,73.8,33.32,2.54,64.78,0.0,30.59
2025,8,19,19,2025-08-19 19:00:00,0.0,0.0,30.25,2.19,63.78,17.06,0.0
2025,8,19,20,2025-08-19 20:00:00,0.0,0.0,29.15,4.21,65.13,5.43,0.0
2025,8,19,21,2025-08-19 21:00:00,0.0,0.0,26.99,2.64,64.25,0.0,0.0
2025,8,19,22,2025-08-19 22:00:00,0.0,0.0,26.97,2.27,62.02,2.39,0.0
2025,8,19,23,2025-08-19 23:00:00,0.0,0.0,26.37,3.57,67.29,0.0,0.0
2025,8,20,0,2025-08-20 00:00:00,0.0,0.0,24.65,3.14,75.5,0.0,0.0
2025,8,20,1,2025-08-20 01:00:00,0.0,0.0,24.27,4.22,67.43,0.0,0.0
2025,8,20,2,2025-08-20 02:00:00,0.0,0.0,24.27,3.77,72.67,8.86,0.0
2025,8,20,3,2025-08-20 03:00:00,0.0,0.0,24.5,5.24,69.18,0.0,0.0
2025,8,20,4,2025-08-20 04:00:00,0.0,0.0,22.34,4.41,75.13,0.0,0.0
2025,8,20,5,2025-08-20 05:00:00,0.0,0.0,24.08,3.07,70.88,5.53,0.0
2025,8,20,6,2025-08-20 06:00:00,71.82,71.82,25.49,5.44,65.3,0.0,34.9
2025,8,20,7,2025-08-20 07:00:00,303.72,303.72,26.51,4.69,67.94,0.0,148.2
2025,8,20,8,2025-08-20 08:00:00,519.8,519.8,26.98,5.13,63.84,0.0,250.36
2025,8,20,9,2025-08-20 09:00:00,705.36,631.69,28.03,4.77,64.6,13.93,302.3
2025,8,20,10,2025-08-20 10:00:00,847.75,767.39,27.84,5.65,64.08,12.64,367.56
2025,8,20,11,2025-08-20 11:00:00,937.25,937.25,30.41,4.72,62.49,0.0,440.12
2025,8,20,12,2025-08-20 12:00:00,967.78,967.78,30.66,2.88,60.95,0.0,456.07
2025,8,20,13,2025-08-20 13:00:00,937.25,937.25,34.54,2.64,59.53,0.0,435.18
2025,8,20,14,2025-08-20 14:00:00,847.75,847.75,31.96,3.44,59.02,0.0,401.7
2025,8,20,15,2025-08-20 15:00:00,705.36,650.51,32.89,3.37,59.33,10.37,303.04
2025,8,20,16,2025-08-20 16:00:00,519.8,504.72,31.62,2.75,62.54,3.87,236.34
2025,8,20,17,2025-08-20 17:00:00,303.72,303.72,31.78,1.56,63.68,0.0,139.6
2025,8,20,18,2025-08-20 18:00:00,71.82,64.73,30.95,2.44,57.83,13.16,30.24
2025,8,20,19,2025-08-20 19:00:00,0.0,0.0,31.48,1.49,60.67,0.0,0.0
2025,8,20,20,2025-08-20 20:00:00,0.0,0.0,29.34,1.27,63.56,0.0,0.0
2025,8,20,21,2025-08-20 21:00:00,0.0,0.0,27.07,2.73,67.87,0.0,0.0
2025,8,20,22,2025-08-20 22:00:00,0.0,0.0,26.21,3.02,64.95,0.0,0.0
2025,8,20,23,2025-08-20 23:00:00,0.0,0.0,25.92,4.59,64.66,7.98,0.0
2025,8,21,0,2025-08-21 00:00:00,0.0,0.0,23.68,2.87,68.21,0.0,0.0
2025,8,21,1,2025-08-21 01:00:00,0.0,0.0,21.28,3.39,67.55,3.44,0.0
2025,8,21,2,2025-08-21 02:00:00,0.0,0.0,22.54,2.92,72.71,0.0,0.0
2025,8,21,3,2025-08-21 03:00:00,0.0,0.0,21.15,3.66,74.71,8.16,0.0
2025,8,21,4,2025-08-21 04:00:00,0.0,0.0,23.44,3.93,75.96,13.91,0.0
2025,8,21,5,2025-08-21 05:00:00,0.0,0.0,24.16,5.71,63.86,4.97,0.0
2025,8,21,6,2025-08-21 06:00:00,69.82,65.25,23.92,5.1,70.22,8.74,27.37
2025,8,21,7,2025-08-21 07:00:00,302.11,302.11,25.13,4.86,69.02,0.0,140.25
2025,8,21,8,2025-08-21 08:00:00,518.57,508.11,26.24,4.67,61.92,2.69,239.66
2025,8,21,9,2025-08-21 09:00:00,704.45,623.11,28.63,4.1,66.34,15.4,291.25
2025,8,21,10,2025-08-21 10:00:00,847.08,847.08,29.55,4.07,61.11,0.0,400.22
2025,8,21,11,2025-08-21 11:00:00,936.74,820.18,30.28,3.08,61.31,16.59,390.43
2025,8,21,12,2025-08-21 12:00:00,967.32,967.32,30.6,2.11,64.45,0.0,456.12
2025,8,21,13,2025-08-21 13:00:00,936.74,848.24,32.64,2.23,54.02,12.6,396.36
2025,8,21,14,2025-08-21 14:00:00,847.08,847.08,33.26,1.53,54.44,0.0,394.45
2025,8,21,15,2025-08-21 15:00:00,704.45,654.49,34.43,2.41,54.32,9.46,302.49
2025,8,21,16,2025-08-21 16:00:00,518.57,518.57,32.94,1.65,57.15,0.0,242.52
2025,8,21,17,2025-08-21 17:00:00,302.11,302.11,33.15,2.51,58.2,0.0,135.49
2025,8,21,18,2025-08-21 18:00:00,69.82,63.24,31.95,3.01,63.71,12.57,27.58
2025,8,21,19,2025-08-21 19:00:00,0.0,0.0,30.22,2.39,62.54,11.14,0.0
2025,8,21,20,2025-08-21 20:00:00,0.0,0.0,29.79,0.97,64.93,18.23,0.0
2025,8,21,21,2025-08-21 21:00:00,0.0,0.0,28.81,2.53,68.57,8.89,0.0
2025,8,21,22,2025-08-21 22:00:00,0.0,0.0,27.31,3.62,67.71,0.0,0.0
2025,8,21,23,2025-08-21 23:00:00,0.0,0.0,26.57,4.77,71.43,0.0,0.0
2025,8,22,0,2025-08-22 00:00:00,0.0,0.0,25.52,3.37,61.55,18.26,0.0
2025,8,22,1,2025-08-22 01:00:00,0.0,0.0,24.19,4.37,69.6,0.0,0.0
2025,8,22,2,2025-08-22 02:00:00,0.0,0.0,23.16,3.7,74.29,0.77,0.0
2025,8,22,3,2025-08-22 03:00:00,0.0,0.0,22.22,3.91,67.98,0.8,0.0
2025,8,22,4,2025-08-22 04:00:00,0.0,0.0,24.31,3.54,68.38,7.8,0.0
2025,8,22,5,2025-08-22 05:00:00,0.0,0.0,22.89,4.3,72.33,0.0,0.0
2025,8,22,6,2025-08-22 06:00:00,67.8,60.37,24.75,4.61,69.6,14.6,27.26
2025,8,22,7,2025-08-22 07:00:00,300.48,290.96,24.54,4.46,68.14,4.22,138.78
2025,8,22,8,2025-08-22 08:00:00,517.31,517.31,25.93,4.57,63.34,0.0,239.43
2025,8,22,9,2025-08-22 09:00:00,703.51,651.61,28.44,4.39,65.02,9.84,308.24
2025,8,22,10,2025-08-22 10:00:00,846.38,846.38,30.4,4.24,60.86,0.0,398.73
2025,8,22,11,2025-08-22 11:00:00,936.19,844.17,29.78,4.42,65.4,13.11,399.87
2025,8,22,12,2025-08-22 12:00:00,966.83,933.33,32.74,3.07,61.43,4.62,437.76
2025,8,22,13,2025-08-22 13:00:00,936.19,837.86,31.8,2.5,61.82,14.01,393.3
2025,8,22,14,2025-08-22 14:00:00,846.38,846.38,33.44,3.81,59.67,0.0,392.62
2025,8,22,15,2025-08-22 15:00:00,703.51,621.87,33.19,2.39,60.38,15.47,289.94
2025,8,22,16,2025-08-22 16:00:00,517.31,517.31,33.4,2.19,56.63,0.0,238.68
2025,8,22,17,2025-08-22 17:00:00,300.48,262.81,32.81,2.11,60.94,16.71,118.59
2025,8,22,18,2025-08-22 18:00:00,67.8,67.8,30.85,0.71,60.07,0.0,35.75
2025,8,22,19,2025-08-22 19:00:00,0.0,0.0,31.26,2.3,64.79,0.0,0.0
2025,8,22,20,2025-08-22 20:00:00,0.0,0.0,29.31,2.89,65.98,19.85,0.0
2025,8,22,21,2025-08-22 21:00:00,0.0,0.0,27.22,3.14,63.69,18.76,0.0
2025,8,22,22,2025-08-22 22:00:00,0.0,0.0,27.0,2.9,70.96,0.0,0.0
2025,8,22,23,2025-08-22 23:00:00,0.0,0.0,26.61,3.19,68.1,18.54,0.0
2025,8,23,0,2025-08-23 00:00:00,0.0,0.0,24.83,3.21,69.95,0.0,0.0
2025,8,23,1,2025-08-23 01:00:00,0.0,0.0,26.03,3.71,69.41,0.0,0.0
2025,8,23,2,2025-08-23 02:00:00,0.0,0.0,22.73,5.01,73.0,6.63,0.0
2025,8,23,3,2025-08-23 03:00:00,0.0,0.0,22.85,3.29,67.21,0.0,0.0
2025,8,23,4,2025-08-23 04:00:00,0.0,0.0,23.94,5.0,70.82,20.85,0.0
2025,8,23,5,2025-08-23 05:00:00,0.0,0.0,25.55,5.04,69.02,0.43,0.0
2025,8,23,6,2025-08-23 06:00:00,65.74,65.74,23.3,4.86,70.36,0.0,36.36
2025,8,23,7,2025-08-23 07:00:00,298.82,264.34,25.03,4.57,75.33,15.39,127.76
2025,8,23,8,2025-08-23 08:00:00,516.02,516.02,25.63,6.12,69.73,0.0,251.1
2025,8,23,9,2025-08-23 09:00:00,702.52,695.19,26.83,3.36,59.12,1.39,337.34
2025,8,23,10,2025-08-23 10:00:00,845.64,845.64,29.04,3.56,65.25,0.0,392.39
2025,8,23,11,2025-08-23 11:00:00,935.6,935.6,29.99,5.3,60.56,0.0,435.93
2025,8,23,12,2025-08-23 12:00:00,966.29,902.55,32.49,3.82,57.2,8.79,418.77
2025,8,23,13,2025-08-23 13:00:00,935.6,935.6,32.08,4.23,53.65,0.0,443.62
2025,8,23,14,2025-08-23 14:00:00,845.64,845.64,33.28,3.1,58.78,0.0,395.97
2025,8,23,15,2025-08-23 15:00:00,702.52,666.62,32.7,2.59,58.34,6.81,304.26
2025,8,23,16,2025-08-23 16:00:00,516.02,468.1,31.82,1.49,58.87,12.38,217.8
2025,8,23,17,2025-08-23 17:00:00,298.82,269.52,32.11,1.51,56.0,13.07,128.27
2025,8,23,18,2025-08-23 18:00:00,65.74,65.74,30.86,3.49,61.03,0.0,32.62
2025,8,23,19,2025-08-23 19:00:00,0.0,0.0,30.96,2.46,61.94,0.0,0.0
2025,8,23,20,2025-08-23 20:00:00,0.0,0.0,29.9,1.92,67.38,0.0,0.0
2025,8,23,21,2025-08-23 21:00:00,0.0,0.0,28.51,2.09,64.55,19.44,0.0
2025,8,23,22,2025-08-23 22:00:00,0.0,0.0,27.43,3.5,67.49,0.0,0.0
2025,8,23,23,2025-08-23 23:00:00,0.0,0.0,26.21,2.84,70.68,0.0,0.0
2025,8,24,0,2025-08-24 00:00:00,0.0,0.0,23.47,4.99,71.66,19.19,0.0
2025,8,24,1,2025-08-24 01:00:00,0.0,0.0,22.55,3.63,69.37,14.95,0.0
2025,8,24,2,2025-08-24 02:00:00,0.0,0.0,21.76,4.53,69.84,16.6,0.0
2025,8,24,3,2025-08-24 03:00:00,0.0,0.0,22.57,3.1,63.31,7.78,0.0
2025,8,24,4,2025-08-24 04:00:00,0.0,0.0,22.25,3.5,66.21,0.9,0.0
2025,8,24,5,2025-08-24 05:00:00,0.0,0.0,22.21,3.8,67.79,1.43,0.0
2025,8,24,6,2025-08-24 06:00:00,63.67,55.53,24.06,4.26,71.58,17.05,29.24
2025,8,24,7,2025-08-24 07:00:00,297.13,297.13,24.35,3.34,64.13,0.0,138.34
2025,8,24,8,2025-08-24 08:00:00,514.69,506.77,25.65,4.53,69.02,2.05,241.26
2025,8,24,9,2025-08-24 09:00:00,701.51,683.87,26.47,4.31,65.18,3.35,326.52
2025,8,24,10,2025-08-24 10:00:00,844.86,844.86,29.27,2.97,63.35,0.0,403.15
2025,8,24,11,2025-08-24 11:00:00,934.97,934.97,29.08,4.63,61.78,0.0,447.82
2025,8,24,12,2025-08-24 12:00:00,965.71,965.71,32.19,4.14,61.62,0.0,445.77
2025,8,24,13,2025-08-24 13:00:00,934.97,934.97,32.85,2.77,55.93,0.0,438.04
2025,8,24,14,2025-08-24 14:00:00,844.86,745.87,31.67,2.92,63.19,15.62,352.2
2025,8,24,15,2025-08-24 15:00:00,701.51,647.05,30.3,2.28,58.15,10.35,306.79
2025,8,24,16,2025-08-24 16:00:00,514.69,514.69,32.59,1.55,59.28,0.0,237.87
2025,8,24,17,2025-08-24 17:00:00,297.13,271.94,31.96,2.49,57.48,11.31,124.16
2025,8,24,18,2025-08-24 18:00:00,63.67,63.67,32.45,1.25,64.04,0.0,29.47
2025,8,24,19,2025-08-24 19:00:00,0.0,0.0,29.95,3.15,56.2,0.0,0.0
2025,8,24,20,2025-08-24 20:00:00,0.0,0.0,29.81,3.07,62.12,3.22,0.0
2025,8,24,21,2025-08-24 21:00:00,0.0,0.0,26.99,4.29,57.8,0.0,0.0
2025,8,24,22,2025-08-24 22:00:00,0.0,0.0,26.57,1.94,69.81,0.0,0.0
2025,8,24,23,2025-08-24 23:00:00,0.0,0.0,24.57,3.71,70.23,5.34,0.0
2025,8,25,0,2025-08-25 00:00:00,0.0,0.0,24.03,5.02,64.5,6.83,0.0
2025,8,25,1,2025-08-25 01:00:00,0.0,0.0,24.72,4.2,74.53,0.0,0.0
2025,8,25,2,2025-08-25 02:00:00,0.0,0.0,22.23,3.68,69.92,3.99,0.0
2025,8,25,3,2025-08-25 03:00:00,0.0,0.0,22.36,3.92,74.9,16.68,0.0
2025,8,25,4,2025-08-25 04:00:00,0.0,0.0,22.52,3.42,72.55,18.38,0.0
2025,8,25,5,2025-08-25 05:00:00,0.0,0.0,23.36,4.41,69.16,0.0,0.0
2025,8,25,6,2025-08-25 06:00:00,61.57,56.03,24.3,3.92,68.69,12.0,22.68
2025,8,25,7,2025-08-25 07:00:00,295.42,295.42,24.97,5.26,67.62,0.0,140.31
2025,8,25,8,2025-08-25 08:00:00,513.33,464.52,25.13,3.78,65.8,12.68,219.06
2025,8,25,9,2025-08-25 09:00:00,700.45,686.8,28.77,4.25,63.52,2.6,324.22
2025,8,25,10,2025-08-25 10:00:00,844.04,777.48,28.02,3.75,64.16,10.51,371.8
2025,8,25,11,2025-08-25 11:00:00,934.3,924.29,28.73,2.14,59.61,1.43,440.83
2025,8,25,12,2025-08-25 12:00:00,965.08,965.08,30.95,2.69,62.56,0.0,456.82
2025,8,25,13,2025-08-25 13:00:00,934.3,907.55,32.59,3.2,57.37,3.82,425.9
2025,8,25,14,2025-08-25 14:00:00,844.04,807.0,32.22,2.63,60.04,5.85,383.65
2025,8,25,15,2025-08-25 15:00:00,700.45,623.75,32.71,3.61,57.78,14.6,290.87
2025,8,25,16,2025-08-25 16:00:00,513.33,466.08,31.64,3.19,58.41,12.27,218.89
2025,8,25,17,2025-08-25 17:00:00,295.42,295.42,31.18,3.07,60.25,0.0,144.03
2025,8,25,18,2025-08-25 18:00:00,61.57,52.96,31.19,3.05,64.13,18.66,21.67
2025,8,25,19,2025-08-25 19:00:00,0.0,0.0,30.95,1.55,63.97,19.89,0.0
2025,8,25,20,2025-08-25 20:00:00,0.0,0.0,27.85,4.03,65.21,18.83,0.0
2025,8,25,21,2025-08-25 21:00:00,0.0,0.0,27.37,3.5,65.35,0.0,0.0
2025,8,25,22,2025-08-25 22:00:00,0.0,0.0,26.67,2.89,65.67,0.0,0.0
2025,8,25,23,2025-08-25 23:00:00,0.0,0.0,25.84,3.14,62.44,0.0,0.0
2025,8,26,0,2025-08-26 00:00:00,0.0,0.0,23.24,3.46,69.07,3.86,0.0
2025,8,26,1,2025-08-26 01:00:00,0.0,0.0,22.57,2.98,71.18,17.16,0.0
2025,8,26,2,2025-08-26 02:00:00,0.0,0.0,23.32,4.46,71.22,10.4,0.0
2025,8,26,3,2025-08-26 03:00:00,0.0,0.0,22.07,4.63,74.2,20.74,0.0
2025,8,26,4,2025-08-26 04:00:00,0.0,0.0,23.57,4.6,69.76,13.68,0.0
2025,8,26,5,2025-08-26 05:00:00,0.0,0.0,22.76,4.41,74.94,5.53,0.0
2025,8,26,6,2025-08-26 06:00:00,59.46,54.22,23.11,5.06,70.68,11.73,25.4
2025,8,26,7,2025-08-26 07:00:00,293.68,293.68,24.98,4.85,64.1,0.0,138.1
2025,8,26,8,2025-08-26 08:00:00,511.94,506.41,26.56,4.67,70.43,1.44,241.43
2025,8,26,9,2025-08-26 09:00:00,699.36,699.36,27.69,5.22,65.09,0.0,335.13
2025,8,26,10,2025-08-26 10:00:00,843.18,843.18,27.85,3.76,60.49,0.0,397.03
2025,8,26,11,2025-08-26 11:00:00,933.58,916.06,30.51,4.42,63.18,2.5,434.51
2025,8,26,12,2025-08-26 12:00:00,964.42,846.13,30.94,2.5,65.88,16.35,393.2
2025,8,26,13,2025-08-26 13:00:00,933.58,840.29,31.95,3.54,61.36,13.32,393.42
2025,8,26,14,2025-08-26 14:00:00,843.18,769.62,32.49,2.3,61.24,11.63,355.94
2025,8,26,15,2025-08-26 15:00:00,699.36,652.15,33.65,1.55,60.6,9.0,299.34
2025,8,26,16,2025-08-26 16:00:00,511.94,511.94,32.1,3.72,58.37,0.0,241.98
2025,8,26,17,2025-08-26 17:00:00,293.68,262.51,32.37,3.09,59.94,14.15,121.32
2025,8,26,18,2025-08-26 18:00:00,59.46,52.21,30.48,1.65,59.84,16.25,25.94
2025,8,26,19,2025-08-26 19:00:00,0.0,0.0,31.66,2.47,62.01,0.0,0.0
2025,8,26,20,2025-08-26 20:00:00,0.0,0.0,29.73,3.36,60.06,13.05,0.0
2025,8,26,21,2025-08-26 21:00:00,0.0,0.0,25.55,2.42,61.47,3.28,0.0
2025,8,26,22,2025-08-26 22:00:00,0.0,0.0,26.24,2.68,69.46,14.25,0.0
2025,8,26,23,2025-08-26 23:00:00,0.0,0.0,24.03,3.21,66.99,8.81,0.0
2025,8,27,0,2025-08-27 00:00:00,0.0,0.0,24.1,3.11,70.88,25.29,0.0
2025,8,27,1,2025-08-27 01:00:00,0.0,0.0,23.23,4.98,69.27,12.33,0.0
2025,8,27,2,2025-08-27 02:00:00,0.0,0.0,23.13,4.58,68.92,23.58,0.0
2025,8,27,3,2025-08-27 03:00:00,0.0,0.0,22.9,4.07,68.54,0.0,0.0
2025,8,27,4,2025-08-27 04:00:00,0.0,0.0,22.2,4.85,73.03,9.99,0.0
2025,8,27,5,2025-08-27 05:00:00,0.0,0.0,22.83,3.57,70.54,10.82,0.0
2025,8,27,6,2025-08-27 06:00:00,57.31,57.31,22.63,5.23,65.59,0.0,33.14
2025,8,27,7,2025-08-27 07:00:00,291.91,242.63,24.97,2.85,72.46,22.51,115.79
2025,8,27,8,2025-08-27 08:00:00,510.51,496.45,25.91,4.55,66.43,3.67,234.43
2025,8,27,9,2025-08-27 09:00:00,698.23,698.23,26.87,4.18,67.69,0.0,331.51
2025,8,27,10,2025-08-27 10:00:00,842.27,823.03,27.79,4.46,60.13,3.05,392.04
2025,8,27,11,2025-08-27 11:00:00,932.82,932.82,30.2,4.41,59.32,0.0,440.32
2025,8,27,12,2025-08-27 12:00:00,963.71,963.71,30.05,3.48,63.75,0.0,450.43
2025,8,27,13,2025-08-27 13:00:00,932.82,932.82,32.49,2.88,62.43,0.0,438.06
2025,8,27,14,2025-08-27 14:00:00,842.27,842.27,32.1,2.16,54.14,0.0,398.13
2025,8,27,15,2025-08-27 15:00:00,698.23,649.48,31.44,1.85,59.27,9.31,310.86
2025,8,27,16,2025-08-27 16:00:00,510.51,438.43,31.73,3.98,60.21,18.83,204.41
2025,8,27,17,2025-08-27 17:00:00,291.91,291.91,31.27,2.91,61.82,0.0,136.62
2025,8,27,18,2025-08-27 18:00:00,57.31,52.78,30.91,2.48,60.72,10.54,21.06
2025,8,27,19,2025-08-27 19:00:00,0.0,0.0,30.47,2.7,61.37,7.83,0.0
2025,8,27,20,2025-08-27 20:00:00,0.0,0.0,27.09,2.99,71.01,10.45,0.0
2025,8,27,21,2025-08-27 21:00:00,0.0,0.0,29.13,4.36,66.15,6.33,0.0
2025,8,27,22,2025-08-27 22:00:00,0.0,0.0,25.93,2.42,69.44,17.57,0.0
2025,8,27,23,2025-08-27 23:00:00,0.0,0.0,24.72,3.26,66.09,13.66,0.0
2025,8,28,0,2025-08-28 00:00:00,0.0,0.0,23.45,2.73,65.14,2.66,0.0
2025,8,28,1,2025-08-28 01:00:00,0.0,0.0,23.81,4.13,67.29,26.38,0.0
2025,8,28,2,2025-08-28 02:00:00,0.0,0.0,22.29,4.11,72.95,5.16,0.0
2025,8,28,3,2025-08-28 03:00:00,0.0,0.0,22.09,6.85,69.64,9.95,0.0
2025,8,28,4,2025-08-28 04:00:00,0.0,0.0,22.59,5.25,69.34,15.69,0.0
2025,8,28,5,2025-08-28 05:00:00,0.0,0.0,23.41,5.81,67.29,0.0,0.0
2025,8,28,6,2025-08-28 06:00:00,55.15,44.19,24.54,4.62,69.27,26.5,18.17
2025,8,28,7,2025-08-28 07:00:00,290.11,279.66,24.29,4.63,72.4,4.8,139.15
2025,8,28,8,2025-08-28 08:00:00,509.05,424.55,25.36,4.74,64.35,22.13,197.82
2025,8,28,9,2025-08-28 09:00:00,697.07,687.75,27.55,4.52,67.33,1.78,333.84
2025,8,28,10,2025-08-28 10:00:00,841.33,699.64,27.81,3.43,64.01,22.46,324.81
2025,8,28,11,2025-08-28 11:00:00,932.02,762.0,30.51,3.18,63.06,24.32,361.46
2025,8,28,12,2025-08-28 12:00:00,962.95,842.05,30.57,3.86,56.9,16.74,399.48
2025,8,28,13,2025-08-28 13:00:00,932.02,788.9,32.36,3.36,57.29,20.48,362.6
2025,8,28,14,2025-08-28 14:00:00,841.33,798.68,31.3,4.02,59.71,6.76,369.61
2025,8,28,15,2025-08-28 15:00:00,697.07,638.86,32.87,1.55,67.88,11.13,292.44
2025,8,28,16,2025-08-28 16:00:00,509.05,467.03,31.95,1.88,57.45,11.01,215.46
2025,8,28,17,2025-08-28 17:00:00,290.11,259.79,30.77,2.1,58.61,13.93,125.36
2025,8,28,18,2025-08-28 18:00:00,55.15,55.15,30.63,2.63,59.11,0.0,24.78
2025,8,28,19,2025-08-28 19:00:00,0.0,0.0,30.31,3.48,64.4,26.11,0.0
2025,8,28,20,2025-08-28 20:00:00,0.0,0.0,27.76,2.7,64.42,24.73,0.0
2025,8,28,21,2025-08-28 21:00:00,0.0,0.0,27.51,0.5,67.33,3.26,0.0
2025,8,28,22,2025-08-28 22:00:00,0.0,0.0,26.26,3.86,66.36,16.29,0.0
2025,8,28,23,2025-08-28 23:00:00,0.0,0.0,24.5,2.45,69.19,23.76,0.0
2025,8,29,0,2025-08-29 00:00:00,0.0,0.0,25.5,4.32,67.6,14.47,0.0
2025,8,29,1,2025-08-29 01:00:00,0.0,0.0,23.06,4.07,73.87,2.95,0.0
2025,8,29,2,2025-08-29 02:00:00,0.0,0.0,23.99,3.83,71.71,2.58,0.0
2025,8,29,3,2025-08-29 03:00:00,0.0,0.0,22.21,5.52,66.2,20.72,0.0
2025,8,29,4,2025-08-29 04:00:00,0.0,0.0,22.18,5.36,73.79,18.15,0.0
2025,8,29,5,2025-08-29 05:00:00,0.0,0.0,23.71,4.23,66.62,3.17,0.0
2025,8,29,6,2025-08-29 06:00:00,52.97,43.88,24.56,4.33,73.11,22.89,16.25
2025,8,29,7,2025-08-29 07:00:00,288.29,271.33,25.32,4.46,72.3,7.84,128.16
2025,8,29,8,2025-08-29 08:00:00,507.56,472.49,26.66,3.71,69.15,9.21,225.2
2025,8,29,9,2025-08-29 09:00:00,695.86,680.68,27.89,4.23,62.86,2.91,318.33
2025,8,29,10,2025-08-29 10:00:00,840.35,738.67,29.21,2.4,65.84,16.13,343.75
2025,8,29,11,2025-08-29 11:00:00,931.17,869.9,30.67,3.71,64.02,8.77,411.84
2025,8,29,12,2025-08-29 12:00:00,962.15,923.37,31.36,3.2,57.94,5.37,427.73
2025,8,29,13,2025-08-29 13:00:00,931.17,910.99,31.8,2.66,56.19,2.89,417.63
2025,8,29,14,2025-08-29 14:00:00,840.35,840.35,31.47,1.91,62.44,0.0,390.18
2025,8,29,15,2025-08-29 15:00:00,695.86,654.83,33.8,2.29,51.85,7.86,303.64
2025,8,29,16,2025-08-29 16:00:00,507.56,453.94,32.28,3.35,57.68,14.09,210.28
2025,8,29,17,2025-08-29 17:00:00,288.29,232.84,30.68,1.3,52.75,25.65,110.58
2025,8,29,18,2025-08-29 18:00:00,52.97,42.99,29.8,1.7,60.02,25.11,22.69
2025,8,29,19,2025-08-29 19:00:00,0.0,0.0,31.25,3.85,64.07,0.0,0.0
2025,8,29,20,2025-08-29 20:00:00,0.0,0.0,26.78,2.71,62.34,0.0,0.0
2025,8,29,21,2025-08-29 21:00:00,0.0,0.0,25.6,2.61,68.78,27.08,0.0
2025,8,29,22,2025-08-29 22:00:00,0.0,0.0,26.69,2.49,68.22,0.0,0.0
2025,8,29,23,2025-08-29 23:00:00,0.0,0.0,24.41,2.61,66.12,23.4,0.0
2025,8,30,0,2025-08-30 00:00:00,0.0,0.0,24.08,3.44,68.83,0.0,0.0
2025,8,30,1,2025-08-30 01:00:00,0.0,0.0,22.46,4.48,66.77,0.0,0.0
2025,8,30,2,2025-08-30 02:00:00,0.0,0.0,22.86,3.36,72.9,3.95,0.0
2025,8,30,3,2025-08-30 03:00:00,0.0,0.0,21.2,3.19,73.35,25.91,0.0
2025,8,30,4,2025-08-30 04:00:00,0.0,0.0,21.0,5.1,61.99,16.0,0.0
2025,8,30,5,2025-08-30 05:00:00,0.0,0.0,22.66,3.33,68.99,0.0,0.0
2025,8,30,6,2025-08-30 06:00:00,50.77,44.46,24.1,4.35,66.47,16.56,22.54
2025,8,30,7,2025-08-30 07:00:00,286.43,250.91,24.8,4.19,70.38,16.54,120.95
2025,8,30,8,2025-08-30 08:00:00,506.04,430.33,27.28,4.62,66.02,19.95,209.5
2025,8,30,9,2025-08-30 09:00:00,694.62,679.06,27.01,3.1,64.51,2.99,319.52
2025,8,30,10,2025-08-30 10:00:00,839.32,687.93,28.56,4.64,63.43,24.05,327.11
2025,8,30,11,2025-08-30 11:00:00,930.28,930.28,29.16,5.24,60.8,0.0,438.06
2025,8,30,12,2025-08-30 12:00:00,961.31,961.31,30.91,3.4,57.86,0.0,445.05
2025,8,30,13,2025-08-30 13:00:00,930.28,930.28,31.82,2.14,65.63,0.0,437.38
2025,8,30,14,2025-08-30 14:00:00,839.32,817.22,32.48,4.39,61.84,3.51,384.58
2025,8,30,15,2025-08-30 15:00:00,694.62,694.62,32.46,3.27,60.6,0.0,324.05
2025,8,30,16,2025-08-30 16:00:00,506.04,506.04,32.03,1.49,59.29,0.0,241.35
2025,8,30,17,2025-08-30 17:00:00,286.43,284.55,31.68,1.33,61.11,0.88,129.65
2025,8,30,18,2025-08-30 18:00:00,50.77,43.34,31.08,1.3,63.15,19.52,22.54
2025,8,30,19,2025-08-30 19:00:00,0.0,0.0,29.73,4.55,66.98,23.61,0.0
2025,8,30,20,2025-08-30 20:00:00,0.0,0.0,28.94,4.34,64.75,22.75,0.0
2025,8,30,21,2025-08-30 21:00:00,0.0,0.0,26.88,3.24,60.44,23.67,0.0
2025,8,30,22,2025-08-30 22:00:00,0.0,0.0,25.3,1.94,64.37,0.0,0.0
2025,8,30,23,2025-08-30 23:00:00,0.0,0.0,24.88,3.63,70.53,14.41,0.0
2025,8,31,0,2025-08-31 00:00:00,0.0,0.0,23.01,4.04,65.56,17.01,0.0
2025,8,31,1,2025-08-31 01:00:00,0.0,0.0,22.97,4.64,69.01,15.07,0.0
2025,8,31,2,2025-08-31 02:00:00,0.0,0.0,21.53,3.8,68.73,17.55,0.0
2025,8,31,3,2025-08-31 03:00:00,0.0,0.0,23.15,5.78,75.99,0.41,0.0
2025,8,31,4,2025-08-31 04:00:00,0.0,0.0,22.1,3.93,71.36,23.41,0.0
2025,8,31,5,2025-08-31 05:00:00,0.0,0.0,22.55,4.31,76.67,0.0,0.0
2025,8,31,6,2025-08-31 06:00:00,48.55,48.55,23.01,5.96,66.72,0.0,23.52
2025,8,31,7,2025-08-31 07:00:00,284.56,247.93,24.49,3.32,71.7,17.16,114.4
2025,8,31,8,2025-08-31 08:00:00,504.48,400.73,26.53,4.83,71.08,27.42,196.6
2025,8,31,9,2025-08-31 09:00:00,693.34,690.94,27.51,4.31,59.38,0.46,327.15
2025,8,31,10,2025-08-31 10:00:00,838.25,704.07,28.63,4.47,66.75,21.34,331.32
2025,8,31,11,2025-08-31 11:00:00,929.34,804.42,28.63,4.03,57.48,17.92,379.51
2025,8,31,12,2025-08-31 12:00:00,960.41,868.91,31.36,4.47,61.2,12.7,411.47
2025,8,31,13,2025-08-31 13:00:00,929.34,913.54,31.3,3.26,59.57,2.27,428.23
2025,8,31,14,2025-08-31 14:00:00,838.25,741.56,31.3,3.42,53.68,15.38,351.75
2025,8,31,15,2025-08-31 15:00:00,693.34,612.94,30.67,2.87,59.09,15.46,282.26
2025,8,31,16,2025-08-31 16:00:00,504.48,504.48,31.95,3.36,56.9,0.0,236.36
2025,8,31,17,2025-08-31 17:00:00,284.56,224.17,31.69,2.44,62.32,28.29,102.92
2025,8,31,18,2025-08-31 18:00:00,48.55,48.55,31.28,3.03,63.75,0.0,22.89
2025,8,31,19,2025-08-31 19:00:00,0.0,0.0,29.15,2.63,58.34,26.45,0.0
2025,8,31,20,2025-08-31 20:00:00,0.0,0.0,27.9,1.47,64.05,12.53,0.0
2025,8,31,21,2025-08-31 21:00:00,0.0,0.0,26.05,2.22,62.42,0.0,0.0
2025,8,31,22,2025-08-31 22:00:00,0.0,0.0,26.83,3.14,61.76,20.54,0.0
2025,8,31,23,2025-08-31 23:00:00,0.0,0.0,25.0,5.5,64.45,22.55,0.0
2025,9,1,0,2025-09-01 00:00:00,0.0,0.0,23.05,3.39,69.62,2.88,0.0
2025,9,1,1,2025-09-01 01:00:00,0.0,0.0,22.44,2.82,65.15,25.15,0.0
2025,9,1,2,2025-09-01 02:00:00,0.0,0.0,22.49,3.99,72.0,20.34,0.0
2025,9,1,3,2025-09-01 03:00:00,0.0,0.0,21.6,5.01,71.87,29.19,0.0
2025,9,1,4,2025-09-01 04:00:00,0.0,0.0,22.08,4.78,74.56,11.45,0.0
2025,9,1,5,2025-09-01 05:00:00,0.0,0.0,21.45,2.47,74.8,21.9,0.0
2025,9,1,6,2025-09-01 06:00:00,46.31,35.58,24.21,4.39,68.23,30.91,18.95
2025,9,1,7,2025-09-01 07:00:00,282.65,282.65,24.37,4.66,69.16,0.0,135.55
2025,9,1,8,2025-09-01 08:00:00,502.89,436.06,25.11,4.25,64.85,17.72,213.86
2025,9,1,9,2025-09-01 09:00:00,692.01,546.04,26.74,2.41,64.25,28.13,258.43
2025,9,1,10,2025-09-01 10:00:00,837.13,755.13,28.36,3.42,64.92,13.06,355.7
2025,9,1,11,2025-09-01 11:00:00,928.36,853.54,31.19,4.51,58.84,10.75,396.87
2025,9,1,12,2025-09-01 12:00:00,959.47,959.47,32.09,3.93,63.75,0.0,445.79
2025,9,1,13,2025-09-01 13:00:00,928.36,805.92,31.22,3.4,66.46,17.58,379.19
2025,9,1,14,2025-09-01 14:00:00,837.13,778.06,32.45,2.68,58.59,9.41,358.07
2025,9,1,15,2025-09-01 15:00:00,692.01,538.06,32.07,2.75,56.55,29.66,251.38
2025,9,1,16,2025-09-01 16:00:00,502.89,431.72,32.33,2.48,56.58,18.87,202.59
2025,9,1,17,2025-09-01 17:00:00,282.65,271.7,32.66,2.88,61.85,5.17,123.28
2025,9,1,18,2025-09-01 18:00:00,46.31,40.54,29.22,2.6,63.45,16.6,15.45
2025,9,1,19,2025-09-01 19:00:00,0.0,0.0,28.41,2.23,58.99,16.56,0.0
2025,9,1,20,2025-09-01 20:00:00,0.0,0.0,28.68,5.14,64.74,30.16,0.0
2025,9,1,21,2025-09-01 21:00:00,0.0,0.0,26.46,2.2,69.92,3.2,0.0
2025,9,1,22,2025-09-01 22:00:00,0.0,0.0,25.98,2.2,65.17,0.0,0.0
2025,9,1,23,2025-09-01 23:00:00,0.0,0.0,23.79,2.84,68.97,28.57,0.0
2025,9,2,0,2025-09-02 00:00:00,0.0,0.0,22.61,3.16,72.04,18.01,0.0
2025,9,2,1,2025-09-02 01:00:00,0.0,0.0,23.09,2.66,70.3,14.15,0.0
2025,9,2,2,2025-09-02 02:00:00,0.0,0.0,21.02,3.56,72.53,1.16,0.0
2025,9,2,3,2025-09-02 03:00:00,0.0,0.0,21.92,5.75,69.86,21.7,0.0
2025,9,2,4,2025-09-02 04:00:00,0.0,0.0,22.14,4.52,74.75,14.92,0.0
2025,9,2,5,2025-09-02 05:00:00,0.0,0.0,21.36,5.99,64.2,24.9,0.0
2025,9,2,6,2025-09-02 06:00:00,44.05,36.29,22.29,5.02,75.76,23.49,16.8
2025,9,2,7,2025-09-02 07:00:00,280.73,259.33,23.76,3.69,64.4,10.16,129.12
2025,9,2,8,2025-09-02 08:00:00,501.27,501.27,25.08,4.15,64.34,0.0,238.67
2025,9,2,9,2025-09-02 09:00:00,690.65,565.64,25.45,4.3,60.25,24.14,272.76
2025,9,2,10,2025-09-02 10:00:00,835.97,649.82,27.47,4.89,58.63,29.69,301.04
2025,9,2,11,2025-09-02 11:00:00,927.33,804.43,29.93,3.62,60.02,17.67,378.51
2025,9,2,12,2025-09-02 12:00:00,958.49,829.67,29.83,3.36,63.07,17.92,392.47
2025,9,2,13,2025-09-02 13:00:00,927.33,717.48,31.78,3.22,60.71,30.17,332.45
2025,9,2,14,2025-09-02 14:00:00,835.97,824.95,32.12,2.82,59.05,1.76,378.1
2025,9,2,15,2025-09-02 15:00:00,690.65,635.38,30.87,3.16,60.5,10.67,296.33
2025,9,2,16,2025-09-02 16:00:00,501.27,404.96,32.17,3.84,61.32,25.62,187.73
2025,9,2,17,2025-09-02 17:00:00,280.73,258.04,30.96,2.06,57.27,10.77,117.06
2025,9,2,18,2025-09-02 18:00:00,44.05,41.53,29.0,2.39,64.38,7.63,26.2
2025,9,2,19,2025-09-02 19:00:00,0.0,0.0,29.53,2.62,60.23,29.4,0.0
2025,9,2,20,2025-09-02 20:00:00,0.0,0.0,27.39,2.47,61.85,10.23,0.0
2025,9,2,21,2025-09-02 21:00:00,0.0,0.0,26.19,2.25,63.53,26.54,0.0
2025,9,2,22,2025-09-02 22:00:00,0.0,0.0,25.21,3.19,68.8,29.66,0.0
2025,9,2,23,2025-09-02 23:00:00,0.0,0.0,24.93,3.07,68.56,0.0,0.0
2025,9,3,0,2025-09-03 00:00:00,0.0,0.0,24.21,3.43,67.82,6.08,0.0
2025,9,3,1,2025-09-03 01:00:00,0.0,0.0,21.17,4.42,72.1,6.56,0.0
2025,9,3,2,2025-09-03 02:00:00,0.0,0.0,23.38,4.63,70.55,3.82,0.0
2025,9,3,3,2025-09-03 03:00:00,0.0,0.0,20.72,5.53,73.66,20.35,0.0
2025,9,3,4,2025-09-03 04:00:00,0.0,0.0,21.28,3.57,65.92,0.71,0.0
2025,9,3,5,2025-09-03 05:00:00,0.0,0.0,23.11,5.05,70.02,23.55,0.0
2025,9,3,6,2025-09-03 06:00:00,41.78,41.78,23.79,3.74,68.04,0.0,17.33
2025,9,3,7,2025-09-03 07:00:00,278.77,242.3,24.25,3.93,65.54,17.44,111.33
2025,9,3,8,2025-09-03 08:00:00,499.61,401.75,24.88,5.72,72.45,26.12,194.43
2025,9,3,9,2025-09-03 09:00:00,689.26,562.49,26.24,3.48,62.25,24.52,266.81
2025,9,3,10,2025-09-03 10:00:00,834.77,834.77,28.36,2.48,62.01,0.0,397.36
2025,9,3,11,2025-09-03 11:00:00,926.25,789.32,28.57,3.23,65.9,19.71,373.26
2025,9,3,12,2025-09-03 12:00:00,957.45,818.73,29.52,5.0,54.92,19.32,382.05
2025,9,3,13,2025-09-03 13:00:00,926.25,798.04,30.8,3.92,59.66,18.46,375.19
2025,9,3,14,2025-09-03 14:00:00,834.77,676.04,31.7,1.63,54.68,25.35,313.25
2025,9,3,15,2025-09-03 15:00:00,689.26,649.71,32.2,2.39,61.64,7.65,301.37
2025,9,3,16,2025-09-03 16:00:00,499.61,407.52,30.44,2.12,59.75,24.58,194.28
2025,9,3,17,2025-09-03 17:00:00,278.77,260.94,31.93,2.01,57.63,8.53,117.81
2025,9,3,18,2025-09-03 18:00:00,41.78,41.78,29.84,2.69,63.8,0.0,14.34
2025,9,3,19,2025-09-03 19:00:00,0.0,0.0,28.78,2.22,65.25,23.09,0.0
2025,9,3,20,2025-09-03 20:00:00,0.0,0.0,28.13,2.97,67.0,1.96,0.0
2025,9,3,21,2025-09-03 21:00:00,0.0,0.0,26.71,2.13,59.49,17.99,0.0
2025,9,3,22,2025-09-03 22:00:00,0.0,0.0,26.96,2.5,63.32,22.45,0.0
2025,9,3,23,2025-09-03 23:00:00,0.0,0.0,24.78,1.4,70.82,18.31,0.0
2025,9,4,0,2025-09-04 00:00:00,0.0,0.0,21.52,2.93,66.69,13.9,0.0
2025,9,4,1,2025-09-04 01:00:00,0.0,0.0,21.69,3.57,73.16,33.49,0.0
2025,9,4,2,2025-09-04 02:00:00,0.0,0.0,22.46,4.41,67.92,31.66,0.0
2025,9,4,3,2025-09-04 03:00:00,0.0,0.0,21.29,4.54,70.45,18.26,0.0
2025,9,4,4,2025-09-04 04:00:00,0.0,0.0,21.73,3.23,67.49,18.36,0.0
2025,9,4,5,2025-09-04 05:00:00,0.0,0.0,22.4,3.97,68.61,26.66,0.0
2025,9,4,6,2025-09-04 06:00:00,39.49,33.37,23.84,3.55,70.41,20.65,17.27
2025,9,4,7,2025-09-04 07:00:00,276.79,233.1,23.82,5.55,67.24,21.05,112.91
2025,9,4,8,2025-09-04 08:00:00,497.93,409.75,24.84,4.32,68.9,23.61,199.87
2025,9,4,9,2025-09-04 09:00:00,687.82,535.8,25.21,4.71,64.36,29.47,251.35
2025,9,4,10,2025-09-04 10:00:00,833.53,818.53,27.76,3.17,64.31,2.4,386.04
2025,9,4,11,2025-09-04 11:00:00,925.12,925.12,29.72,3.64,67.02,0.0,437.54
2025,9,4,12,2025-09-04 12:00:00,956.36,729.77,30.36,2.02,59.33,31.59,346.4
2025,9,4,13,2025-09-04 13:00:00,925.12,908.45,30.65,5.19,60.03,2.4,426.31
2025,9,4,14,2025-09-04 14:00:00,833.53,675.54,30.5,3.1,55.35,25.27,317.6
2025,9,4,15,2025-09-04 15:00:00,687.82,513.8,32.12,1.64,56.96,33.73,241.72
2025,9,4,16,2025-09-04 16:00:00,497.93,402.32,31.62,1.7,58.35,25.6,181.74
2025,9,4,17,2025-09-04 17:00:00,276.79,243.52,31.49,1.85,60.3,16.03,108.71
2025,9,4,18,2025-09-04 18:00:00,39.49,34.37,29.99,2.13,66.07,17.29,21.89
2025,9,4,19,2025-09-04 19:00:00,0.0,0.0,30.83,1.59,64.26,0.24,0.0
2025,9,4,20,2025-09-04 20:00:00,0.0,0.0,26.79,2.54,65.13,4.85,0.0
2025,9,4,21,2025-09-04 21:00:00,0.0,0.0,26.52,2.04,65.0,7.27,0.0
2025,9,4,22,2025-09-04 22:00:00,0.0,0.0,24.92,2.12,69.84,21.55,0.0
2025,9,4,23,2025-09-04 23:00:00,0.0,0.0,23.36,2.68,68.47,4.98,0.0
2025,9,5,0,2025-09-05 00:00:00,0.0,0.0,22.94,4.35,67.39,16.4,0.0
2025,9,5,1,2025-09-05 01:00:00,0.0,0.0,22.74,4.3,76.33,11.8,0.0
2025,9,5,2,2025-09-05 02:00:00,0.0,0.0,22.4,4.73,68.31,26.6,0.0
2025,9,5,3,2025-09-05 03:00:00,0.0,0.0,20.63,3.36,73.34,5.01,0.0
2025,9,5,4,2025-09-05 04:00:00,0.0,0.0,22.03,4.85,71.91,26.27,0.0
2025,9,5,5,2025-09-05 05:00:00,0.0,0.0,21.34,4.34,69.12,23.98,0.0
2025,9,5,6,2025-09-05 06:00:00,37.18,29.98,22.9,4.51,69.75,25.84,15.47
2025,9,5,7,2025-09-05 07:00:00,274.79,240.81,25.63,4.03,75.28,16.49,119.59
2025,9,5,8,2025-09-05 08:00:00,496.21,393.77,26.98,4.51,65.82,27.53,189.37
2025,9,5,9,2025-09-05 09:00:00,686.34,606.53,26.49,3.38,65.6,15.5,286.85
2025,9,5,10,2025-09-05 10:00:00,832.23,819.42,27.04,4.7,65.77,2.05,390.78
2025,9,5,11,2025-09-05 11:00:00,923.95,687.53,29.08,4.12,65.71,34.12,325.8
2025,9,5,12,2025-09-05 12:00:00,955.23,838.08,29.48,2.5,54.44,16.35,400.09
2025,9,5,13,2025-09-05 13:00:00,923.95,730.03,30.58,3.27,61.35,27.98,343.92
2025,9,5,14,2025-09-05 14:00:00,832.23,635.02,31.09,1.96,57.89,31.6,293.66
2025,9,5,15,2025-09-05 15:00:00,686.34,650.95,31.29,2.72,62.11,6.88,306.29
2025,9,5,16,2025-09-05 16:00:00,496.21,474.98,31.45,2.59,59.26,5.7,228.98
2025,9,5,17,2025-09-05 17:00:00,274.79,249.55,31.09,2.36,59.27,12.25,119.94
2025,9,5,18,2025-09-05 18:00:00,37.18,34.42,28.46,2.26,61.43,9.91,14.29
2025,9,5,19,2025-09-05 19:00:00,0.0,0.0,29.14,1.67,64.76,26.98,0.0
2025,9,5,20,2025-09-05 20:00:00,0.0,0.0,28.51,3.52,66.26,18.23,0.0
2025,9,5,21,2025-09-05 21:00:00,0.0,0.0,27.62,2.38,68.96,33.19,0.0
2025,9,5,22,2025-09-05 22:00:00,0.0,0.0,25.09,3.53,67.72,19.16,0.0
2025,9,5,23,2025-09-05 23:00:00,0.0,0.0,23.03,4.65,68.58,8.6,0.0
2025,9,6,0,2025-09-06 00:00:00,0.0,0.0,21.72,3.48,67.33,16.74,0.0
2025,9,6,1,2025-09-06 01:00:00,0.0,0.0,22.6,3.43,73.06,10.77,0.0
2025,9,6,2,2025-09-06 02:00:00,0.0,0.0,20.46,4.12,72.14,2.1,0.0
2025,9,6,3,2025-09-06 03:00:00,0.0,0.0,21.06,5.55,65.43,32.12,0.0
2025,9,6,4,2025-09-06 04:00:00,0.0,0.0,21.66,6.02,70.83,12.95,0.0
2025,9,6,5,2025-09-06 05:00:00,0.0,0.0,21.53,5.08,72.66,19.69,0.0
2025,9,6,6,2025-09-06 06:00:00,34.86,30.51,23.02,4.11,71.3,16.64,15.15
2025,9,6,7,2025-09-06 07:00:00,272.77,216.18,24.7,3.95,72.19,27.66,102.3
2025,9,6,8,2025-09-06 08:00:00,494.45,358.54,24.65,4.75,71.13,36.65,170.29
2025,9,6,9,2025-09-06 09:00:00,684.82,642.06,26.9,4.4,64.0,8.33,303.83
2025,9,6,10,2025-09-06 10:00:00,830.9,613.77,27.35,3.68,66.31,34.84,289.83
2025,9,6,11,2025-09-06 11:00:00,922.72,783.59,28.52,4.77,62.26,20.11,369.73
2025,9,6,12,2025-09-06 12:00:00,954.04,827.76,30.56,3.24,58.81,17.65,383.88
2025,9,6,13,2025-09-06 13:00:00,922.72,789.42,33.65,3.26,60.23,19.26,360.42
2025,9,6,14,2025-09-06 14:00:00,830.9,712.76,30.48,3.91,60.66,18.96,335.56
2025,9,6,15,2025-09-06 15:00:00,684.82,667.09,29.36,2.22,58.7,3.45,310.2
2025,9,6,16,2025-09-06 16:00:00,494.45,359.02,30.43,1.32,62.39,36.52,170.67
2025,9,6,17,2025-09-06 17:00:00,272.77,224.74,30.8,2.07,62.61,23.48,111.29
2025,9,6,18,2025-09-06 18:00:00,34.86,29.52,30.65,2.73,62.51,20.44,16.01
2025,9,6,19,2025-09-06 19:00:00,0.0,0.0,28.44,1.23,56.94,31.68,0.0
2025,9,6,20,2025-09-06 20:00:00,0.0,0.0,27.13,2.76,59.82,31.76,0.0
2025,9,6,21,2025-09-06 21:00:00,0.0,0.0,26.73,1.88,63.99,35.51,0.0
2025,9,6,22,2025-09-06 22:00:00,0.0,0.0,24.92,2.09,64.56,19.54,0.0
2025,9,6,23,2025-09-06 23:00:00,0.0,0.0,24.01,5.2,67.86,32.23,0.0
2025,9,7,0,2025-09-07 00:00:00,0.0,0.0,22.94,3.48,71.86,32.01,0.0
2025,9,7,1,2025-09-07 01:00:00,0.0,0.0,22.46,3.58,71.38,34.31,0.0
2025,9,7,2,2025-09-07 02:00:00,0.0,0.0,21.5,3.6,67.81,37.22,0.0
2025,9,7,3,2025-09-07 03:00:00,0.0,0.0,19.55,5.4,71.41,8.12,0.0
2025,9,7,4,2025-09-07 04:00:00,0.0,0.0,22.89,5.05,72.52,34.34,0.0
2025,9,7,5,2025-09-07 05:00:00,0.0,0.0,20.71,5.32,67.2,14.22,0.0
2025,9,7,6,2025-09-07 06:00:00,32.53,24.14,23.32,3.97,73.79,34.37,14.81
2025,9,7,7,2025-09-07 07:00:00,270.72,214.55,24.68,4.17,67.05,27.66,105.31
2025,9,7,8,2025-09-07 08:00:00,492.67,456.54,25.28,5.81,71.8,9.78,220.15
2025,9,7,9,2025-09-07 09:00:00,683.27,512.79,26.51,4.44,60.35,33.27,245.0
2025,9,7,10,2025-09-07 10:00:00,829.52,746.14,27.35,4.06,62.38,13.4,357.12
2025,9,7,11,2025-09-07 11:00:00,921.45,797.11,29.48,3.06,67.19,17.99,376.39
2025,9,7,12,2025-09-07 12:00:00,952.81,840.87,29.41,3.43,62.09,15.66,392.02
2025,9,7,13,2025-09-07 13:00:00,921.45,669.71,31.53,2.31,55.96,36.43,314.04
2025,9,7,14,2025-09-07 14:00:00,829.52,754.69,30.88,2.34,56.37,12.03,351.31
2025,9,7,15,2025-09-07 15:00:00,683.27,644.8,32.26,3.08,61.31,7.51,301.29
2025,9,7,16,2025-09-07 16:00:00,492.67,461.48,30.17,2.03,55.29,8.44,215.52
2025,9,7,17,2025-09-07 17:00:00,270.72,229.34,30.71,2.02,59.22,20.38,111.64
2025,9,7,18,2025-09-07 18:00:00,32.53,30.77,29.77,1.15,61.89,7.19,12.41
2025,9,7,19,2025-09-07 19:00:00,0.0,0.0,26.86,2.95,62.72,37.77,0.0
2025,9,7,20,2025-09-07 20:00:00,0.0,0.0,27.28,1.68,63.25,16.09,0.0
2025,9,7,21,2025-09-07 21:00:00,0.0,0.0,25.47,2.87,68.4,10.83,0.0
2025,9,7,22,2025-09-07 22:00:00,0.0,0.0,25.56,3.6,62.26,10.86,0.0
2025,9,7,23,2025-09-07 23:00:00,0.0,0.0,24.91,2.86,67.31,20.22,0.0
2025,9,8,0,2025-09-08 00:00:00,0.0,0.0,23.89,2.83,67.14,27.86,0.0
2025,9,8,1,2025-09-08 01:00:00,0.0,0.0,23.25,3.75,65.52,35.97,0.0
2025,9,8,2,2025-09-08 02:00:00,0.0,0.0,21.56,4.32,73.51,39.2,0.0
2025,9,8,3,2025-09-08 03:00:00,0.0,0.0,21.52,4.07,67.89,17.5,0.0
2025,9,8,4,2025-09-08 04:00:00,0.0,0.0,21.52,4.56,66.31,33.49,0.0
2025,9,8,5,2025-09-08 05:00:00,0.0,0.0,20.36,4.65,70.35,15.16,0.0
2025,9,8,6,2025-09-08 06:00:00,30.18,23.25,22.52,4.75,74.97,30.62,5.64
2025,9,8,7,2025-09-08 07:00:00,268.64,211.37,22.96,4.35,67.76,28.42,98.17
2025,9,8,8,2025-09-08 08:00:00,490.85,382.2,24.76,4.08,70.6,29.51,180.84
2025,9,8,9,2025-09-08 09:00:00,681.67,583.23,25.0,4.3,61.2,19.25,278.35
2025,9,8,10,2025-09-08 10:00:00,828.09,586.48,26.44,3.22,67.53,38.9,286.21
2025,9,8,11,2025-09-08 11:00:00,920.13,677.25,29.91,3.42,63.04,35.19,319.02
2025,9,8,12,2025-09-08 12:00:00,951.53,865.53,29.63,3.74,59.96,12.05,406.8
2025,9,8,13,2025-09-08 13:00:00,920.13,707.29,30.13,3.05,68.01,30.84,326.66
2025,9,8,14,2025-09-08 14:00:00,828.09,660.19,31.77,1.75,61.82,27.03,309.35
2025,9,8,15,2025-09-08 15:00:00,681.67,561.72,28.37,1.86,60.15,23.46,265.65
2025,9,8,16,2025-09-08 16:00:00,490.85,450.39,30.78,1.75,58.13,10.99,208.32
2025,9,8,17,2025-09-08 17:00:00,268.64,244.52,31.08,1.37,61.52,11.97,110.76
2025,9,8,18,2025-09-08 18:00:00,30.18,22.45,28.49,1.55,63.4,34.13,15.15
2025,9,8,19,2025-09-08 19:00:00,0.0,0.0,28.47,0.68,63.46,25.12,0.0
2025,9,8,20,2025-09-08 20:00:00,0.0,0.0,27.56,2.32,61.72,32.0,0.0
2025,9,8,21,2025-09-08 21:00:00,0.0,0.0,26.76,2.51,61.63,8.28,0.0
2025,9,8,22,2025-09-08 22:00:00,0.0,0.0,24.47,3.89,62.28,24.21,0.0
2025,9,8,23,2025-09-08 23:00:00,0.0,0.0,23.22,2.63,69.54,39.06,0.0
2025,9,9,0,2025-09-09 00:00:00,0.0,0.0,22.07,3.49,66.26,14.48,0.0
2025,9,9,1,2025-09-09 01:00:00,0.0,0.0,21.22,2.89,66.54,38.49,0.0
2025,9,9,2,2025-09-09 02:00:00,0.0,0.0,21.66,3.08,70.34,40.6,0.0
2025,9,9,3,2025-09-09 03:00:00,0.0,0.0,20.94,4.86,72.43,10.01,0.0
2025,9,9,4,2025-09-09 04:00:00,0.0,0.0,21.69,4.62,62.83,10.49,0.0
2025,9,9,5,2025-09-09 05:00:00,0.0,0.0,22.89,5.03,70.21,32.63,0.0
2025,9,9,6,2025-09-09 06:00:00,27.82,21.06,23.14,4.1,70.55,32.42,12.44
2025,9,9,7,2025-09-09 07:00:00,266.55,214.03,22.86,3.09,70.55,26.27,104.63
2025,9,9,8,2025-09-09 08:00:00,489.01,438.63,23.84,3.8,66.06,13.74,214.55
2025,9,9,9,2025-09-09 09:00:00,680.03,620.16,26.47,4.47,58.09,11.74,292.83
2025,9,9,10,2025-09-09 10:00:00,826.62,787.08,27.11,4.79,68.6,6.38,371.6
2025,9,9,11,2025-09-09 11:00:00,918.76,653.79,28.41,2.96,58.34,38.45,304.71
2025,9,9,12,2025-09-09 12:00:00,950.19,807.36,30.06,4.4,60.73,20.04,379.44
2025,9,9,13,2025-09-09 13:00:00,918.76,864.34,28.87,1.93,58.2,7.9,407.0
2025,9,9,14,2025-09-09 14:00:00,826.62,580.95,31.67,3.08,55.25,39.63,270.55
2025,9,9,15,2025-09-09 15:00:00,680.03,553.4,30.97,2.21,60.02,24.83,255.43
2025,9,9,16,2025-09-09 16:00:00,489.01,372.98,31.77,2.57,61.19,31.63,171.6
2025,9,9,17,2025-09-09 17:00:00,266.55,189.65,29.56,2.8,63.23,38.47,96.46
2025,9,9,18,2025-09-09 18:00:00,27.82,19.4,29.81,1.59,62.91,40.35,6.02
2025,9,9,19,2025-09-09 19:00:00,0.0,0.0,29.6,1.59,63.21,36.72,0.0
2025,9,9,20,2025-09-09 20:00:00,0.0,0.0,27.67,2.03,61.81,17.48,0.0
2025,9,9,21,2025-09-09 21:00:00,0.0,0.0,26.32,1.07,67.17,27.59,0.0
2025,9,9,22,2025-09-09 22:00:00,0.0,0.0,25.6,3.38,65.83,36.89,0.0
2025,9,9,23,2025-09-09 23:00:00,0.0,0.0,23.12,3.94,68.0,40.48,0.0
2025,9,10,0,2025-09-10 00:00:00,0.0,0.0,20.78,5.84,70.26,33.29,0.0
2025,9,10,1,2025-09-10 01:00:00,0.0,0.0,22.17,4.11,67.2,8.35,0.0
2025,9,10,2,2025-09-10 02:00:00,0.0,0.0,20.39,2.93,70.2,16.57,0.0
2025,9,10,3,2025-09-10 03:00:00,0.0,0.0,20.23,5.85,73.77,39.79,0.0
2025,9,10,4,2025-09-10 04:00:00,0.0,0.0,21.4,3.3,68.22,17.13,0.0
2025,9,10,5,2025-09-10 05:00:00,0.0,0.0,22.85,5.45,71.93,11.91,0.0
2025,9,10,6,2025-09-10 06:00:00,25.45,22.87,23.33,3.7,66.83,13.5,14.1
2025,9,10,7,2025-09-10 07:00:00,264.43,241.89,23.13,4.12,63.36,11.36,119.68
2025,9,10,8,2025-09-10 08:00:00,487.13,391.73,24.54,4.13,63.91,26.11,186.4
2025,9,10,9,2025-09-10 09:00:00,678.36,576.98,26.52,3.57,67.54,19.93,274.51
2025,9,10,10,2025-09-10 10:00:00,825.1,720.44,28.06,4.17,63.49,16.91,342.62
2025,9,10,11,2025-09-10 11:00:00,917.34,784.13,27.54,2.73,65.77,19.36,374.87
2025,9,10,12,2025-09-10 12:00:00,948.81,831.87,29.31,4.52,58.51,16.43,394.23
2025,9,10,13,2025-09-10 13:00:00,917.34,673.44,32.9,2.69,56.57,35.45,315.89
2025,9,10,14,2025-09-10 14:00:00,825.1,766.21,30.54,3.8,61.74,9.52,356.39
2025,9,10,15,2025-09-10 15:00:00,678.36,602.86,31.19,2.36,58.06,14.84,279.01
2025,9,10,16,2025-09-10 16:00:00,487.13,421.43,30.44,1.71,60.81,17.98,196.53
2025,9,10,17,2025-09-10 17:00:00,264.43,196.55,28.61,2.15,56.19,34.23,92.26
2025,9,10,18,2025-09-10 18:00:00,25.45,18.1,29.21,3.11,63.3,38.47,4.4
2025,9,10,19,2025-09-10 19:00:00,0.0,0.0,28.85,3.06,63.47,31.68,0.0
2025,9,10,20,2025-09-10 20:00:00,0.0,0.0,29.12,2.19,64.14,11.81,0.0
2025,9,10,21,2025-09-10 21:00:00,0.0,0.0,27.21,2.03,65.64,38.16,0.0
2025,9,10,22,2025-09-10 22:00:00,0.0,0.0,24.44,2.75,69.51,26.27,0.0
2025,9,10,23,2025-09-10 23:00:00,0.0,0.0,23.59,2.07,66.46,8.25,0.0
2025,9,11,0,2025-09-11 00:00:00,0.0,0.0,21.54,4.51,69.52,29.07,0.0
2025,9,11,1,2025-09-11 01:00:00,0.0,0.0,20.64,4.05,72.06,18.36,0.0
2025,9,11,2,2025-09-11 02:00:00,0.0,0.0,20.48,3.81,66.47,23.8,0.0
2025,9,11,3,2025-09-11 03:00:00,0.0,0.0,21.5,4.52,74.69,15.69,0.0
2025,9,11,4,2025-09-11 04:00:00,0.0,0.0,20.82,5.25,68.58,40.9,0.0
2025,9,11,5,2025-09-11 05:00:00,0.0,0.0,21.81,4.74,68.57,16.26,0.0
2025,9,11,6,2025-09-11 06:00:00,23.06,16.0,22.7,5.0,70.06,40.85,6.32
2025,9,11,7,2025-09-11 07:00:00,262.29,232.36,23.28,4.46,66.58,15.22,111.95
2025,9,11,8,2025-09-11 08:00:00,485.22,330.04,25.03,3.94,67.41,42.64,156.38
2025,9,11,9,2025-09-11 09:00:00,676.65,542.86,25.27,3.45,72.15,26.36,258.95
2025,9,11,10,2025-09-11 10:00:00,823.54,676.56,26.96,4.26,61.97,23.8,321.21
2025,9,11,11,2025-09-11 11:00:00,915.88,783.46,28.33,4.48,58.99,19.28,367.69
2025,9,11,12,2025-09-11 12:00:00,947.37,880.65,29.3,4.05,57.44,9.39,413.25
2025,9,11,13,2025-09-11 13:00:00,915.88,634.8,31.63,2.12,54.32,40.92,299.27
2025,9,11,14,2025-09-11 14:00:00,823.54,602.75,30.61,2.76,58.95,35.75,280.01
2025,9,11,15,2025-09-11 15:00:00,676.65,521.59,31.59,1.46,61.04,30.55,245.72
2025,9,11,16,2025-09-11 16:00:00,485.22,341.64,30.26,1.36,60.36,39.45,163.57
2025,9,11,17,2025-09-11 17:00:00,262.29,204.14,31.13,2.95,56.34,29.56,95.86
2025,9,11,18,2025-09-11 18:00:00,23.06,17.88,29.86,1.45,58.1,29.96,5.15
2025,9,11,19,2025-09-11 19:00:00,0.0,0.0,29.5,3.03,62.54,22.04,0.0
2025,9,11,20,2025-09-11 20:00:00,0.0,0.0,27.41,4.18,63.24,28.18,0.0
2025,9,11,21,2025-09-11 21:00:00,0.0,0.0,26.29,2.83,63.99,8.87,0.0
2025,9,11,22,2025-09-11 22:00:00,0.0,0.0,26.69,4.09,64.83,39.84,0.0
2025,9,11,23,2025-09-11 23:00:00,0.0,0.0,23.58,3.11,67.71,19.5,0.0
2025,9,12,0,2025-09-12 00:00:00,0.0,0.0,22.2,4.71,66.56,23.5,0.0
2025,9,12,1,2025-09-12 01:00:00,0.0,0.0,20.62,3.89,71.0,43.72,0.0
2025,9,12,2,2025-09-12 02:00:00,0.0,0.0,20.42,4.43,68.75,32.33,0.0
2025,9,12,3,2025-09-12 03:00:00,0.0,0.0,21.09,4.67,67.3,30.04,0.0
2025,9,12,4,2025-09-12 04:00:00,0.0,0.0,22.26,3.3,73.18,35.35,0.0
2025,9,12,5,2025-09-12 05:00:00,0.0,0.0,23.24,4.3,72.69,40.44,0.0
2025,9,12,6,2025-09-12 06:00:00,20.67,17.04,21.99,5.2,70.16,23.43,17.85
2025,9,12,7,2025-09-12 07:00:00,260.13,224.03,23.26,4.2,69.58,18.5,103.59
2025,9,12,8,2025-09-12 08:00:00,483.28,357.11,24.9,4.13,65.46,34.81,168.92
2025,9,12,9,2025-09-12 09:00:00,674.89,600.81,25.4,3.79,63.14,14.64,284.88
2025,9,12,10,2025-09-12 10:00:00,821.93,629.38,27.62,4.35,65.93,31.23,306.94
2025,9,12,11,2025-09-12 11:00:00,914.36,757.75,27.68,3.22,65.35,22.84,356.13
2025,9,12,12,2025-09-12 12:00:00,945.88,768.87,29.58,3.69,56.82,24.95,365.58
2025,9,12,13,2025-09-12 13:00:00,914.36,741.56,30.5,4.22,62.14,25.2,342.38
2025,9,12,14,2025-09-12 14:00:00,821.93,605.5,29.92,3.79,55.25,35.11,284.7
2025,9,12,15,2025-09-12 15:00:00,674.89,563.43,31.23,3.46,62.34,22.02,265.13
2025,9,12,16,2025-09-12 16:00:00,483.28,446.81,30.28,1.53,60.13,10.06,205.96
2025,9,12,17,2025-09-12 17:00:00,260.13,234.02,29.45,2.5,61.05,13.39,111.41
2025,9,12,18,2025-09-12 18:00:00,20.67,14.71,29.92,2.55,61.44,38.45,6.91
2025,9,12,19,2025-09-12 19:00:00,0.0,0.0,28.56,3.63,65.39,13.18,0.0
2025,9,12,20,2025-09-12 20:00:00,0.0,0.0,26.77,2.14,64.18,38.98,0.0
2025,9,12,21,2025-09-12 21:00:00,0.0,0.0,26.94,4.94,64.54,34.8,0.0
2025,9,12,22,2025-09-12 22:00:00,0.0,0.0,24.93,2.03,68.87,13.45,0.0
2025,9,12,23,2025-09-12 23:00:00,0.0,0.0,23.62,2.08,70.23,17.25,0.0
2025,9,13,0,2025-09-13 00:00:00,0.0,0.0,20.37,5.2,71.65,16.8,0.0
2025,9,13,1,2025-09-13 01:00:00,0.0,0.0,20.16,3.35,72.59,33.86,0.0
2025,9,13,2,2025-09-13 02:00:00,0.0,0.0,21.06,4.01,69.71,42.8,0.0
2025,9,13,3,2025-09-13 03:00:00,0.0,0.0,20.13,4.12,69.91,44.85,0.0
2025,9,13,4,2025-09-13 04:00:00,0.0,0.0,21.21,2.72,71.87,33.02,0.0
2025,9,13,5,2025-09-13 05:00:00,0.0,0.0,21.57,4.88,72.4,23.35,0.0
2025,9,13,6,2025-09-13 06:00:00,18.26,13.76,22.07,5.99,72.53,32.9,13.93
2025,9,13,7,2025-09-13 07:00:00,257.95,185.96,23.29,5.42,64.9,37.21,89.62
2025,9,13,8,2025-09-13 08:00:00,481.31,376.71,24.1,3.09,68.05,28.97,185.12
2025,9,13,9,2025-09-13 09:00:00,673.1,552.22,25.86,5.7,69.32,23.95,259.86
2025,9,13,10,2025-09-13 10:00:00,820.28,596.03,26.67,5.17,62.61,36.45,283.06
2025,9,13,11,2025-09-13 11:00:00,912.79,754.81,28.01,4.25,60.88,23.08,355.16
2025,9,13,12,2025-09-13 12:00:00,944.35,743.7,29.48,4.16,61.91,28.33,346.66
2025,9,13,13,2025-09-13 13:00:00,912.79,693.35,29.69,3.27,63.06,32.05,324.43
2025,9,13,14,2025-09-13 14:00:00,820.28,547.44,31.22,2.0,56.95,44.35,253.56
2025,9,13,15,2025-09-13 15:00:00,673.1,504.05,29.13,2.03,55.66,33.49,236.89
2025,9,13,16,2025-09-13 16:00:00,481.31,396.77,30.05,1.53,63.19,23.42,187.66
2025,9,13,17,2025-09-13 17:00:00,257.95,232.36,29.58,3.02,62.16,13.23,108.32
2025,9,13,18,2025-09-13 18:00:00,18.26,13.39,29.69,2.16,64.09,35.56,7.27
2025,9,13,19,2025-09-13 19:00:00,0.0,0.0,29.38,2.46,59.49,38.93,0.0
2025,9,13,20,2025-09-13 20:00:00,0.0,0.0,25.53,4.04,64.13,15.22,0.0
2025,9,13,21,2025-09-13 21:00:00,0.0,0.0,26.39,3.56,63.96,41.49,0.0
2025,9,13,22,2025-09-13 22:00:00,0.0,0.0,22.65,2.01,66.83,33.99,0.0
2025,9,13,23,2025-09-13 23:00:00,0.0,0.0,21.97,4.09,64.9,38.07,0.0
2025,9,14,0,2025-09-14 00:00:00,0.0,0.0,22.05,3.62,73.91,44.16,0.0
2025,9,14,1,2025-09-14 01:00:00,0.0,0.0,21.18,3.05,68.1,41.74,0.0
2025,9,14,2,2025-09-14 02:00:00,0.0,0.0,20.18,2.97,73.52,28.09,0.0
2025,9,14,3,2025-09-14 03:00:00,0.0,0.0,19.76,4.45,72.0,20.81,0.0
2025,9,14,4,2025-09-14 04:00:00,0.0,0.0,20.23,4.96,73.7,13.53,0.0
2025,9,14,5,2025-09-14 05:00:00,0.0,0.0,22.52,3.98,74.67,12.9,0.0
2025,9,14,6,2025-09-14 06:00:00,15.85,11.63,22.57,4.53,70.49,35.49,3.08
2025,9,14,7,2025-09-14 07:00:00,255.75,231.86,23.26,4.89,64.65,12.45,115.06
2025,9,14,8,2025-09-14 08:00:00,479.31,352.62,24.35,6.18,64.39,35.24,167.53
2025,9,14,9,2025-09-14 09:00:00,671.28,553.41,24.06,3.44,70.38,23.41,267.29
2025,9,14,10,2025-09-14 10:00:00,818.58,659.88,27.81,4.52,61.22,25.85,314.11
2025,9,14,11,2025-09-14 11:00:00,911.18,678.02,28.74,2.69,59.95,34.12,320.54
2025,9,14,12,2025-09-14 12:00:00,942.76,672.98,28.77,4.12,60.07,38.16,320.76
2025,9,14,13,2025-09-14 13:00:00,911.18,640.06,30.31,3.81,58.58,39.67,302.52
2025,9,14,14,2025-09-14 14:00:00,818.58,592.67,29.48,3.71,59.77,36.8,283.28
2025,9,14,15,2025-09-14 15:00:00,671.28,555.82,30.69,1.03,64.01,22.93,263.91
2025,9,14,16,2025-09-14 16:00:00,479.31,421.49,30.78,2.93,57.04,16.08,198.38
2025,9,14,17,2025-09-14 17:00:00,255.75,192.48,29.87,2.11,63.13,32.99,82.7
2025,9,14,18,2025-09-14 18:00:00,15.85,10.92,29.05,1.83,61.21,41.46,13.8
2025,9,14,19,2025-09-14 19:00:00,0.0,0.0,27.16,2.28,58.38,22.89,0.0
2025,9,14,20,2025-09-14 20:00:00,0.0,0.0,27.25,3.91,64.37,15.57,0.0
2025,9,14,21,2025-09-14 21:00:00,0.0,0.0,25.95,2.16,63.34,46.27,0.0
2025,9,14,22,2025-09-14 22:00:00,0.0,0.0,24.0,2.49,66.51,21.86,0.0
2025,9,14,23,2025-09-14 23:00:00,0.0,0.0,23.79,3.36,73.45,34.12,0.0
2025,9,15,0,2025-09-15 00:00:00,0.0,0.0,21.96,4.14,64.87,26.91,0.0
2025,9,15,1,2025-09-15 01:00:00,0.0,0.0,21.5,3.98,69.75,30.93,0.0
2025,9,15,2,2025-09-15 02:00:00,0.0,0.0,20.21,4.52,71.03,25.16,0.0
2025,9,15,3,2025-09-15 03:00:00,0.0,0.0,19.55,2.49,69.85,41.02,0.0
2025,9,15,4,2025-09-15 04:00:00,0.0,0.0,20.43,4.58,71.17,47.2,0.0
2025,9,15,5,2025-09-15 05:00:00,0.0,0.0,21.67,5.06,69.84,25.97,0.0
2025,9,15,6,2025-09-15 06:00:00,13.43,12.04,21.74,3.45,71.74,13.82,7.13
2025,9,15,7,2025-09-15 07:00:00,253.53,186.45,22.4,6.94,67.26,35.28,91.21
2025,9,15,8,2025-09-15 08:00:00,477.28,373.37,25.82,3.66,63.32,29.03,178.9
2025,9,15,9,2025-09-15 09:00:00,669.41,568.57,25.62,2.31,62.61,20.08,275.87
2025,9,15,10,2025-09-15 10:00:00,816.84,564.87,27.15,4.21,57.91,41.13,267.98
2025,9,15,11,2025-09-15 11:00:00,909.52,653.59,27.96,4.31,62.55,37.52,311.63
2025,9,15,12,2025-09-15 12:00:00,941.13,762.66,29.18,3.58,60.27,25.28,362.91
2025,9,15,13,2025-09-15 13:00:00,909.52,732.05,29.29,3.51,62.26,26.02,341.85
2025,9,15,14,2025-09-15 14:00:00,816.84,726.91,31.06,3.21,57.79,14.68,339.81
2025,9,15,15,2025-09-15 15:00:00,669.41,435.25,32.28,2.63,62.35,46.64,207.24
2025,9,15,16,2025-09-15 16:00:00,477.28,379.12,31.36,3.09,62.63,27.42,181.47
2025,9,15,17,2025-09-15 17:00:00,253.53,178.83,29.42,2.61,65.9,39.29,82.8
2025,9,15,18,2025-09-15 18:00:00,13.43,11.99,28.93,1.84,60.92,14.26,6.18
2025,9,15,19,2025-09-15 19:00:00,0.0,0.0,27.12,3.56,57.79,32.77,0.0
2025,9,15,20,2025-09-15 20:00:00,0.0,0.0,25.05,1.16,62.72,30.79,0.0
2025,9,15,21,2025-09-15 21:00:00,0.0,0.0,24.68,2.53,68.64,22.32,0.0
2025,9,15,22,2025-09-15 22:00:00,0.0,0.0,23.62,2.32,71.27,35.54,0.0
2025,9,15,23,2025-09-15 23:00:00,0.0,0.0,24.4,2.59,68.34,35.16,0.0
2025,9,16,0,2025-09-16 00:00:00,0.0,0.0,21.2,3.06,70.64,24.58,0.0
2025,9,16,1,2025-09-16 01:00:00,0.0,0.0,20.57,4.63,67.81,33.59,0.0
2025,9,16,2,2025-09-16 02:00:00,0.0,0.0,20.47,3.19,68.47,22.26,0.0
2025,9,16,3,2025-09-16 03:00:00,0.0,0.0,19.62,3.41,74.57,35.46,0.0
2025,9,16,4,2025-09-16 04:00:00,0.0,0.0,20.79,5.4,75.56,15.18,0.0
2025,9,16,5,2025-09-16 05:00:00,0.0,0.0,20.71,4.34,68.12,41.07,0.0
2025,9,16,6,2025-09-16 06:00:00,11.0,8.62,20.69,5.5,70.5,28.8,0.0
2025,9,16,7,2025-09-16 07:00:00,251.3,186.02,22.9,4.73,69.17,34.63,91.57
2025,9,16,8,2025-09-16 08:00:00,475.22,336.92,23.96,4.54,66.97,38.8,168.76
2025,9,16,9,2025-09-16 09:00:00,667.51,547.76,25.39,4.21,66.25,23.92,263.07
2025,9,16,10,2025-09-16 10:00:00,815.05,659.93,27.39,3.85,62.66,25.38,315.78
2025,9,16,11,2025-09-16 11:00:00,907.8,646.48,27.52,5.08,59.75,38.38,306.9
2025,9,16,12,2025-09-16 12:00:00,939.44,618.32,28.97,2.42,54.53,45.58,296.15
2025,9,16,13,2025-09-16 13:00:00,907.8,575.2,29.18,1.93,61.89,48.85,271.65
2025,9,16,14,2025-09-16 14:00:00,815.05,617.21,29.52,3.1,59.97,32.36,294.43
2025,9,16,15,2025-09-16 15:00:00,667.51,422.23,29.83,3.27,59.94,48.99,197.59
2025,9,16,16,2025-09-16 16:00:00,475.22,359.37,30.64,2.41,58.6,32.5,165.45
2025,9,16,17,2025-09-16 17:00:00,251.3,181.2,28.3,3.74,61.84,37.19,87.68
2025,9,16,18,2025-09-16 18:00:00,11.0,8.13,27.79,2.15,63.29,34.83,8.21
2025,9,16,19,2025-09-16 19:00:00,0.0,0.0,27.6,2.52,61.24,48.91,0.0
2025,9,16,20,2025-09-16 20:00:00,0.0,0.0,26.89,2.05,64.48,22.87,0.0
2025,9,16,21,2025-09-16 21:00:00,0.0,0.0,24.41,2.35,59.1,44.99,0.0
2025,9,16,22,2025-09-16 22:00:00,0.0,0.0,23.84,2.37,72.85,22.45,0.0
2025,9,16,23,2025-09-16 23:00:00,0.0,0.0,22.76,2.15,67.76,32.05,0.0
2025,9,17,0,2025-09-17 00:00:00,0.0,0.0,19.82,2.99,70.24,25.05,0.0
2025,9,17,1,2025-09-17 01:00:00,0.0,0.0,21.85,4.78,73.06,23.33,0.0
2025,9,17,2,2025-09-17 02:00:00,0.0,0.0,21.82,5.6,72.88,41.69,0.0
2025,9,17,3,2025-09-17 03:00:00,0.0,0.0,20.12,5.67,71.68,48.53,0.0
2025,9,17,4,2025-09-17 04:00:00,0.0,0.0,20.61,4.86,69.45,40.05,0.0
2025,9,17,5,2025-09-17 05:00:00,0.0,0.0,20.24,4.68,72.08,47.74,0.0
2025,9,17,6,2025-09-17 06:00:00,8.56,5.83,22.03,6.41,71.76,42.59,4.28
2025,9,17,7,2025-09-17 07:00:00,249.04,174.33,24.57,4.29,67.56,40.0,86.83
2025,9,17,8,2025-09-17 08:00:00,473.13,353.14,23.66,2.4,62.35,33.82,168.33
2025,9,17,9,2025-09-17 09:00:00,665.57,513.89,24.42,4.58,66.62,30.38,247.18
2025,9,17,10,2025-09-17 10:00:00,813.22,581.25,26.22,5.22,60.25,38.03,277.12
2025,9,17,11,2025-09-17 11:00:00,906.04,582.79,27.33,4.62,60.36,47.57,277.69
2025,9,17,12,2025-09-17 12:00:00,937.7,723.8,27.79,3.42,63.77,30.42,346.57
2025,9,17,13,2025-09-17 13:00:00,906.04,609.53,30.04,2.86,56.57,43.63,286.39
2025,9,17,14,2025-09-17 14:00:00,813.22,630.5,28.91,2.78,59.71,29.96,293.22
2025,9,17,15,2025-09-17 15:00:00,665.57,528.29,28.79,2.44,52.01,27.5,248.7
2025,9,17,16,2025-09-17 16:00:00,473.13,312.78,30.23,2.82,56.33,45.19,146.72
2025,9,17,17,2025-09-17 17:00:00,249.04,215.76,29.33,1.0,63.66,17.82,98.85
2025,9,17,18,2025-09-17 18:00:00,8.56,6.75,28.37,3.49,62.81,28.19,1.58
2025,9,17,19,2025-09-17 19:00:00,0.0,0.0,27.72,1.45,60.51,43.29,0.0
2025,9,17,20,2025-09-17 20:00:00,0.0,0.0,26.21,1.92,62.17,24.77,0.0
2025,9,17,21,2025-09-17 21:00:00,0.0,0.0,25.56,3.3,69.48,35.82,0.0
2025,9,17,22,2025-09-17 22:00:00,0.0,0.0,23.74,2.17,61.54,46.09,0.0
2025,9,17,23,2025-09-17 23:00:00,0.0,0.0,22.51,2.68,68.19,25.58,0.0
2025,9,18,0,2025-09-18 00:00:00,0.0,0.0,22.63,4.02,67.22,20.23,0.0
2025,9,18,1,2025-09-18 01:00:00,0.0,0.0,20.4,3.79,67.13,17.12,0.0
2025,9,18,2,2025-09-18 02:00:00,0.0,0.0,19.41,4.43,71.54,34.92,0.0
2025,9,18,3,2025-09-18 03:00:00,0.0,0.0,19.92,2.96,69.67,39.66,0.0
2025,9,18,4,2025-09-18 04:00:00,0.0,0.0,19.61,4.3,67.86,48.6,0.0
2025,9,18,5,2025-09-18 05:00:00,0.0,0.0,20.93,3.24,73.49,35.22,0.0
2025,9,18,6,2025-09-18 06:00:00,6.12,4.36,22.27,5.17,70.23,38.42,0.0
2025,9,18,7,2025-09-18 07:00:00,246.77,165.65,23.42,4.97,67.89,43.83,77.84
2025,9,18,8,2025-09-18 08:00:00,471.02,295.7,22.68,4.72,62.24,49.63,140.88
2025,9,18,9,2025-09-18 09:00:00,663.59,484.62,23.25,4.14,70.93,35.96,237.62
2025,9,18,10,2025-09-18 10:00:00,811.35,570.59,24.96,3.54,67.6,39.57,264.57
2025,9,18,11,2025-09-18 11:00:00,904.24,596.22,26.1,2.55,60.1,45.42,284.13
2025,9,18,12,2025-09-18 12:00:00,935.92,796.78,28.16,2.96,58.6,19.82,380.17
2025,9,18,13,2025-09-18 13:00:00,904.24,765.21,29.34,3.84,61.35,20.5,368.82
2025,9,18,14,2025-09-18 14:00:00,811.35,695.62,28.4,2.44,65.19,19.02,327.99
2025,9,18,15,2025-09-18 15:00:00,663.59,510.71,29.46,2.25,58.68,30.72,249.87
2025,9,18,16,2025-09-18 16:00:00,471.02,329.86,27.91,1.66,62.05,39.96,156.86
2025,9,18,17,2025-09-18 17:00:00,246.77,187.76,28.87,2.61,60.88,31.89,89.62
2025,9,18,18,2025-09-18 18:00:00,6.12,5.08,29.57,3.92,60.35,22.74,0.0
2025,9,18,19,2025-09-18 19:00:00,0.0,0.0,27.78,2.06,59.98,27.82,0.0
2025,9,18,20,2025-09-18 20:00:00,0.0,0.0,24.99,2.15,65.0,28.28,0.0
2025,9,18,21,2025-09-18 21:00:00,0.0,0.0,26.85,3.8,62.34,36.98,0.0
2025,9,18,22,2025-09-18 22:00:00,0.0,0.0,23.4,2.77,68.3,38.61,0.0
2025,9,18,23,2025-09-18 23:00:00,0.0,0.0,22.86,2.73,68.03,49.6,0.0
2025,9,19,0,2025-09-19 00:00:00,0.0,0.0,21.79,3.84,71.83,45.06,0.0
2025,9,19,1,2025-09-19 01:00:00,0.0,0.0,18.93,5.18,63.17,39.98,0.0
2025,9,19,2,2025-09-19 02:00:00,0.0,0.0,19.83,3.62,67.96,31.95,0.0
2025,9,19,3,2025-09-19 03:00:00,0.0,0.0,19.99,4.03,69.97,21.83,0.0
2025,9,19,4,2025-09-19 04:00:00,0.0,0.0,21.16,3.14,73.14,41.09,0.0
2025,9,19,5,2025-09-19 05:00:00,0.0,0.0,19.43,5.81,68.46,40.95,0.0
2025,9,19,6,2025-09-19 06:00:00,3.68,2.73,21.92,4.56,67.68,34.37,0.0
2025,9,19,7,2025-09-19 07:00:00,244.48,187.95,21.8,5.48,68.45,30.83,93.8
2025,9,19,8,2025-09-19 08:00:00,468.88,357.66,22.39,2.71,68.97,31.63,170.93
2025,9,19,9,2025-09-19 09:00:00,661.58,543.3,22.29,3.25,66.92,23.84,266.01
2025,9,19,10,2025-09-19 10:00:00,809.44,656.28,26.53,3.75,66.17,25.23,314.2
2025,9,19,11,2025-09-19 11:00:00,902.38,729.41,28.14,4.65,62.7,25.56,337.35
2025,9,19,12,2025-09-19 12:00:00,934.09,752.9,29.11,1.44,60.89,25.86,353.85
2025,9,19,13,2025-09-19 13:00:00,902.38,624.77,28.67,2.41,59.52,41.02,298.91
2025,9,19,14,2025-09-19 14:00:00,809.44,691.45,29.32,2.86,54.36,19.43,328.38
2025,9,19,15,2025-09-19 15:00:00,661.58,560.02,29.08,3.45,59.32,20.47,260.31
2025,9,19,16,2025-09-19 16:00:00,468.88,343.94,29.67,2.3,54.62,35.53,160.03
2025,9,19,17,2025-09-19 17:00:00,244.48,178.44,29.65,2.32,56.29,36.02,81.75
2025,9,19,18,2025-09-19 18:00:00,3.68,2.5,29.12,2.63,60.18,42.74,0.0
2025,9,19,19,2025-09-19 19:00:00,0.0,0.0,27.39,2.67,63.86,27.66,0.0
2025,9,19,20,2025-09-19 20:00:00,0.0,0.0,26.16,1.52,66.8,37.01,0.0
2025,9,19,21,2025-09-19 21:00:00,0.0,0.0,25.08,3.2,65.13,22.81,0.0
2025,9,19,22,2025-09-19 22:00:00,0.0,0.0,22.65,3.71,65.14,40.23,0.0
2025,9,19,23,2025-09-19 23:00:00,0.0,0.0,22.05,2.85,66.01,27.13,0.0
2025,9,20,0,2025-09-20 00:00:00,0.0,0.0,21.64,4.39,68.44,28.02,0.0
2025,9,20,1,2025-09-20 01:00:00,0.0,0.0,21.13,3.83,68.61,40.68,0.0
2025,9,20,2,2025-09-20 02:00:00,0.0,0.0,18.94,4.43,69.93,34.4,0.0
2025,9,20,3,2025-09-20 03:00:00,0.0,0.0,18.22,4.49,72.56,47.79,0.0
2025,9,20,4,2025-09-20 04:00:00,0.0,0.0,19.8,4.25,70.56,46.66,0.0
2025,9,20,5,2025-09-20 05:00:00,0.0,0.0,19.55,4.36,71.48,44.21,0.0
2025,9,20,6,2025-09-20 06:00:00,1.23,0.82,21.23,5.65,73.47,44.25,0.0
2025,9,20,7,2025-09-20 07:00:00,242.18,207.54,22.31,3.3,65.39,19.07,100.44
2025,9,20,8,2025-09-20 08:00:00,466.72,352.74,23.56,5.97,65.43,32.56,176.01
2025,9,20,9,2025-09-20 09:00:00,659.53,431.71,24.77,3.84,60.44,46.06,206.43
2025,9,20,10,2025-09-20 10:00:00,807.48,671.49,26.18,4.23,60.47,22.45,317.55
2025,9,20,11,2025-09-20 11:00:00,900.48,634.61,27.33,3.23,64.34,39.37,306.9
2025,9,20,12,2025-09-20 12:00:00,932.21,651.34,27.48,3.89,59.3,40.17,310.49
2025,9,20,13,2025-09-20 13:00:00,900.48,730.28,28.8,2.32,56.4,25.2,339.64
2025,9,20,14,2025-09-20 14:00:00,807.48,534.13,29.61,3.05,59.39,45.14,246.98
2025,9,20,15,2025-09-20 15:00:00,659.53,488.9,29.63,1.47,59.87,34.5,234.95
2025,9,20,16,2025-09-20 16:00:00,466.72,296.55,31.0,1.43,61.4,48.61,143.85
2025,9,20,17,2025-09-20 17:00:00,242.18,203.25,28.48,2.61,62.49,21.44,99.94
2025,9,20,18,2025-09-20 18:00:00,1.23,0.94,29.55,3.0,64.11,31.16,0.0
2025,9,20,19,2025-09-20 19:00:00,0.0,0.0,27.04,2.04,63.85,24.37,0.0
2025,9,20,20,2025-09-20 20:00:00,0.0,0.0,24.48,2.77,65.72,19.79,0.0
2025,9,20,21,2025-09-20 21:00:00,0.0,0.0,24.09,2.12,64.25,36.47,0.0
2025,9,20,22,2025-09-20 22:00:00,0.0,0.0,23.89,0.77,68.64,44.87,0.0
2025,9,20,23,2025-09-20 23:00:00,0.0,0.0,20.91,3.33,70.49,50.83,0.0
2025,9,21,0,2025-09-21 00:00:00,0.0,0.0,21.05,4.36,68.46,49.53,0.0
2025,9,21,1,2025-09-21 01:00:00,0.0,0.0,18.05,3.62,70.08,51.78,0.0
2025,9,21,2,2025-09-21 02:00:00,0.0,0.0,20.26,3.01,73.49,46.49,0.0
2025,9,21,3,2025-09-21 03:00:00,0.0,0.0,19.56,4.93,69.13,25.6,0.0
2025,9,21,4,2025-09-21 04:00:00,0.0,0.0,19.94,5.45,76.17,31.91,0.0
2025,9,21,5,2025-09-21 05:00:00,0.0,0.0,19.85,4.52,73.24,36.27,0.0
2025,9,21,6,2025-09-21 06:00:00,0.0,0.0,22.08,5.47,68.95,37.24,0.0
2025,9,21,7,2025-09-21 07:00:00,239.86,171.87,21.64,5.5,66.99,37.8,74.98
2025,9,21,8,2025-09-21 08:00:00,464.52,393.11,21.25,5.02,67.63,20.5,193.28
2025,9,21,9,2025-09-21 09:00:00,657.45,441.59,23.31,4.0,64.58,43.78,216.71
2025,9,21,10,2025-09-21 10:00:00,805.48,610.52,26.12,4.2,65.61,32.27,291.54
2025,9,21,11,2025-09-21 11:00:00,898.54,558.32,26.95,2.58,57.14,50.48,267.44
2025,9,21,12,2025-09-21 12:00:00,930.28,720.71,28.08,3.5,61.38,30.04,332.18
2025,9,21,13,2025-09-21 13:00:00,898.54,741.85,28.96,1.4,57.62,23.25,351.11
2025,9,21,14,2025-09-21 14:00:00,805.48,566.16,29.01,2.64,58.62,39.62,263.06
2025,9,21,15,2025-09-21 15:00:00,657.45,432.43,29.13,2.5,54.0,45.63,205.57
2025,9,21,16,2025-09-21 16:00:00,464.52,298.63,29.06,1.22,58.11,47.62,140.12
2025,9,21,17,2025-09-21 17:00:00,239.86,147.38,28.93,1.82,58.1,51.41,70.18
2025,9,21,18,2025-09-21 18:00:00,0.0,0.0,29.46,1.89,60.02,45.44,0.0
2025,9,21,19,2025-09-21 19:00:00,0.0,0.0,26.36,2.12,60.06,36.76,0.0
2025,9,21,20,2025-09-21 20:00:00,0.0,0.0,25.33,2.54,62.94,20.11,0.0
2025,9,21,21,2025-09-21 21:00:00,0.0,0.0,25.43,2.86,64.06,51.54,0.0
2025,9,21,22,2025-09-21 22:00:00,0.0,0.0,21.9,2.23,67.84,48.53,0.0
2025,9,21,23,2025-09-21 23:00:00,0.0,0.0,23.73,2.4,67.01,19.99,0.0
2025,9,22,0,2025-09-22 00:00:00,0.0,0.0,19.43,3.76,66.1,35.88,0.0
2025,9,22,1,2025-09-22 01:00:00,0.0,0.0,19.63,4.04,73.48,54.34,0.0
2025,9,22,2,2025-09-22 02:00:00,0.0,0.0,20.95,4.75,68.73,43.42,0.0
2025,9,22,3,2025-09-22 03:00:00,0.0,0.0,18.49,3.99,73.26,38.37,0.0
2025,9,22,4,2025-09-22 04:00:00,0.0,0.0,19.53,4.76,71.03,27.52,0.0
2025,9,22,5,2025-09-22 05:00:00,0.0,0.0,19.24,4.43,75.77,33.02,0.0
2025,9,22,6,2025-09-22 06:00:00,0.0,0.0,21.78,3.82,66.15,40.82,0.0
2025,9,22,7,2025-09-22 07:00:00,237.53,183.28,22.33,4.89,68.45,30.45,87.65
2025,9,22,8,2025-09-22 08:00:00,462.31,324.33,23.53,5.46,66.65,39.79,157.88
2025,9,22,9,2025-09-22 09:00:00,655.33,464.64,25.04,3.86,61.8,38.8,219.46
2025,9,22,10,2025-09-22 10:00:00,803.44,569.15,24.61,4.7,64.38,38.88,270.9
2025,9,22,11,2025-09-22 11:00:00,896.54,584.87,27.51,4.06,60.72,46.35,278.31
2025,9,22,12,2025-09-22 12:00:00,928.3,717.25,28.65,2.91,57.63,30.31,344.43
2025,9,22,13,2025-09-22 13:00:00,896.54,587.83,29.21,2.94,62.05,45.91,277.83
2025,9,22,14,2025-09-22 14:00:00,803.44,539.02,29.65,4.14,59.13,43.88,259.29
2025,9,22,15,2025-09-22 15:00:00,655.33,382.14,29.16,1.61,57.56,55.58,184.22
2025,9,22,16,2025-09-22 16:00:00,462.31,348.21,29.35,2.21,61.97,32.91,161.97
2025,9,22,17,2025-09-22 17:00:00,237.53,195.75,27.69,2.53,60.46,23.45,96.78
2025,9,22,18,2025-09-22 18:00:00,0.0,0.0,28.62,2.43,56.2,22.87,0.0
2025,9,22,19,2025-09-22 19:00:00,0.0,0.0,25.81,1.9,58.36,52.62,0.0
2025,9,22,20,2025-09-22 20:00:00,0.0,0.0,24.79,1.66,63.94,23.52,0.0
2025,9,22,21,2025-09-22 21:00:00,0.0,0.0,23.96,3.26,67.92,22.53,0.0
2025,9,22,22,2025-09-22 22:00:00,0.0,0.0,22.21,2.76,66.46,52.68,0.0
2025,9,22,23,2025-09-22 23:00:00,0.0,0.0,21.61,2.16,68.07,23.83,0.0
2025,9,23,0,2025-09-23 00:00:00,0.0,0.0,19.79,3.59,73.27,34.63,0.0
2025,9,23,1,2025-09-23 01:00:00,0.0,0.0,19.7,3.99,70.4,42.02,0.0
2025,9,23,2,2025-09-23 02:00:00,0.0,0.0,19.31,3.76,69.96,34.5,0.0
2025,9,23,3,2025-09-23 03:00:00,0.0,0.0,21.33,3.33,73.26,43.66,0.0
2025,9,23,4,2025-09-23 04:00:00,0.0,0.0,19.01,3.81,66.75,49.0,0.0
2025,9,23,5,2025-09-23 05:00:00,0.0,0.0,19.59,4.34,67.16,22.46,0.0
2025,9,23,6,2025-09-23 06:00:00,0.0,0.0,21.62,5.06,71.76,56.2,0.0
2025,9,23,7,2025-09-23 07:00:00,235.19,138.5,22.35,3.98,64.76,54.82,70.92
2025,9,23,8,2025-09-23 08:00:00,460.07,327.69,23.02,5.11,64.48,38.36,159.29
2025,9,23,9,2025-09-23 09:00:00,653.18,453.72,24.2,2.71,68.05,40.72,218.0
2025,9,23,10,2025-09-23 10:00:00,801.36,664.32,25.59,4.94,68.07,22.8,316.1
2025,9,23,11,2025-09-23 11:00:00,894.51,643.72,27.31,3.49,60.42,37.38,307.46
2025,9,23,12,2025-09-23 12:00:00,926.28,660.0,27.69,2.78,59.67,38.33,316.16
2025,9,23,13,2025-09-23 13:00:00,894.51,721.16,31.1,4.1,61.63,25.84,340.4
2025,9,23,14,2025-09-23 14:00:00,801.36,524.33,28.72,1.36,60.84,46.09,251.3
2025,9,23,15,2025-09-23 15:00:00,653.18,381.72,29.68,3.26,58.79,55.41,183.09
2025,9,23,16,2025-09-23 16:00:00,460.07,325.69,30.05,2.9,51.37,38.94,152.19
2025,9,23,17,2025-09-23 17:00:00,235.19,147.8,28.33,2.51,63.87,49.54,68.3
2025,9,23,18,2025-09-23 18:00:00,0.0,0.0,28.04,2.54,62.05,34.84,0.0
2025,9,23,19,2025-09-23 19:00:00,0.0,0.0,27.2,1.75,70.25,45.97,0.0
2025,9,23,20,2025-09-23 20:00:00,0.0,0.0,26.12,1.89,63.58,48.62,0.0
2025,9,23,21,2025-09-23 21:00:00,0.0,0.0,24.38,2.15,62.35,28.89,0.0
2025,9,23,22,2025-09-23 22:00:00,0.0,0.0,23.65,2.58,66.91,36.43,0.0
2025,9,23,23,2025-09-23 23:00:00,0.0,0.0,21.83,2.16,67.05,53.89,0.0
2025,9,24,0,2025-09-24 00:00:00,0.0,0.0,20.4,3.56,69.92,39.03,0.0
2025,9,24,1,2025-09-24 01:00:00,0.0,0.0,20.4,3.74,70.61,36.99,0.0
2025,9,24,2,2025-09-24 02:00:00,0.0,0.0,18.42,4.15,64.25,33.22,0.0
2025,9,24,3,2025-09-24 03:00:00,0.0,0.0,20.72,5.06,68.13,26.84,0.0
2025,9,24,4,2025-09-24 04:00:00,0.0,0.0,20.14,4.64,68.08,26.82,0.0
2025,9,24,5,2025-09-24 05:00:00,0.0,0.0,19.91,4.71,66.62,41.83,0.0
2025,9,24,6,2025-09-24 06:00:00,0.0,0.0,20.18,5.35,70.92,38.37,0.0
2025,9,24,7,2025-09-24 07:00:00,232.83,162.45,21.43,4.22,69.36,40.31,74.6
2025,9,24,8,2025-09-24 08:00:00,457.81,316.25,22.84,6.27,67.85,41.23,148.38
2025,9,24,9,2025-09-24 09:00:00,651.0,374.53,23.77,4.71,66.22,56.62,182.06
2025,9,24,10,2025-09-24 10:00:00,799.24,518.58,24.82,5.16,69.31,46.82,251.86
2025,9,24,11,2025-09-24 11:00:00,892.42,712.08,25.99,4.19,60.15,26.95,343.6
2025,9,24,12,2025-09-24 12:00:00,924.21,657.87,28.08,5.0,63.23,38.42,312.18
2025,9,24,13,2025-09-24 13:00:00,892.42,692.24,27.77,3.16,54.47,29.91,333.68
2025,9,24,14,2025-09-24 14:00:00,799.24,560.08,27.76,2.72,58.08,39.9,267.71
2025,9,24,15,2025-09-24 15:00:00,651.0,443.45,28.94,1.85,55.58,42.51,208.1
2025,9,24,16,2025-09-24 16:00:00,457.81,342.26,29.86,3.72,55.09,33.65,161.01
2025,9,24,17,2025-09-24 17:00:00,232.83,150.42,29.08,2.59,57.71,47.19,74.87
2025,9,24,18,2025-09-24 18:00:00,0.0,0.0,28.01,2.46,64.84,55.11,0.0
2025,9,24,19,2025-09-24 19:00:00,0.0,0.0,27.28,2.28,61.05,40.89,0.0
2025,9,24,20,2025-09-24 20:00:00,0.0,0.0,27.0,1.1,65.61,41.46,0.0
2025,9,24,21,2025-09-24 21:00:00,0.0,0.0,24.83,3.32,66.2,52.64,0.0
2025,9,24,22,2025-09-24 22:00:00,0.0,0.0,23.77,3.45,65.22,47.64,0.0
2025,9,24,23,2025-09-24 23:00:00,0.0,0.0,22.01,2.72,65.26,44.7,0.0
2025,9,25,0,2025-09-25 00:00:00,0.0,0.0,22.29,3.45,67.76,35.17,0.0
2025,9,25,1,2025-09-25 01:00:00,0.0,0.0,21.22,3.01,69.82,34.82,0.0
2025,9,25,2,2025-09-25 02:00:00,0.0,0.0,18.39,3.8,68.78,43.21,0.0
2025,9,25,3,2025-09-25 03:00:00,0.0,0.0,17.99,3.21,71.95,25.2,0.0
2025,9,25,4,2025-09-25 04:00:00,0.0,0.0,19.45,6.13,73.81,45.57,0.0
2025,9,25,5,2025-09-25 05:00:00,0.0,0.0,19.43,3.85,68.87,24.56,0.0
2025,9,25,6,2025-09-25 06:00:00,0.0,0.0,21.62,4.95,69.67,56.24,0.0
2025,9,25,7,2025-09-25 07:00:00,230.46,187.39,21.5,3.92,66.77,24.92,85.79
2025,9,25,8,2025-09-25 08:00:00,455.52,328.82,22.0,4.9,70.3,37.09,157.5
2025,9,25,9,2025-09-25 09:00:00,648.78,456.39,23.71,4.4,72.9,39.54,227.39
2025,9,25,10,2025-09-25 10:00:00,797.08,520.87,25.51,5.0,66.38,46.2,255.02
2025,9,25,11,2025-09-25 11:00:00,890.3,609.18,26.08,3.27,59.02,42.1,297.28
2025,9,25,12,2025-09-25 12:00:00,922.1,661.21,27.41,2.29,66.82,37.72,310.23
2025,9,25,13,2025-09-25 13:00:00,890.3,692.92,27.46,4.7,54.98,29.56,326.93
2025,9,25,14,2025-09-25 14:00:00,797.08,561.63,29.25,2.42,62.73,39.38,262.05
2025,9,25,15,2025-09-25 15:00:00,648.78,520.89,29.09,1.35,56.56,26.28,245.76
2025,9,25,16,2025-09-25 16:00:00,455.52,341.84,29.49,1.63,61.36,33.28,161.41
2025,9,25,17,2025-09-25 17:00:00,230.46,133.33,28.23,2.39,60.06,56.19,60.78
2025,9,25,18,2025-09-25 18:00:00,0.0,0.0,27.14,1.39,60.02,33.45,0.0
2025,9,25,19,2025-09-25 19:00:00,0.0,0.0,27.35,2.4,62.92,54.0,0.0
2025,9,25,20,2025-09-25 20:00:00,0.0,0.0,26.23,2.56,57.5,33.69,0.0
2025,9,25,21,2025-09-25 21:00:00,0.0,0.0,22.84,2.08,61.87,28.67,0.0
2025,9,25,22,2025-09-25 22:00:00,0.0,0.0,22.94,2.9,67.16,37.21,0.0
2025,9,25,23,2025-09-25 23:00:00,0.0,0.0,21.67,3.03,67.81,52.3,0.0
2025,9,26,0,2025-09-26 00:00:00,0.0,0.0,21.04,4.03,71.83,32.2,0.0
2025,9,26,1,2025-09-26 01:00:00,0.0,0.0,19.65,4.74,71.06,31.42,0.0
2025,9,26,2,2025-09-26 02:00:00,0.0,0.0,18.33,1.97,70.08,28.99,0.0
2025,9,26,3,2025-09-26 03:00:00,0.0,0.0,18.25,4.25,68.0,43.19,0.0
2025,9,26,4,2025-09-26 04:00:00,0.0,0.0,19.11,3.78,71.45,45.74,0.0
2025,9,26,5,2025-09-26 05:00:00,0.0,0.0,19.6,3.57,68.81,55.42,0.0
2025,9,26,6,2025-09-26 06:00:00,0.0,0.0,19.54,3.08,67.13,59.06,0.0
2025,9,26,7,2025-09-26 07:00:00,228.08,131.15,19.69,4.1,63.88,56.67,65.02
2025,9,26,8,2025-09-26 08:00:00,453.21,280.5,22.43,4.62,71.25,50.81,137.95
2025,9,26,9,2025-09-26 09:00:00,646.54,410.59,24.02,4.03,66.7,48.66,197.65
2025,9,26,10,2025-09-26 10:00:00,794.88,497.89,25.11,4.3,65.04,49.82,231.49
2025,9,26,11,2025-09-26 11:00:00,888.13,556.27,26.43,4.1,65.0,49.82,262.73
2025,9,26,12,2025-09-26 12:00:00,919.94,718.81,26.65,2.13,60.81,29.15,345.68
2025,9,26,13,2025-09-26 13:00:00,888.13,532.36,27.51,3.48,59.47,53.41,248.74
2025,9,26,14,2025-09-26 14:00:00,794.88,526.31,28.61,1.52,57.49,45.05,249.76
2025,9,26,15,2025-09-26 15:00:00,646.54,380.58,28.45,2.36,56.96,54.85,182.33
2025,9,26,16,2025-09-26 16:00:00,453.21,284.57,30.21,0.82,56.15,49.61,131.44
2025,9,26,17,2025-09-26 17:00:00,228.08,146.21,27.61,3.09,61.71,47.86,68.4
2025,9,26,18,2025-09-26 18:00:00,0.0,0.0,27.39,2.42,58.47,43.43,0.0
2025,9,26,19,2025-09-26 19:00:00,0.0,0.0,26.97,3.35,61.7,30.17,0.0
2025,9,26,20,2025-09-26 20:00:00,0.0,0.0,25.27,1.67,60.95,51.83,0.0
2025,9,26,21,2025-09-26 21:00:00,0.0,0.0,23.4,1.75,66.37,31.42,0.0
2025,9,26,22,2025-09-26 22:00:00,0.0,0.0,23.8,3.44,65.89,26.03,0.0
2025,9,26,23,2025-09-26 23:00:00,0.0,0.0,21.89,5.11,66.19,49.36,0.0
2025,9,27,0,2025-09-27 00:00:00,0.0,0.0,20.68,3.33,67.19,28.32,0.0
2025,9,27,1,2025-09-27 01:00:00,0.0,0.0,21.13,3.81,73.12,46.0,0.0
2025,9,27,2,2025-09-27 02:00:00,0.0,0.0,18.93,2.95,73.2,42.38,0.0
2025,9,27,3,2025-09-27 03:00:00,0.0,0.0,18.75,5.5,69.77,55.58,0.0
2025,9,27,4,2025-09-27 04:00:00,0.0,0.0,19.82,4.89,69.79,37.7,0.0
2025,9,27,5,2025-09-27 05:00:00,0.0,0.0,19.5,4.23,68.11,27.34,0.0
2025,9,27,6,2025-09-27 06:00:00,0.0,0.0,20.68,5.43,66.61,54.16,0.0
2025,9,27,7,2025-09-27 07:00:00,225.7,125.57,23.3,3.99,66.61,59.15,64.64
2025,9,27,8,2025-09-27 08:00:00,450.89,339.19,22.36,3.61,68.04,33.03,165.75
2025,9,27,9,2025-09-27 09:00:00,644.26,517.91,24.03,4.2,64.42,26.15,251.08
2025,9,27,10,2025-09-27 10:00:00,792.65,469.53,26.58,4.26,61.22,54.35,216.64
2025,9,27,11,2025-09-27 11:00:00,885.92,650.86,25.94,2.16,57.45,35.38,307.39
2025,9,27,12,2025-09-27 12:00:00,917.74,734.2,26.62,4.0,60.95,26.67,353.56
2025,9,27,13,2025-09-27 13:00:00,885.92,637.15,27.05,2.48,61.84,37.44,299.39
2025,9,27,14,2025-09-27 14:00:00,792.65,477.63,28.78,2.39,54.96,52.99,222.65
2025,9,27,15,2025-09-27 15:00:00,644.26,483.18,29.03,1.92,65.52,33.34,230.71
2025,9,27,16,2025-09-27 16:00:00,450.89,364.94,27.96,1.81,60.23,25.41,169.38
2025,9,27,17,2025-09-27 17:00:00,225.7,138.97,27.12,3.62,61.18,51.23,68.77
2025,9,27,18,2025-09-27 18:00:00,0.0,0.0,27.88,1.73,57.37,38.71,0.0
2025,9,27,19,2025-09-27 19:00:00,0.0,0.0,27.52,1.86,61.78,48.43,0.0
2025,9,27,20,2025-09-27 20:00:00,0.0,0.0,23.09,2.8,62.29,44.11,0.0
2025,9,27,21,2025-09-27 21:00:00,0.0,0.0,24.09,2.24,62.85,49.95,0.0
2025,9,27,22,2025-09-27 22:00:00,0.0,0.0,22.38,3.04,65.23,33.3,0.0
2025,9,27,23,2025-09-27 23:00:00,0.0,0.0,20.71,1.54,70.44,42.63,0.0
2025,9,28,0,2025-09-28 00:00:00,0.0,0.0,20.12,3.73,66.96,31.81,0.0
2025,9,28,1,2025-09-28 01:00:00,0.0,0.0,19.16,3.1,66.47,58.06,0.0
2025,9,28,2,2025-09-28 02:00:00,0.0,0.0,18.67,4.21,72.43,58.04,0.0
2025,9,28,3,2025-09-28 03:00:00,0.0,0.0,17.52,3.5,73.75,36.08,0.0
2025,9,28,4,2025-09-28 04:00:00,0.0,0.0,16.32,4.96,77.57,27.13,0.0
2025,9,28,5,2025-09-28 05:00:00,0.0,0.0,18.06,5.59,62.61,38.22,0.0
2025,9,28,6,2025-09-28 06:00:00,0.0,0.0,20.23,4.27,71.25,44.09,0.0
2025,9,28,7,2025-09-28 07:00:00,223.3,158.24,20.23,4.98,62.8,38.85,74.13
2025,9,28,8,2025-09-28 08:00:00,448.54,360.16,20.95,4.51,64.12,26.27,167.27
2025,9,28,9,2025-09-28 09:00:00,641.96,416.51,25.03,4.09,68.49,46.83,200.53
2025,9,28,10,2025-09-28 10:00:00,790.37,437.92,24.94,2.77,63.99,59.46,210.66
2025,9,28,11,2025-09-28 11:00:00,883.67,537.15,26.35,2.87,64.41,52.29,258.16
2025,9,28,12,2025-09-28 12:00:00,915.49,652.27,28.11,3.04,62.75,38.34,308.41
2025,9,28,13,2025-09-28 13:00:00,883.67,522.59,27.62,3.9,56.86,54.48,250.23
2025,9,28,14,2025-09-28 14:00:00,790.37,458.44,26.81,3.07,66.72,56.0,222.5
2025,9,28,15,2025-09-28 15:00:00,641.96,420.17,26.99,0.85,55.91,46.07,198.94
2025,9,28,16,2025-09-28 16:00:00,448.54,321.25,27.78,3.11,55.33,37.84,153.11
2025,9,28,17,2025-09-28 17:00:00,223.3,133.89,28.01,2.27,60.17,53.39,63.95
2025,9,28,18,2025-09-28 18:00:00,0.0,0.0,25.9,1.43,56.35,41.86,0.0
2025,9,28,19,2025-09-28 19:00:00,0.0,0.0,24.85,3.24,59.14,47.38,0.0
2025,9,28,20,2025-09-28 20:00:00,0.0,0.0,23.57,3.41,63.18,46.85,0.0
2025,9,28,21,2025-09-28 21:00:00,0.0,0.0,23.83,1.5,60.48,42.06,0.0
2025,9,28,22,2025-09-28 22:00:00,0.0,0.0,23.07,4.24,69.65,33.36,0.0
2025,9,28,23,2025-09-28 23:00:00,0.0,0.0,21.52,2.87,67.47,46.95,0.0
2025,9,29,0,2025-09-29 00:00:00,0.0,0.0,19.63,3.27,66.5,38.67,0.0
2025,9,29,1,2025-09-29 01:00:00,0.0,0.0,17.88,3.53,72.69,56.94,0.0
2025,9,29,2,2025-09-29 02:00:00,0.0,0.0,17.91,4.12,69.8,35.16,0.0
2025,9,29,3,2025-09-29 03:00:00,0.0,0.0,18.27,2.96,71.11,32.76,0.0
2025,9,29,4,2025-09-29 04:00:00,0.0,0.0,20.76,5.4,72.68,37.66,0.0
2025,9,29,5,2025-09-29 05:00:00,0.0,0.0,18.86,5.55,74.86,47.76,0.0
2025,9,29,6,2025-09-29 06:00:00,0.0,0.0,20.01,4.25,65.9,56.76,0.0
2025,9,29,7,2025-09-29 07:00:00,220.89,123.12,22.69,4.21,68.91,59.01,56.96
2025,9,29,8,2025-09-29 08:00:00,446.17,343.39,22.1,4.64,61.36,30.71,171.14
2025,9,29,9,2025-09-29 09:00:00,639.63,471.56,23.54,4.56,63.59,35.04,227.52
2025,9,29,10,2025-09-29 10:00:00,788.07,470.26,24.21,3.04,65.21,53.77,233.99
2025,9,29,11,2025-09-29 11:00:00,881.38,574.1,25.84,4.13,58.72,46.49,275.13
2025,9,29,12,2025-09-29 12:00:00,913.21,545.5,26.43,3.44,60.62,53.69,261.48
2025,9,29,13,2025-09-29 13:00:00,881.38,511.21,28.41,4.07,64.5,56.0,241.56
2025,9,29,14,2025-09-29 14:00:00,788.07,517.42,27.65,3.94,57.2,45.79,251.44
2025,9,29,15,2025-09-29 15:00:00,639.63,415.48,29.38,3.57,58.74,46.72,198.21
2025,9,29,16,2025-09-29 16:00:00,446.17,344.04,28.61,3.78,56.51,30.52,162.62
2025,9,29,17,2025-09-29 17:00:00,220.89,165.91,28.44,2.79,58.94,33.19,81.85
2025,9,29,18,2025-09-29 18:00:00,0.0,0.0,26.19,2.69,61.18,58.46,0.0
2025,9,29,19,2025-09-29 19:00:00,0.0,0.0,24.54,4.16,59.27,44.19,0.0
2025,9,29,20,2025-09-29 20:00:00,0.0,0.0,23.91,3.4,59.13,49.64,0.0
2025,9,29,21,2025-09-29 21:00:00,0.0,0.0,23.72,2.73,62.81,26.97,0.0
2025,9,29,22,2025-09-29 22:00:00,0.0,0.0,22.5,1.08,66.61,35.62,0.0
2025,9,29,23,2025-09-29 23:00:00,0.0,0.0,20.08,1.59,70.24,39.9,0.0
2025,9,30,0,2025-09-30 00:00:00,0.0,0.0,19.57,3.76,71.77,35.5,0.0
2025,9,30,1,2025-09-30 01:00:00,0.0,0.0,19.6,2.99,73.97,34.0,0.0
2025,9,30,2,2025-09-30 02:00:00,0.0,0.0,17.95,3.65,73.14,44.44,0.0
2025,9,30,3,2025-09-30 03:00:00,0.0,0.0,19.76,5.41,71.54,29.18,0.0
2025,9,30,4,2025-09-30 04:00:00,0.0,0.0,18.29,4.66,66.14,56.66,0.0
2025,9,30,5,2025-09-30 05:00:00,0.0,0.0,19.7,3.5,70.77,50.99,0.0
2025,9,30,6,2025-09-30 06:00:00,0.0,0.0,19.44,3.61,66.94,54.43,0.0
2025,9,30,7,2025-09-30 07:00:00,218.48,120.14,20.81,6.06,69.77,60.02,59.7
2025,9,30,8,2025-09-30 08:00:00,443.79,300.35,22.49,3.84,64.29,43.1,148.48
2025,9,30,9,2025-09-30 09:00:00,637.27,368.45,22.21,3.38,66.77,56.24,181.26
2025,9,30,10,2025-09-30 10:00:00,785.73,571.37,24.77,3.74,63.08,36.37,273.42
2025,9,30,11,2025-09-30 11:00:00,879.06,687.01,25.31,3.78,57.85,29.13,329.58
2025,9,30,12,2025-09-30 12:00:00,910.89,638.42,26.12,2.97,63.96,39.88,311.42
2025,9,30,13,2025-09-30 13:00:00,879.06,655.11,26.88,4.74,55.73,33.97,310.51
2025,9,30,14,2025-09-30 14:00:00,785.73,531.32,29.44,3.39,64.03,43.17,249.89
2025,9,30,15,2025-09-30 15:00:00,637.27,347.89,27.72,1.57,59.42,60.55,165.03
2025,9,30,16,2025-09-30 16:00:00,443.79,297.33,28.61,2.92,56.48,44.0,136.88
2025,9,30,17,2025-09-30 17:00:00,218.48,121.5,27.99,1.99,59.48,59.19,59.27
2025,9,30,18,2025-09-30 18:00:00,0.0,0.0,26.19,1.8,67.05,35.02,0.0
2025,9,30,19,2025-09-30 19:00:00,0.0,0.0,26.32,2.3,63.02,60.99,0.0
2025,9,30,20,2025-09-30 20:00:00,0.0,0.0,24.6,0.76,62.46,36.53,0.0
2025,9,30,21,2025-09-30 21:00:00,0.0,0.0,24.05,3.1,68.18,47.32,0.0
2025,9,30,22,2025-09-30 22:00:00,0.0,0.0,22.23,3.73,65.45,32.3,0.0
2025,9,30,23,2025-09-30 23:00:00,0.0,0.0,20.52,2.94,70.66,32.43,0.0
2025,10,1,0,2025-10-01 00:00:00,0.0,0.0,20.15,4.32,69.2,34.0,0.0
2025,10,1,1,2025-10-01 01:00:00,0.0,0.0,17.69,4.96,74.25,58.86,0.0
2025,10,1,2,2025-10-01 02:00:00,0.0,0.0,17.5,3.67,73.52,27.67,0.0
2025,10,1,3,2025-10-01 03:00:00,0.0,0.0,18.0,4.1,71.84,61.49,0.0
2025,10,1,4,2025-10-01 04:00:00,0.0,0.0,18.8,5.3,75.18,48.38,0.0
2025,10,1,5,2025-10-01 05:00:00,0.0,0.0,18.66,5.01,69.95,57.26,0.0
2025,10,1,6,2025-10-01 06:00:00,0.0,0.0,17.85,5.55,67.85,55.49,0.0
2025,10,1,7,2025-10-01 07:00:00,216.06,141.16,21.37,4.31,73.59,46.22,66.51
2025,10,1,8,2025-10-01 08:00:00,441.39,252.41,21.37,4.27,72.48,57.08,122.41
2025,10,1,9,2025-10-01 09:00:00,634.88,422.85,22.72,4.72,67.53,44.53,207.62
2025,10,1,10,2025-10-01 10:00:00,783.36,595.16,23.68,3.37,64.67,32.03,288.58
2025,10,1,11,2025-10-01 11:00:00,876.69,604.56,25.18,3.44,62.27,41.39,286.89
2025,10,1,12,2025-10-01 12:00:00,908.52,609.87,26.47,3.23,61.77,43.83,283.53
2025,10,1,13,2025-10-01 13:00:00,876.69,626.83,26.39,3.21,61.94,38.0,304.65
2025,10,1,14,2025-10-01 14:00:00,783.36,603.17,28.85,2.57,65.07,30.67,280.51
2025,10,1,15,2025-10-01 15:00:00,634.88,469.91,29.51,2.96,60.83,34.65,224.8
2025,10,1,16,2025-10-01 16:00:00,441.39,270.03,28.11,1.75,59.3,51.76,124.83
2025,10,1,17,2025-10-01 17:00:00,216.06,164.09,26.76,2.24,59.71,32.07,72.07
2025,10,1,18,2025-10-01 18:00:00,0.0,0.0,27.5,1.36,59.85,61.16,0.0
2025,10,1,19,2025-10-01 19:00:00,0.0,0.0,25.57,2.24,56.34,30.84,0.0
2025,10,1,20,2025-10-01 20:00:00,0.0,0.0,24.47,2.38,58.58,50.86,0.0
2025,10,1,21,2025-10-01 21:00:00,0.0,0.0,25.14,2.19,63.52,58.91,0.0
2025,10,1,22,2025-10-01 22:00:00,0.0,0.0,21.79,4.12,67.14,28.27,0.0
2025,10,1,23,2025-10-01 23:00:00,0.0,0.0,20.42,2.84,73.11,35.92,0.0
2025,10,2,0,2025-10-02 00:00:00,0.0,0.0,19.1,4.57,72.1,35.28,0.0
2025,10,2,1,2025-10-02 01:00:00,0.0,0.0,17.43,3.28,69.08,50.39,0.0
2025,10,2,2,2025-10-02 02:00:00,0.0,0.0,18.49,3.07,69.56,60.64,0.0
2025,10,2,3,2025-10-02 03:00:00,0.0,0.0,17.65,4.77,69.92,42.23,0.0
2025,10,2,4,2025-10-02 04:00:00,0.0,0.0,18.93,4.03,72.01,31.86,0.0
2025,10,2,5,2025-10-02 05:00:00,0.0,0.0,18.02,4.09,74.02,40.49,0.0
2025,10,2,6,2025-10-02 06:00:00,0.0,0.0,19.8,5.38,73.71,30.47,0.0
2025,10,2,7,2025-10-02 07:00:00,213.64,142.99,21.0,4.71,67.54,44.09,70.36
2025,10,2,8,2025-10-02 08:00:00,438.97,323.56,21.58,5.15,57.55,35.06,161.52
2025,10,2,9,2025-10-02 09:00:00,632.47,413.47,22.48,3.71,66.97,46.17,201.59
2025,10,2,10,2025-10-02 10:00:00,780.95,592.61,23.01,4.54,67.18,32.16,291.09
2025,10,2,11,2025-10-02 11:00:00,874.29,547.4,25.33,3.42,61.98,49.85,261.33
2025,10,2,12,2025-10-02 12:00:00,906.12,557.26,26.31,2.75,55.95,51.33,264.73
2025,10,2,13,2025-10-02 13:00:00,874.29,469.76,27.32,2.75,63.7,61.69,224.89
2025,10,2,14,2025-10-02 14:00:00,780.95,588.96,28.73,2.08,58.9,32.78,280.39
2025,10,2,15,2025-10-02 15:00:00,632.47,444.33,28.32,2.68,57.54,39.66,211.55
2025,10,2,16,2025-10-02 16:00:00,438.97,270.72,27.2,1.71,61.4,51.1,122.66
2025,10,2,17,2025-10-02 17:00:00,213.64,135.19,27.0,3.65,61.74,48.96,63.71
2025,10,2,18,2025-10-02 18:00:00,0.0,0.0,25.63,3.54,60.88,31.21,0.0
2025,10,2,19,2025-10-02 19:00:00,0.0,0.0,25.18,2.22,64.75,36.44,0.0
2025,10,2,20,2025-10-02 20:00:00,0.0,0.0,24.16,1.44,61.93,58.81,0.0
2025,10,2,21,2025-10-02 21:00:00,0.0,0.0,23.83,1.91,63.42,30.63,0.0
2025,10,2,22,2025-10-02 22:00:00,0.0,0.0,21.83,4.38,66.4,51.96,0.0
2025,10,2,23,2025-10-02 23:00:00,0.0,0.0,20.61,2.56,68.52,43.98,0.0
2025,10,3,0,2025-10-03 00:00:00,0.0,0.0,17.84,3.1,68.89,43.79,0.0
2025,10,3,1,2025-10-03 01:00:00,0.0,0.0,18.32,2.24,65.26,37.07,0.0
2025,10,3,2,2025-10-03 02:00:00,0.0,0.0,19.22,2.71,71.59,60.35,0.0
2025,10,3,3,2025-10-03 03:00:00,0.0,0.0,18.23,4.39,75.32,41.0,0.0
2025,10,3,4,2025-10-03 04:00:00,0.0,0.0,18.63,3.83,69.21,37.73,0.0
2025,10,3,5,2025-10-03 05:00:00,0.0,0.0,18.71,3.29,67.8,58.1,0.0
2025,10,3,6,2025-10-03 06:00:00,0.0,0.0,19.31,4.82,71.3,57.63,0.0
2025,10,3,7,2025-10-03 07:00:00,211.21,125.82,19.49,5.28,70.05,53.9,57.06
2025,10,3,8,2025-10-03 08:00:00,436.54,248.0,22.37,4.46,62.31,57.59,117.95
2025,10,3,9,2025-10-03 09:00:00,630.04,406.15,22.62,2.91,65.78,47.38,194.95
2025,10,3,10,2025-10-03 10:00:00,778.51,547.8,24.78,4.3,65.24,39.51,265.94
2025,10,3,11,2025-10-03 11:00:00,871.85,608.57,25.75,3.73,61.79,40.26,294.84
2025,10,3,12,2025-10-03 12:00:00,903.69,486.19,27.1,3.44,62.04,61.6,232.13
2025,10,3,13,2025-10-03 13:00:00,871.85,584.21,27.72,3.01,63.11,43.99,280.48
2025,10,3,14,2025-10-03 14:00:00,778.51,535.28,27.69,2.14,57.71,41.66,257.92
2025,10,3,15,2025-10-03 15:00:00,630.04,418.4,28.45,2.77,56.87,44.79,196.96
2025,10,3,16,2025-10-03 16:00:00,436.54,299.5,29.74,3.14,58.27,41.86,145.48
2025,10,3,17,2025-10-03 17:00:00,211.21,125.4,27.62,1.29,64.17,54.17,57.16
2025,10,3,18,2025-10-03 18:00:00,0.0,0.0,26.37,2.1,61.53,60.19,0.0
2025,10,3,19,2025-10-03 19:00:00,0.0,0.0,25.8,2.06,60.24,52.07,0.0
2025,10,3,20,2025-10-03 20:00:00,0.0,0.0,24.27,2.87,63.58,43.13,0.0
2025,10,3,21,2025-10-03 21:00:00,0.0,0.0,22.32,2.85,61.74,62.59,0.0
2025,10,3,22,2025-10-03 22:00:00,0.0,0.0,21.44,3.21,67.39,62.62,0.0
2025,10,3,23,2025-10-03 23:00:00,0.0,0.0,20.35,3.31,64.28,62.06,0.0
2025,10,4,0,2025-10-04 00:00:00,0.0,0.0,18.09,3.92,71.29,62.73,0.0
2025,10,4,1,2025-10-04 01:00:00,0.0,0.0,18.21,3.88,73.07,40.21,0.0
2025,10,4,2,2025-10-04 02:00:00,0.0,0.0,17.87,4.7,73.38,44.46,0.0
2025,10,4,3,2025-10-04 03:00:00,0.0,0.0,16.74,4.32,73.26,63.93,0.0
2025,10,4,4,2025-10-04 04:00:00,0.0,0.0,17.71,3.27,71.67,53.41,0.0
2025,10,4,5,2025-10-04 05:00:00,0.0,0.0,19.02,4.62,65.15,37.93,0.0
2025,10,4,6,2025-10-04 06:00:00,0.0,0.0,19.28,4.48,70.6,35.52,0.0
2025,10,4,7,2025-10-04 07:00:00,208.78,119.01,19.27,5.28,67.02,57.33,61.15
2025,10,4,8,2025-10-04 08:00:00,434.1,226.28,21.07,4.12,67.73,63.83,103.57
2025,10,4,9,2025-10-04 09:00:00,627.58,470.33,22.87,4.45,69.42,33.41,229.83
2025,10,4,10,2025-10-04 10:00:00,776.05,500.88,25.08,4.44,62.39,47.28,240.76
2025,10,4,11,2025-10-04 11:00:00,869.38,626.1,23.44,2.44,65.34,37.31,303.48
2025,10,4,12,2025-10-04 12:00:00,901.21,587.61,25.73,4.19,61.39,46.4,284.81
2025,10,4,13,2025-10-04 13:00:00,869.38,479.51,26.55,2.29,59.46,59.79,228.33
2025,10,4,14,2025-10-04 14:00:00,776.05,475.5,27.48,1.66,57.77,51.64,227.13
2025,10,4,15,2025-10-04 15:00:00,627.58,341.1,27.13,2.51,59.25,60.86,165.92
2025,10,4,16,2025-10-04 16:00:00,434.1,302.36,28.49,3.04,60.79,40.46,148.19
2025,10,4,17,2025-10-04 17:00:00,208.78,150.72,27.8,2.15,56.95,37.08,72.18
2025,10,4,18,2025-10-04 18:00:00,0.0,0.0,25.52,3.92,65.49,35.53,0.0
2025,10,4,19,2025-10-04 19:00:00,0.0,0.0,24.76,1.5,64.59,56.14,0.0
2025,10,4,20,2025-10-04 20:00:00,0.0,0.0,23.67,1.78,65.91,58.45,0.0
2025,10,4,21,2025-10-04 21:00:00,0.0,0.0,23.56,2.41,69.69,52.8,0.0
2025,10,4,22,2025-10-04 22:00:00,0.0,0.0,22.82,2.95,61.78,60.56,0.0
2025,10,4,23,2025-10-04 23:00:00,0.0,0.0,20.33,3.68,71.0,39.74,0.0
2025,10,5,0,2025-10-05 00:00:00,0.0,0.0,18.28,2.59,61.24,56.05,0.0
2025,10,5,1,2025-10-05 01:00:00,0.0,0.0,19.12,3.34,68.08,32.4,0.0
2025,10,5,2,2025-10-05 02:00:00,0.0,0.0,18.59,3.21,75.48,36.97,0.0
2025,10,5,3,2025-10-05 03:00:00,0.0,0.0,18.28,4.7,62.25,60.83,0.0
2025,10,5,4,2025-10-05 04:00:00,0.0,0.0,16.91,6.2,67.37,48.25,0.0
2025,10,5,5,2025-10-05 05:00:00,0.0,0.0,18.14,5.56,73.12,44.69,0.0
2025,10,5,6,2025-10-05 06:00:00,0.0,0.0,18.95,3.97,71.19,57.66,0.0
2025,10,5,7,2025-10-05 07:00:00,206.34,108.71,19.93,3.26,58.76,63.09,51.33
2025,10,5,8,2025-10-05 08:00:00,431.64,276.98,21.92,3.78,66.16,47.77,138.16
2025,10,5,9,2025-10-05 09:00:00,625.1,451.3,22.59,3.48,64.94,37.07,222.5
2025,10,5,10,2025-10-05 10:00:00,773.56,558.62,24.62,4.66,66.91,37.05,268.45
2025,10,5,11,2025-10-05 11:00:00,866.88,521.72,24.63,5.02,61.06,53.09,251.19
2025,10,5,12,2025-10-05 12:00:00,898.71,570.64,26.16,2.29,60.25,48.67,274.88
2025,10,5,13,2025-10-05 13:00:00,866.88,630.12,27.57,3.55,55.52,36.42,296.81
2025,10,5,14,2025-10-05 14:00:00,773.56,517.74,28.34,1.0,57.6,44.09,245.6
2025,10,5,15,2025-10-05 15:00:00,625.1,343.64,28.4,1.48,57.93,60.04,162.78
2025,10,5,16,2025-10-05 16:00:00,431.64,267.35,26.85,2.33,57.84,50.75,126.43
2025,10,5,17,2025-10-05 17:00:00,206.34,121.1,27.07,3.04,60.21,55.08,53.29
2025,10,5,18,2025-10-05 18:00:00,0.0,0.0,26.85,2.72,61.58,37.36,0.0
2025,10,5,19,2025-10-05 19:00:00,0.0,0.0,24.58,1.08,65.66,53.5,0.0
2025,10,5,20,2025-10-05 20:00:00,0.0,0.0,24.03,2.56,66.15,63.25,0.0
2025,10,5,21,2025-10-05 21:00:00,0.0,0.0,22.14,2.18,72.87,37.83,0.0
2025,10,5,22,2025-10-05 22:00:00,0.0,0.0,20.6,2.93,65.87,54.11,0.0
2025,10,5,23,2025-10-05 23:00:00,0.0,0.0,20.35,2.33,65.13,52.82,0.0
2025,10,6,0,2025-10-06 00:00:00,0.0,0.0,18.74,4.32,74.38,43.71,0.0
2025,10,6,1,2025-10-06 01:00:00,0.0,0.0,18.07,3.32,64.06,59.04,0.0
2025,10,6,2,2025-10-06 02:00:00,0.0,0.0,16.08,4.15,67.72,62.67,0.0
2025,10,6,3,2025-10-06 03:00:00,0.0,0.0,16.4,3.67,69.21,43.04,0.0
2025,10,6,4,2025-10-06 04:00:00,0.0,0.0,17.23,5.96,75.78,45.59,0.0
2025,10,6,5,2025-10-06 05:00:00,0.0,0.0,17.85,5.25,71.17,60.19,0.0
2025,10,6,6,2025-10-06 06:00:00,0.0,0.0,18.96,3.95,71.66,60.29,0.0
2025,10,6,7,2025-10-06 07:00:00,203.91,107.19,19.99,4.55,68.05,63.24,50.35
2025,10,6,8,2025-10-06 08:00:00,429.17,255.6,21.27,5.05,64.76,53.92,124.2
2025,10,6,9,2025-10-06 09:00:00,622.6,414.83,21.92,3.89,58.92,44.5,194.09
2025,10,6,10,2025-10-06 10:00:00,771.03,418.26,22.04,2.38,61.04,61.0,198.24
2025,10,6,11,2025-10-06 11:00:00,864.34,501.03,24.97,4.23,64.36,56.05,243.15
2025,10,6,12,2025-10-06 12:00:00,896.17,619.67,27.42,3.45,63.51,41.14,293.49
2025,10,6,13,2025-10-06 13:00:00,864.34,447.48,25.68,2.56,63.32,64.31,211.85
2025,10,6,14,2025-10-06 14:00:00,771.03,518.79,27.04,3.92,58.36,43.62,241.32
2025,10,6,15,2025-10-06 15:00:00,622.6,460.63,26.84,0.9,57.18,34.69,226.26
2025,10,6,16,2025-10-06 16:00:00,429.17,297.42,27.33,2.25,63.02,40.93,139.55
2025,10,6,17,2025-10-06 17:00:00,203.91,106.6,26.8,0.5,55.98,63.63,48.96
2025,10,6,18,2025-10-06 18:00:00,0.0,0.0,25.69,2.87,59.89,48.09,0.0
2025,10,6,19,2025-10-06 19:00:00,0.0,0.0,24.55,2.96,67.29,34.38,0.0
2025,10,6,20,2025-10-06 20:00:00,0.0,0.0,22.63,2.6,69.71,45.54,0.0
2025,10,6,21,2025-10-06 21:00:00,0.0,0.0,22.63,3.01,62.63,44.22,0.0
2025,10,6,22,2025-10-06 22:00:00,0.0,0.0,22.5,4.62,61.13,35.56,0.0
2025,10,6,23,2025-10-06 23:00:00,0.0,0.0,19.31,3.56,70.37,43.71,0.0
2025,10,7,0,2025-10-07 00:00:00,0.0,0.0,18.29,4.51,66.47,31.5,0.0
2025,10,7,1,2025-10-07 01:00:00,0.0,0.0,17.47,3.96,66.09,31.88,0.0
2025,10,7,2,2025-10-07 02:00:00,0.0,0.0,17.66,3.01,64.83,46.5,0.0
2025,10,7,3,2025-10-07 03:00:00,0.0,0.0,15.52,3.18,75.95,39.05,0.0
2025,10,7,4,2025-10-07 04:00:00,0.0,0.0,17.87,4.41,64.79,44.48,0.0
2025,10,7,5,2025-10-07 05:00:00,0.0,0.0,17.57,5.25,69.92,31.93,0.0
2025,10,7,6,2025-10-07 06:00:00,0.0,0.0,18.96,5.47,69.75,32.92,0.0
2025,10,7,7,2025-10-07 07:00:00,201.47,143.17,20.47,4.45,64.59,38.58,67.33
2025,10,7,8,2025-10-07 08:00:00,426.69,298.34,21.09,3.83,70.17,40.11,146.67
2025,10,7,9,2025-10-07 09:00:00,620.09,330.46,23.29,4.36,61.96,62.28,161.86
2025,10,7,10,2025-10-07 10:00:00,768.49,494.55,23.43,4.29,60.69,47.53,240.99
2025,10,7,11,2025-10-07 11:00:00,861.78,574.17,23.91,3.24,62.47,44.5,273.53
2025,10,7,12,2025-10-07 12:00:00,893.6,603.84,25.7,2.5,62.87,43.23,289.34
2025,10,7,13,2025-10-07 13:00:00,861.78,502.91,25.17,3.67,65.46,55.52,242.02
2025,10,7,14,2025-10-07 14:00:00,768.49,483.0,26.91,2.49,62.81,49.53,227.67
2025,10,7,15,2025-10-07 15:00:00,620.09,455.11,26.34,3.37,56.09,35.47,218.45
2025,10,7,16,2025-10-07 16:00:00,426.69,311.69,26.37,2.25,57.77,35.94,150.38
2025,10,7,17,2025-10-07 17:00:00,201.47,132.97,26.78,4.23,62.64,45.33,59.51
2025,10,7,18,2025-10-07 18:00:00,0.0,0.0,25.33,1.77,63.87,37.83,0.0
2025,10,7,19,2025-10-07 19:00:00,0.0,0.0,24.36,1.75,60.68,49.36,0.0
2025,10,7,20,2025-10-07 20:00:00,0.0,0.0,23.08,3.63,62.89,47.41,0.0
2025,10,7,21,2025-10-07 21:00:00,0.0,0.0,22.36,4.44,68.99,49.86,0.0
2025,10,7,22,2025-10-07 22:00:00,0.0,0.0,21.92,2.98,62.2,41.15,0.0
2025,10,7,23,2025-10-07 23:00:00,0.0,0.0,18.88,3.16,66.17,55.13,0.0
2025,10,8,0,2025-10-08 00:00:00,0.0,0.0,16.65,4.28,69.55,35.11,0.0
2025,10,8,1,2025-10-08 01:00:00,0.0,0.0,17.95,4.52,73.17,58.89,0.0
2025,10,8,2,2025-10-08 02:00:00,0.0,0.0,16.68,6.03,74.67,62.9,0.0
2025,10,8,3,2025-10-08 03:00:00,0.0,0.0,16.23,3.88,75.28,58.91,0.0
2025,10,8,4,2025-10-08 04:00:00,0.0,0.0,17.5,4.36,68.33,62.25,0.0
2025,10,8,5,2025-10-08 05:00:00,0.0,0.0,19.23,5.71,67.86,57.91,0.0
2025,10,8,6,2025-10-08 06:00:00,0.0,0.0,18.45,6.88,65.9,50.71,0.0
2025,10,8,7,2025-10-08 07:00:00,199.03,146.75,19.17,4.51,72.02,35.02,74.6
2025,10,8,8,2025-10-08 08:00:00,424.2,312.37,21.23,3.28,71.15,35.15,147.86
2025,10,8,9,2025-10-08 09:00:00,617.55,454.6,22.09,5.12,64.85,35.18,220.77
2025,10,8,10,2025-10-08 10:00:00,765.92,434.23,22.42,3.46,62.82,57.74,214.57
2025,10,8,11,2025-10-08 11:00:00,859.18,609.35,24.67,3.88,58.26,38.77,292.42
2025,10,8,12,2025-10-08 12:00:00,890.99,581.07,25.72,4.73,64.79,46.38,276.88
2025,10,8,13,2025-10-08 13:00:00,859.18,652.29,27.4,2.13,54.13,32.11,309.53
2025,10,8,14,2025-10-08 14:00:00,765.92,533.96,26.19,2.66,57.33,40.38,259.43
2025,10,8,15,2025-10-08 15:00:00,617.55,407.09,28.97,2.29,62.38,45.44,192.6
2025,10,8,16,2025-10-08 16:00:00,424.2,237.88,26.54,2.88,56.47,58.56,111.24
2025,10,8,17,2025-10-08 17:00:00,199.03,123.9,27.13,2.09,63.51,50.33,56.78
2025,10,8,18,2025-10-08 18:00:00,0.0,0.0,24.95,2.6,58.78,47.66,0.0
2025,10,8,19,2025-10-08 19:00:00,0.0,0.0,25.21,1.58,65.94,41.99,0.0
2025,10,8,20,2025-10-08 20:00:00,0.0,0.0,23.48,2.13,65.54,38.71,0.0
2025,10,8,21,2025-10-08 21:00:00,0.0,0.0,22.2,2.52,68.01,36.01,0.0
2025,10,8,22,2025-10-08 22:00:00,0.0,0.0,21.73,2.05,68.44,35.34,0.0
2025,10,8,23,2025-10-08 23:00:00,0.0,0.0,18.64,4.4,66.46,35.2,0.0
2025,10,9,0,2025-10-09 00:00:00,0.0,0.0,17.73,4.2,68.74,53.09,0.0
2025,10,9,1,2025-10-09 01:00:00,0.0,0.0,17.63,4.05,72.69,56.95,0.0
2025,10,9,2,2025-10-09 02:00:00,0.0,0.0,17.16,2.81,66.81,30.59,0.0
2025,10,9,3,2025-10-09 03:00:00,0.0,0.0,17.44,2.99,71.55,59.07,0.0
2025,10,9,4,2025-10-09 04:00:00,0.0,0.0,17.98,4.68,72.19,34.28,0.0
2025,10,9,5,2025-10-09 05:00:00,0.0,0.0,18.05,4.28,67.33,48.4,0.0
2025,10,9,6,2025-10-09 06:00:00,0.0,0.0,18.76,4.98,73.59,43.96,0.0
2025,10,9,7,2025-10-09 07:00:00,196.6,140.12,18.96,4.67,64.14,38.31,72.29
2025,10,9,8,2025-10-09 08:00:00,421.7,251.36,21.17,3.88,64.89,53.86,125.18
2025,10,9,9,2025-10-09 09:00:00,615.0,424.18,21.28,4.88,67.37,41.37,203.29
2025,10,9,10,2025-10-09 10:00:00,763.32,415.23,23.28,5.39,61.11,60.8,204.1
2025,10,9,11,2025-10-09 11:00:00,856.56,439.96,25.37,3.9,66.56,64.85,208.17
2025,10,9,12,2025-10-09 12:00:00,888.37,604.96,25.37,4.11,58.95,42.54,291.18
2025,10,9,13,2025-10-09 13:00:00,856.56,642.74,24.93,3.65,60.89,33.28,315.49
2025,10,9,14,2025-10-09 14:00:00,763.32,405.99,26.87,3.03,57.55,62.42,188.6
2025,10,9,15,2025-10-09 15:00:00,615.0,338.9,26.91,2.17,61.37,59.86,164.41
2025,10,9,16,2025-10-09 16:00:00,421.7,326.17,26.35,2.16,58.61,30.2,160.07
2025,10,9,17,2025-10-09 17:00:00,196.6,127.11,26.47,2.57,54.61,47.13,61.3
2025,10,9,18,2025-10-09 18:00:00,0.0,0.0,25.76,1.78,60.67,63.95,0.0
2025,10,9,19,2025-10-09 19:00:00,0.0,0.0,24.73,3.81,61.12,31.82,0.0
2025,10,9,20,2025-10-09 20:00:00,0.0,0.0,24.21,1.5,67.51,56.66,0.0
2025,10,9,21,2025-10-09 21:00:00,0.0,0.0,21.55,2.07,64.23,64.85,0.0
2025,10,9,22,2025-10-09 22:00:00,0.0,0.0,20.96,2.96,64.17,48.63,0.0
2025,10,9,23,2025-10-09 23:00:00,0.0,0.0,19.5,2.4,59.38,37.49,0.0
2025,10,10,0,2025-10-10 00:00:00,0.0,0.0,18.51,2.85,71.26,32.74,0.0
2025,10,10,1,2025-10-10 01:00:00,0.0,0.0,17.39,4.15,73.9,56.65,0.0
2025,10,10,2,2025-10-10 02:00:00,0.0,0.0,18.66,4.29,68.83,59.63,0.0
2025,10,10,3,2025-10-10 03:00:00,0.0,0.0,17.49,3.63,67.69,63.15,0.0
2025,10,10,4,2025-10-10 04:00:00,0.0,0.0,16.54,4.62,74.61,42.21,0.0
2025,10,10,5,2025-10-10 05:00:00,0.0,0.0,16.11,4.35,73.72,49.52,0.0
2025,10,10,6,2025-10-10 06:00:00,0.0,0.0,19.44,4.66,74.47,51.82,0.0
2025,10,10,7,2025-10-10 07:00:00,194.17,128.27,20.77,4.24,68.98,45.25,56.68
2025,10,10,8,2025-10-10 08:00:00,419.2,237.65,22.46,5.42,59.22,57.74,115.53
2025,10,10,9,2025-10-10 09:00:00,612.43,339.61,21.22,3.17,63.51,59.4,162.53
2025,10,10,10,2025-10-10 10:00:00,760.71,399.7,22.6,3.77,61.73,63.28,188.01
2025,10,10,11,2025-10-10 11:00:00,853.92,528.4,24.4,4.08,55.81,50.83,249.55
2025,10,10,12,2025-10-10 12:00:00,885.71,591.62,25.25,5.19,64.11,44.27,279.18
2025,10,10,13,2025-10-10 13:00:00,853.92,634.19,26.6,3.93,58.31,34.31,298.49
2025,10,10,14,2025-10-10 14:00:00,760.71,570.11,26.84,3.65,52.18,33.41,271.15
2025,10,10,15,2025-10-10 15:00:00,612.43,473.05,27.96,1.61,62.9,30.35,222.47
2025,10,10,16,2025-10-10 16:00:00,419.2,298.51,25.32,2.49,60.99,38.39,137.02
2025,10,10,17,2025-10-10 17:00:00,194.17,104.72,27.28,3.63,61.37,61.42,52.67
2025,10,10,18,2025-10-10 18:00:00,0.0,0.0,25.47,3.32,63.16,45.13,0.0
2025,10,10,19,2025-10-10 19:00:00,0.0,0.0,23.65,2.92,65.05,41.06,0.0
2025,10,10,20,2025-10-10 20:00:00,0.0,0.0,23.51,1.18,58.56,49.82,0.0
2025,10,10,21,2025-10-10 21:00:00,0.0,0.0,21.81,3.47,64.67,34.05,0.0
2025,10,10,22,2025-10-10 22:00:00,0.0,0.0,19.89,2.97,67.91,49.22,0.0
2025,10,10,23,2025-10-10 23:00:00,0.0,0.0,19.44,3.14,66.2,60.84,0.0
2025,10,11,0,2025-10-11 00:00:00,0.0,0.0,17.77,3.41,70.48,51.96,0.0
2025,10,11,1,2025-10-11 01:00:00,0.0,0.0,16.7,3.17,64.49,64.88,0.0
2025,10,11,2,2025-10-11 02:00:00,0.0,0.0,17.64,6.0,67.7,57.05,0.0
2025,10,11,3,2025-10-11 03:00:00,0.0,0.0,16.56,5.2,72.32,31.84,0.0
2025,10,11,4,2025-10-11 04:00:00,0.0,0.0,16.68,4.24,67.54,48.85,0.0
2025,10,11,5,2025-10-11 05:00:00,0.0,0.0,18.01,5.58,66.84,64.47,0.0
2025,10,11,6,2025-10-11 06:00:00,0.0,0.0,19.12,3.69,74.35,47.62,0.0
2025,10,11,7,2025-10-11 07:00:00,191.74,129.88,19.38,5.92,66.25,43.02,62.88
2025,10,11,8,2025-10-11 08:00:00,416.69,300.51,19.47,5.39,65.79,37.17,148.65
2025,10,11,9,2025-10-11 09:00:00,609.85,350.32,21.19,4.13,67.87,56.74,165.57
2025,10,11,10,2025-10-11 10:00:00,758.07,390.01,22.04,3.98,62.3,64.74,191.41
2025,10,11,11,2025-10-11 11:00:00,851.25,505.65,24.7,4.12,63.28,54.13,244.31
2025,10,11,12,2025-10-11 12:00:00,883.03,529.92,26.68,3.14,57.84,53.32,256.18
2025,10,11,13,2025-10-11 13:00:00,851.25,593.78,26.65,3.46,53.79,40.33,278.47
2025,10,11,14,2025-10-11 14:00:00,758.07,530.96,27.11,3.02,58.64,39.95,253.22
2025,10,11,15,2025-10-11 15:00:00,609.85,380.39,27.07,2.79,60.37,50.17,183.46
2025,10,11,16,2025-10-11 16:00:00,416.69,276.48,27.65,2.58,59.35,44.86,132.31
2025,10,11,17,2025-10-11 17:00:00,191.74,110.42,25.83,2.53,53.88,56.55,53.97
2025,10,11,18,2025-10-11 18:00:00,0.0,0.0,25.51,2.85,57.66,53.9,0.0
2025,10,11,19,2025-10-11 19:00:00,0.0,0.0,23.63,2.23,60.5,54.27,0.0
2025,10,11,20,2025-10-11 20:00:00,0.0,0.0,22.33,2.34,63.92,52.82,0.0
2025,10,11,21,2025-10-11 21:00:00,0.0,0.0,22.68,2.68,69.35,42.6,0.0
2025,10,11,22,2025-10-11 22:00:00,0.0,0.0,21.21,2.96,66.68,53.55,0.0
2025,10,11,23,2025-10-11 23:00:00,0.0,0.0,20.81,3.84,72.28,33.57,0.0
2025,10,12,0,2025-10-12 00:00:00,0.0,0.0,18.35,3.65,68.51,64.54,0.0
2025,10,12,1,2025-10-12 01:00:00,0.0,0.0,17.35,2.57,70.38,39.55,0.0
2025,10,12,2,2025-10-12 02:00:00,0.0,0.0,17.37,4.63,71.72,38.07,0.0
2025,10,12,3,2025-10-12 03:00:00,0.0,0.0,17.16,3.17,69.13,57.19,0.0
2025,10,12,4,2025-10-12 04:00:00,0.0,0.0,16.21,4.5,71.73,38.21,0.0
2025,10,12,5,2025-10-12 05:00:00,0.0,0.0,15.85,5.46,66.76,40.18,0.0
2025,10,12,6,2025-10-12 06:00:00,0.0,0.0,17.3,3.24,65.97,45.2,0.0
2025,10,12,7,2025-10-12 07:00:00,189.32,115.6,18.84,4.21,66.78,51.92,56.63
2025,10,12,8,2025-10-12 08:00:00,414.17,269.56,21.4,5.9,64.54,46.55,131.86
2025,10,12,9,2025-10-12 09:00:00,607.26,432.77,22.01,4.86,67.31,38.31,207.11
2025,10,12,10,2025-10-12 10:00:00,755.42,445.83,22.82,4.35,66.72,54.64,214.84
2025,10,12,11,2025-10-12 11:00:00,848.56,476.15,24.81,2.55,57.1,58.52,231.08
2025,10,12,12,2025-10-12 12:00:00,880.33,650.04,25.76,3.13,61.69,34.88,309.18
2025,10,12,13,2025-10-12 13:00:00,848.56,530.83,28.6,3.69,63.74,49.92,251.4
2025,10,12,14,2025-10-12 14:00:00,755.42,575.68,25.87,2.3,61.47,31.73,274.57
2025,10,12,15,2025-10-12 15:00:00,607.26,400.31,26.01,2.85,54.75,45.44,190.05
2025,10,12,16,2025-10-12 16:00:00,414.17,235.92,26.72,1.08,62.73,57.38,112.65
2025,10,12,17,2025-10-12 17:00:00,189.32,114.39,26.35,1.27,59.64,52.77,49.63
2025,10,12,18,2025-10-12 18:00:00,0.0,0.0,25.94,2.93,63.88,59.68,0.0
2025,10,12,19,2025-10-12 19:00:00,0.0,0.0,25.03,3.65,61.52,50.12,0.0
2025,10,12,20,2025-10-12 20:00:00,0.0,0.0,22.55,4.32,63.75,46.15,0.0
2025,10,12,21,2025-10-12 21:00:00,0.0,0.0,21.29,2.46,67.55,47.09,0.0
2025,10,12,22,2025-10-12 22:00:00,0.0,0.0,20.39,2.24,69.36,54.15,0.0
2025,10,12,23,2025-10-12 23:00:00,0.0,0.0,19.23,4.62,64.35,42.62,0.0
2025,10,13,0,2025-10-13 00:00:00,0.0,0.0,16.73,4.24,68.68,60.41,0.0
2025,10,13,1,2025-10-13 01:00:00,0.0,0.0,17.61,3.45,65.77,34.77,0.0
2025,10,13,2,2025-10-13 02:00:00,0.0,0.0,16.07,4.42,67.97,52.79,0.0
2025,10,13,3,2025-10-13 03:00:00,0.0,0.0,17.38,4.47,75.59,30.18,0.0
2025,10,13,4,2025-10-13 04:00:00,0.0,0.0,16.91,5.14,66.61,47.94,0.0
2025,10,13,5,2025-10-13 05:00:00,0.0,0.0,16.64,4.78,69.12,55.64,0.0
2025,10,13,6,2025-10-13 06:00:00,0.0,0.0,18.1,4.05,68.35,35.81,0.0
2025,10,13,7,2025-10-13 07:00:00,186.9,112.53,18.25,4.85,65.34,53.06,48.38
2025,10,13,8,2025-10-13 08:00:00,411.65,233.12,18.7,5.03,66.51,57.83,116.95
2025,10,13,9,2025-10-13 09:00:00,604.65,429.86,21.76,3.88,64.26,38.54,209.27
2025,10,13,10,2025-10-13 10:00:00,752.75,409.22,21.76,5.2,59.67,60.85,203.23
2025,10,13,11,2025-10-13 11:00:00,845.85,579.18,24.15,4.6,58.61,42.04,280.15
2025,10,13,12,2025-10-13 12:00:00,877.6,570.72,24.67,3.25,61.23,46.62,276.78
2025,10,13,13,2025-10-13 13:00:00,845.85,517.25,26.97,4.47,62.64,51.8,250.22
2025,10,13,14,2025-10-13 14:00:00,752.75,556.15,24.84,4.41,58.36,34.82,264.36
2025,10,13,15,2025-10-13 15:00:00,604.65,446.43,26.48,2.02,58.33,34.89,206.82
2025,10,13,16,2025-10-13 16:00:00,411.65,219.43,25.54,2.8,62.83,62.26,101.05
2025,10,13,17,2025-10-13 17:00:00,186.9,113.05,24.66,3.5,59.55,52.68,53.58
2025,10,13,18,2025-10-13 18:00:00,0.0,0.0,26.12,2.65,59.58,59.55,0.0
2025,10,13,19,2025-10-13 19:00:00,0.0,0.0,25.21,2.02,61.85,41.5,0.0
2025,10,13,20,2025-10-13 20:00:00,0.0,0.0,21.62,2.55,64.09,48.61,0.0
2025,10,13,21,2025-10-13 21:00:00,0.0,0.0,20.66,3.21,63.42,33.87,0.0
2025,10,13,22,2025-10-13 22:00:00,0.0,0.0,19.53,2.29,62.53,49.9,0.0
2025,10,13,23,2025-10-13 23:00:00,0.0,0.0,17.05,3.38,68.39,38.69,0.0
2025,10,14,0,2025-10-14 00:00:00,0.0,0.0,17.75,3.28,73.36,35.86,0.0
2025,10,14,1,2025-10-14 01:00:00,0.0,0.0,17.1,3.5,75.89,57.33,0.0
2025,10,14,2,2025-10-14 02:00:00,0.0,0.0,16.67,4.49,73.85,51.71,0.0
2025,10,14,3,2025-10-14 03:00:00,0.0,0.0,17.91,5.22,70.47,35.05,0.0
2025,10,14,4,2025-10-14 04:00:00,0.0,0.0,17.29,3.73,70.37,49.77,0.0
2025,10,14,5,2025-10-14 05:00:00,0.0,0.0,17.71,3.62,72.22,57.59,0.0
2025,10,14,6,2025-10-14 06:00:00,0.0,0.0,17.15,4.33,70.33,41.64,0.0
2025,10,14,7,2025-10-14 07:00:00,184.49,113.23,21.76,5.25,67.48,51.5,59.91
2025,10,14,8,2025-10-14 08:00:00,409.13,291.93,19.2,4.22,63.63,38.2,141.93
2025,10,14,9,2025-10-14 09:00:00,602.04,353.78,21.18,4.55,67.7,54.98,168.73
2025,10,14,10,2025-10-14 10:00:00,750.06,543.14,21.19,3.58,62.74,36.78,266.59
2025,10,14,11,2025-10-14 11:00:00,843.12,603.14,23.36,4.29,63.22,37.95,295.08
2025,10,14,12,2025-10-14 12:00:00,874.85,636.68,26.88,2.52,59.34,36.3,303.5
2025,10,14,13,2025-10-14 13:00:00,843.12,558.75,26.1,2.77,58.51,44.97,261.64
2025,10,14,14,2025-10-14 14:00:00,750.06,504.18,26.52,1.18,60.83,43.71,245.86
2025,10,14,15,2025-10-14 15:00:00,602.04,425.58,26.08,2.37,59.88,39.08,200.88
2025,10,14,16,2025-10-14 16:00:00,409.13,264.13,26.77,2.18,56.67,47.26,125.5
2025,10,14,17,2025-10-14 17:00:00,184.49,101.25,25.83,2.14,61.49,60.16,49.14
2025,10,14,18,2025-10-14 18:00:00,0.0,0.0,25.1,2.11,60.5,38.84,0.0
2025,10,14,19,2025-10-14 19:00:00,0.0,0.0,22.32,3.81,60.5,42.74,0.0
2025,10,14,20,2025-10-14 20:00:00,0.0,0.0,22.08,1.82,64.97,43.6,0.0
2025,10,14,21,2025-10-14 21:00:00,0.0,0.0,20.37,4.66,68.47,62.6,0.0
2025,10,14,22,2025-10-14 22:00:00,0.0,0.0,20.08,3.09,68.37,43.73,0.0
2025,10,14,23,2025-10-14 23:00:00,0.0,0.0,20.67,3.05,66.08,38.65,0.0
2025,10,15,0,2025-10-15 00:00:00,0.0,0.0,18.3,3.21,73.11,32.54,0.0
2025,10,15,1,2025-10-15 01:00:00,0.0,0.0,17.26,4.34,60.09,58.28,0.0
2025,10,15,2,2025-10-15 02:00:00,0.0,0.0,17.27,4.97,66.19,60.22,0.0
2025,10,15,3,2025-10-15 03:00:00,0.0,0.0,15.52,4.33,65.56,45.77,0.0
2025,10,15,4,2025-10-15 04:00:00,0.0,0.0,15.95,4.68,76.76,36.89,0.0
2025,10,15,5,2025-10-15 05:00:00,0.0,0.0,18.17,3.18,69.08,58.16,0.0
2025,10,15,6,2025-10-15 06:00:00,0.0,0.0,18.29,5.46,71.68,58.64,0.0
2025,10,15,7,2025-10-15 07:00:00,182.08,118.72,19.19,4.47,66.03,46.4,60.47
2025,10,15,8,2025-10-15 08:00:00,406.61,234.17,20.06,5.09,66.34,56.55,120.96
2025,10,15,9,2025-10-15 09:00:00,599.42,345.7,21.3,4.24,64.75,56.44,169.48
2025,10,15,10,2025-10-15 10:00:00,747.37,582.33,21.72,4.3,58.82,29.44,282.53
2025,10,15,11,2025-10-15 11:00:00,840.37,622.54,23.19,3.36,65.86,34.56,301.74
2025,10,15,12,2025-10-15 12:00:00,872.09,615.89,25.66,3.04,60.06,39.17,295.13
2025,10,15,13,2025-10-15 13:00:00,840.37,479.81,25.52,3.28,55.36,57.21,227.18
2025,10,15,14,2025-10-15 14:00:00,747.37,486.47,25.7,3.07,58.94,46.54,233.81
2025,10,15,15,2025-10-15 15:00:00,599.42,368.8,27.65,3.4,60.95,51.3,170.65
2025,10,15,16,2025-10-15 16:00:00,406.61,252.98,26.77,3.28,60.15,50.38,117.62
2025,10,15,17,2025-10-15 17:00:00,182.08,113.68,25.45,1.95,57.57,50.09,57.61
2025,10,15,18,2025-10-15 18:00:00,0.0,0.0,26.69,0.5,60.07,46.02,0.0
2025,10,15,19,2025-10-15 19:00:00,0.0,0.0,24.03,3.06,60.24,39.5,0.0
2025,10,15,20,2025-10-15 20:00:00,0.0,0.0,21.93,2.18,61.62,58.27,0.0
2025,10,15,21,2025-10-15 21:00:00,0.0,0.0,21.53,2.83,66.45,38.49,0.0
2025,10,15,22,2025-10-15 22:00:00,0.0,0.0,21.85,2.33,64.19,34.44,0.0
2025,10,15,23,2025-10-15 23:00:00,0.0,0.0,19.51,4.29,61.8,55.03,0.0
2025,10,16,0,2025-10-16 00:00:00,0.0,0.0,17.5,4.95,70.44,53.04,0.0
2025,10,16,1,2025-10-16 01:00:00,0.0,0.0,18.01,4.62,65.97,49.52,0.0
2025,10,16,2,2025-10-16 02:00:00,0.0,0.0,17.1,4.4,70.84,35.97,0.0
2025,10,16,3,2025-10-16 03:00:00,0.0,0.0,16.0,5.13,67.43,53.19,0.0
2025,10,16,4,2025-10-16 04:00:00,0.0,0.0,16.5,6.15,72.1,57.3,0.0
2025,10,16,5,2025-10-16 05:00:00,0.0,0.0,16.61,5.07,69.65,40.01,0.0
2025,10,16,6,2025-10-16 06:00:00,0.0,0.0,17.52,3.33,69.9,35.25,0.0
2025,10,16,7,2025-10-16 07:00:00,179.69,102.38,19.06,3.73,66.54,57.36,52.59
2025,10,16,8,2025-10-16 08:00:00,404.09,309.91,19.25,5.76,68.61,31.08,155.42
2025,10,16,9,2025-10-16 09:00:00,596.79,364.91,21.71,4.4,63.88,51.81,182.95
2025,10,16,10,2025-10-16 10:00:00,744.65,465.96,22.91,3.91,63.73,49.9,226.81
2025,10,16,11,2025-10-16 11:00:00,837.61,598.99,23.71,3.7,63.22,37.98,287.63
2025,10,16,12,2025-10-16 12:00:00,869.31,572.97,24.25,3.92,63.62,45.45,275.03
2025,10,16,13,2025-10-16 13:00:00,837.61,639.39,25.63,2.41,68.81,31.55,305.03
2025,10,16,14,2025-10-16 14:00:00,744.65,490.43,27.2,1.16,61.89,45.52,236.28
2025,10,16,15,2025-10-16 15:00:00,596.79,447.62,25.72,3.91,54.45,33.33,212.19
2025,10,16,16,2025-10-16 16:00:00,404.09,242.04,26.07,2.7,55.71,53.47,117.93
2025,10,16,17,2025-10-16 17:00:00,179.69,134.49,26.09,2.15,59.73,33.54,67.83
2025,10,16,18,2025-10-16 18:00:00,0.0,0.0,23.39,1.85,60.25,55.32,0.0
2025,10,16,19,2025-10-16 19:00:00,0.0,0.0,23.61,2.42,58.02,32.69,0.0
2025,10,16,20,2025-10-16 20:00:00,0.0,0.0,21.82,3.21,61.6,43.08,0.0
2025,10,16,21,2025-10-16 21:00:00,0.0,0.0,22.54,2.52,66.32,42.75,0.0
2025,10,16,22,2025-10-16 22:00:00,0.0,0.0,19.54,3.51,66.98,54.33,0.0
2025,10,16,23,2025-10-16 23:00:00,0.0,0.0,18.12,3.07,65.42,38.29,0.0
2025,10,17,0,2025-10-17 00:00:00,0.0,0.0,17.19,4.62,72.45,57.16,0.0
2025,10,17,1,2025-10-17 01:00:00,0.0,0.0,17.33,4.41,72.29,35.82,0.0
2025,10,17,2,2025-10-17 02:00:00,0.0,0.0,15.93,4.41,70.87,42.84,0.0
2025,10,17,3,2025-10-17 03:00:00,0.0,0.0,15.47,5.38,68.8,48.05,0.0
2025,10,17,4,2025-10-17 04:00:00,0.0,0.0,16.83,4.68,67.24,49.71,0.0
2025,10,17,5,2025-10-17 05:00:00,0.0,0.0,17.57,3.65,68.61,47.32,0.0
2025,10,17,6,2025-10-17 06:00:00,0.0,0.0,17.24,4.97,70.79,31.08,0.0
2025,10,17,7,2025-10-17 07:00:00,177.3,129.49,17.95,4.64,67.89,35.96,64.55
2025,10,17,8,2025-10-17 08:00:00,401.57,210.8,18.42,4.34,63.01,63.34,105.99
2025,10,17,9,2025-10-17 09:00:00,594.16,400.35,21.05,3.78,64.53,43.49,195.42
2025,10,17,10,2025-10-17 10:00:00,741.93,583.72,22.31,3.62,63.75,28.43,289.63
2025,10,17,11,2025-10-17 11:00:00,834.83,604.89,24.24,3.16,66.79,36.72,296.06
2025,10,17,12,2025-10-17 12:00:00,866.51,457.64,24.69,4.41,62.74,62.91,217.3
2025,10,17,13,2025-10-17 13:00:00,834.83,557.96,24.93,3.08,58.87,44.22,262.52
2025,10,17,14,2025-10-17 14:00:00,741.93,574.34,25.92,3.72,62.19,30.12,270.7
2025,10,17,15,2025-10-17 15:00:00,594.16,342.29,24.97,1.86,60.44,56.52,165.75
2025,10,17,16,2025-10-17 16:00:00,401.57,211.66,26.03,2.37,62.14,63.06,105.59
2025,10,17,17,2025-10-17 17:00:00,177.3,102.88,25.13,1.27,60.01,55.97,47.94
2025,10,17,18,2025-10-17 18:00:00,0.0,0.0,24.19,3.81,59.26,34.67,0.0
2025,10,17,19,2025-10-17 19:00:00,0.0,0.0,21.86,2.04,63.85,39.36,0.0
2025,10,17,20,2025-10-17 20:00:00,0.0,0.0,22.46,1.69,68.05,45.08,0.0
2025,10,17,21,2025-10-17 21:00:00,0.0,0.0,20.06,2.81,65.22,55.24,0.0
2025,10,17,22,2025-10-17 22:00:00,0.0,0.0,18.86,1.33,65.34,63.24,0.0
2025,10,17,23,2025-10-17 23:00:00,0.0,0.0,20.01,2.5,66.99,48.18,0.0
2025,10,18,0,2025-10-18 00:00:00,0.0,0.0,16.52,5.19,71.29,56.67,0.0
2025,10,18,1,2025-10-18 01:00:00,0.0,0.0,17.29,3.95,73.55,33.84,0.0
2025,10,18,2,2025-10-18 02:00:00,0.0,0.0,14.85,4.7,73.09,48.0,0.0
2025,10,18,3,2025-10-18 03:00:00,0.0,0.0,16.35,4.64,74.78,57.27,0.0
2025,10,18,4,2025-10-18 04:00:00,0.0,0.0,16.5,3.94,72.7,41.97,0.0
2025,10,18,5,2025-10-18 05:00:00,0.0,0.0,15.83,6.46,71.35,59.86,0.0
2025,10,18,6,2025-10-18 06:00:00,0.0,0.0,18.01,4.43,67.25,59.35,0.0
2025,10,18,7,2025-10-18 07:00:00,174.93,137.53,19.43,5.72,69.16,28.5,68.29
2025,10,18,8,2025-10-18 08:00:00,399.06,250.37,19.41,4.73,66.72,49.68,121.31
2025,10,18,9,2025-10-18 09:00:00,591.52,349.3,22.67,3.67,68.23,54.6,170.08
2025,10,18,10,2025-10-18 10:00:00,739.2,454.92,24.09,5.32,61.91,51.28,220.44
2025,10,18,11,2025-10-18 11:00:00,832.04,588.36,22.24,3.49,57.22,39.05,290.82
2025,10,18,12,2025-10-18 12:00:00,863.71,642.83,24.37,3.76,61.87,34.1,306.78
2025,10,18,13,2025-10-18 13:00:00,832.04,496.5,26.94,2.84,59.81,53.77,232.64
2025,10,18,14,2025-10-18 14:00:00,739.2,553.12,26.57,4.58,53.1,33.56,259.31
2025,10,18,15,2025-10-18 15:00:00,591.52,389.84,25.16,2.03,57.71,45.46,184.76
2025,10,18,16,2025-10-18 16:00:00,399.06,241.45,26.12,1.36,61.69,52.66,118.97
2025,10,18,17,2025-10-18 17:00:00,174.93,105.68,24.74,5.32,60.17,52.78,53.48
2025,10,18,18,2025-10-18 18:00:00,0.0,0.0,25.83,2.28,62.89,57.19,0.0
2025,10,18,19,2025-10-18 19:00:00,0.0,0.0,22.73,2.09,61.77,59.32,0.0
2025,10,18,20,2025-10-18 20:00:00,0.0,0.0,20.84,1.97,60.32,36.21,0.0
2025,10,18,21,2025-10-18 21:00:00,0.0,0.0,21.6,1.42,69.47,58.79,0.0
2025,10,18,22,2025-10-18 22:00:00,0.0,0.0,19.73,3.1,64.87,56.72,0.0
2025,10,18,23,2025-10-18 23:00:00,0.0,0.0,17.4,2.55,62.56,51.26,0.0
2025,10,19,0,2025-10-19 00:00:00,0.0,0.0,17.58,3.44,67.1,58.29,0.0
2025,10,19,1,2025-10-19 01:00:00,0.0,0.0,16.29,3.8,67.95,49.43,0.0
2025,10,19,2,2025-10-19 02:00:00,0.0,0.0,15.56,3.96,71.66,45.03,0.0
2025,10,19,3,2025-10-19 03:00:00,0.0,0.0,15.85,4.45,74.39,58.43,0.0
2025,10,19,4,2025-10-19 04:00:00,0.0,0.0,15.45,5.01,68.17,37.1,0.0
2025,10,19,5,2025-10-19 05:00:00,0.0,0.0,15.37,4.4,71.38,47.84,0.0
2025,10,19,6,2025-10-19 06:00:00,0.0,0.0,18.45,4.98,66.33,43.91,0.0
2025,10,19,7,2025-10-19 07:00:00,172.56,117.98,18.98,4.15,64.46,42.17,53.13
2025,10,19,8,2025-10-19 08:00:00,396.54,221.78,18.73,5.42,67.12,58.76,103.94
2025,10,19,9,2025-10-19 09:00:00,588.88,393.57,21.65,4.6,67.19,44.22,191.4
2025,10,19,10,2025-10-19 10:00:00,736.47,408.46,21.95,3.37,63.13,59.38,196.44
2025,10,19,11,2025-10-19 11:00:00,829.24,591.1,22.71,3.79,61.69,38.29,284.16
2025,10,19,12,2025-10-19 12:00:00,860.89,608.74,23.13,3.32,62.72,39.05,288.8
2025,10,19,13,2025-10-19 13:00:00,829.24,494.45,24.95,3.84,61.58,53.83,240.6
2025,10,19,14,2025-10-19 14:00:00,736.47,474.87,25.5,4.05,59.25,47.36,226.45
2025,10,19,15,2025-10-19 15:00:00,588.88,394.69,24.59,2.48,56.54,43.97,186.85
2025,10,19,16,2025-10-19 16:00:00,396.54,214.5,26.39,3.54,62.3,61.21,101.68
2025,10,19,17,2025-10-19 17:00:00,172.56,96.0,24.79,1.01,61.04,59.16,42.26
2025,10,19,18,2025-10-19 18:00:00,0.0,0.0,23.51,2.05,61.43,51.0,0.0
2025,10,19,19,2025-10-19 19:00:00,0.0,0.0,23.59,2.52,54.21,27.45,0.0
2025,10,19,20,2025-10-19 20:00:00,0.0,0.0,20.65,2.37,70.91,40.64,0.0
2025,10,19,21,2025-10-19 21:00:00,0.0,0.0,21.42,1.91,64.93,31.76,0.0
2025,10,19,22,2025-10-19 22:00:00,0.0,0.0,19.15,1.52,70.41,57.67,0.0
2025,10,19,23,2025-10-19 23:00:00,0.0,0.0,17.71,3.28,65.47,37.48,0.0
2025,10,20,0,2025-10-20 00:00:00,0.0,0.0,16.4,3.54,71.2,51.04,0.0
2025,10,20,1,2025-10-20 01:00:00,0.0,0.0,17.48,4.89,65.44,30.02,0.0
2025,10,20,2,2025-10-20 02:00:00,0.0,0.0,16.25,2.75,74.51,57.66,0.0
2025,10,20,3,2025-10-20 03:00:00,0.0,0.0,15.85,4.79,70.49,42.71,0.0
2025,10,20,4,2025-10-20 04:00:00,0.0,0.0,17.14,3.92,69.92,60.92,0.0
2025,10,20,5,2025-10-20 05:00:00,0.0,0.0,15.94,5.36,68.13,28.42,0.0
2025,10,20,6,2025-10-20 06:00:00,0.0,0.0,17.15,6.37,71.07,51.84,0.0
2025,10,20,7,2025-10-20 07:00:00,170.21,104.62,18.49,4.87,65.93,51.38,53.57
2025,10,20,8,2025-10-20 08:00:00,394.04,241.2,19.68,4.87,68.46,51.72,112.68
2025,10,20,9,2025-10-20 09:00:00,586.24,406.09,19.51,4.68,61.8,40.97,201.09
2025,10,20,10,2025-10-20 10:00:00,733.72,485.52,22.72,4.68,56.93,45.1,235.37
2025,10,20,11,2025-10-20 11:00:00,826.44,584.15,23.0,5.31,61.72,39.09,279.39
2025,10,20,12,2025-10-20 12:00:00,858.06,569.28,24.91,3.73,54.68,44.87,274.37
2025,10,20,13,2025-10-20 13:00:00,826.44,502.87,24.98,3.62,61.47,52.2,234.54
2025,10,20,14,2025-10-20 14:00:00,733.72,412.05,25.01,4.59,61.01,58.46,198.68
2025,10,20,15,2025-10-20 15:00:00,586.24,316.51,25.53,3.48,57.51,61.35,152.46
2025,10,20,16,2025-10-20 16:00:00,394.04,281.34,25.24,3.66,60.7,38.13,137.52
2025,10,20,17,2025-10-20 17:00:00,170.21,120.59,24.54,3.5,53.37,38.87,61.76
2025,10,20,18,2025-10-20 18:00:00,0.0,0.0,24.22,3.3,62.7,46.31,0.0
2025,10,20,19,2025-10-20 19:00:00,0.0,0.0,23.16,1.33,60.8,52.05,0.0
2025,10,20,20,2025-10-20 20:00:00,0.0,0.0,21.52,2.34,61.44,28.21,0.0
2025,10,20,21,2025-10-20 21:00:00,0.0,0.0,21.26,1.81,62.35,57.91,0.0
2025,10,20,22,2025-10-20 22:00:00,0.0,0.0,18.33,1.87,70.32,35.71,0.0
2025,10,20,23,2025-10-20 23:00:00,0.0,0.0,15.97,3.05,69.1,42.48,0.0
2025,10,21,0,2025-10-21 00:00:00,0.0,0.0,16.49,2.89,66.99,50.4,0.0
2025,10,21,1,2025-10-21 01:00:00,0.0,0.0,15.49,3.51,67.14,33.62,0.0
2025,10,21,2,2025-10-21 02:00:00,0.0,0.0,15.08,4.1,69.24,50.24,0.0
2025,10,21,3,2025-10-21 03:00:00,0.0,0.0,15.48,5.2,68.92,55.61,0.0
2025,10,21,4,2025-10-21 04:00:00,0.0,0.0,16.72,4.09,67.37,56.86,0.0
2025,10,21,5,2025-10-21 05:00:00,0.0,0.0,18.13,3.98,65.6,52.87,0.0
2025,10,21,6,2025-10-21 06:00:00,0.0,0.0,16.81,5.89,72.6,56.1,0.0
2025,10,21,7,2025-10-21 07:00:00,167.87,126.6,17.73,4.6,70.0,32.78,59.53
2025,10,21,8,2025-10-21 08:00:00,391.54,306.99,19.11,6.69,63.96,28.79,151.86
2025,10,21,9,2025-10-21 09:00:00,583.6,368.63,19.83,3.25,70.62,49.11,184.13
2025,10,21,10,2025-10-21 10:00:00,730.98,502.97,20.43,3.98,60.42,41.59,245.51
2025,10,21,11,2025-10-21 11:00:00,823.62,552.75,21.3,3.85,63.39,43.85,270.68
2025,10,21,12,2025-10-21 12:00:00,855.22,487.95,22.91,2.21,61.65,57.26,235.54
2025,10,21,13,2025-10-21 13:00:00,823.62,613.99,25.86,3.65,63.87,33.94,290.59
2025,10,21,14,2025-10-21 14:00:00,730.98,452.3,25.06,2.97,52.68,50.83,221.49
2025,10,21,15,2025-10-21 15:00:00,583.6,374.47,24.54,2.66,58.17,47.78,180.38
2025,10,21,16,2025-10-21 16:00:00,391.54,280.19,25.92,2.83,63.61,37.92,132.86
2025,10,21,17,2025-10-21 17:00:00,167.87,131.83,24.35,3.1,67.07,28.63,61.61
2025,10,21,18,2025-10-21 18:00:00,0.0,0.0,23.57,2.17,65.19,49.11,0.0
2025,10,21,19,2025-10-21 19:00:00,0.0,0.0,23.98,1.99,51.69,44.73,0.0
2025,10,21,20,2025-10-21 20:00:00,0.0,0.0,21.68,4.12,61.87,41.24,0.0
2025,10,21,21,2025-10-21 21:00:00,0.0,0.0,20.15,3.85,67.88,44.22,0.0
2025,10,21,22,2025-10-21 22:00:00,0.0,0.0,20.41,3.57,63.81,33.24,0.0
2025,10,21,23,2025-10-21 23:00:00,0.0,0.0,17.89,3.73,64.37,47.68,0.0
2025,10,22,0,2025-10-22 00:00:00,0.0,0.0,17.0,3.89,66.83,56.43,0.0
2025,10,22,1,2025-10-22 01:00:00,0.0,0.0,14.52,3.05,75.1,53.18,0.0
2025,10,22,2,2025-10-22 02:00:00,0.0,0.0,15.57,4.8,76.56,50.76,0.0
2025,10,22,3,2025-10-22 03:00:00,0.0,0.0,15.66,4.78,75.34,43.32,0.0
2025,10,22,4,2025-10-22 04:00:00,0.0,0.0,17.14,3.84,72.23,52.58,0.0
2025,10,22,5,2025-10-22 05:00:00,0.0,0.0,16.78,4.96,67.55,35.02,0.0
2025,10,22,6,2025-10-22 06:00:00,0.0,0.0,15.54,3.1,66.6,43.77,0.0
2025,10,22,7,2025-10-22 07:00:00,165.55,115.29,18.38,5.34,72.16,40.48,60.27
2025,10,22,8,2025-10-22 08:00:00,389.05,231.55,20.44,5.09,65.95,53.98,119.63
2025,10,22,9,2025-10-22 09:00:00,580.97,318.21,19.98,4.2,60.78,60.3,155.04
2025,10,22,10,2025-10-22 10:00:00,728.23,452.94,20.87,3.45,69.54,50.4,219.72
2025,10,22,11,2025-10-22 11:00:00,820.81,465.57,22.02,3.64,65.75,57.71,224.34
2025,10,22,12,2025-10-22 12:00:00,852.38,648.37,24.38,4.31,63.48,31.91,311.97
2025,10,22,13,2025-10-22 13:00:00,820.81,625.2,26.05,3.04,58.58,31.77,296.67
2025,10,22,14,2025-10-22 14:00:00,728.23,479.95,24.85,1.62,52.41,45.46,235.12
2025,10,22,15,2025-10-22 15:00:00,580.97,453.9,25.36,2.28,55.59,29.16,221.11
2025,10,22,16,2025-10-22 16:00:00,389.05,229.92,24.14,3.71,59.56,54.54,114.22
2025,10,22,17,2025-10-22 17:00:00,165.55,130.31,23.72,1.39,56.05,28.39,64.67
2025,10,22,18,2025-10-22 18:00:00,0.0,0.0,24.58,1.11,59.17,26.5,0.0
2025,10,22,19,2025-10-22 19:00:00,0.0,0.0,22.69,2.37,66.94,41.87,0.0
2025,10,22,20,2025-10-22 20:00:00,0.0,0.0,22.19,3.54,58.86,26.5,0.0
2025,10,22,21,2025-10-22 21:00:00,0.0,0.0,20.82,3.59,62.69,39.14,0.0
2025,10,22,22,2025-10-22 22:00:00,0.0,0.0,19.53,1.94,64.3,38.54,0.0
2025,10,22,23,2025-10-22 23:00:00,0.0,0.0,16.55,2.15,64.8,41.49,0.0
2025,10,23,0,2025-10-23 00:00:00,0.0,0.0,15.92,2.9,70.35,44.42,0.0
2025,10,23,1,2025-10-23 01:00:00,0.0,0.0,15.43,5.07,71.36,32.6,0.0
2025,10,23,2,2025-10-23 02:00:00,0.0,0.0,14.37,4.36,71.36,44.79,0.0
2025,10,23,3,2025-10-23 03:00:00,0.0,0.0,14.87,3.11,73.65,25.53,0.0
2025,10,23,4,2025-10-23 04:00:00,0.0,0.0,14.75,3.1,76.99,55.39,0.0
2025,10,23,5,2025-10-23 05:00:00,0.0,0.0,14.94,4.24,64.89,41.0,0.0
2025,10,23,6,2025-10-23 06:00:00,0.0,0.0,16.19,4.9,67.11,26.01,0.0
2025,10,23,7,2025-10-23 07:00:00,163.25,91.93,16.83,5.13,62.94,58.25,51.33
2025,10,23,8,2025-10-23 08:00:00,386.57,261.37,20.31,5.12,71.44,43.18,131.84
2025,10,23,9,2025-10-23 09:00:00,578.33,325.84,20.07,3.93,66.82,58.21,158.97
2025,10,23,10,2025-10-23 10:00:00,725.48,472.05,21.5,3.67,59.3,46.58,234.36
2025,10,23,11,2025-10-23 11:00:00,817.99,470.89,23.05,2.23,60.54,56.58,229.65
2025,10,23,12,2025-10-23 12:00:00,849.54,673.31,23.87,2.38,60.17,27.66,326.64
2025,10,23,13,2025-10-23 13:00:00,817.99,559.95,24.41,3.57,62.46,42.06,268.89
2025,10,23,14,2025-10-23 14:00:00,725.48,515.07,24.0,4.31,56.53,38.67,255.1
2025,10,23,15,2025-10-23 15:00:00,578.33,468.71,26.08,3.42,60.84,25.27,225.07
2025,10,23,16,2025-10-23 16:00:00,386.57,286.89,25.47,2.62,56.38,34.38,136.41
2025,10,23,17,2025-10-23 17:00:00,163.25,131.77,23.93,2.36,58.62,25.71,69.26
2025,10,23,18,2025-10-23 18:00:00,0.0,0.0,24.36,0.88,63.25,31.9,0.0
2025,10,23,19,2025-10-23 19:00:00,0.0,0.0,21.93,3.49,59.02,45.23,0.0
2025,10,23,20,2025-10-23 20:00:00,0.0,0.0,21.17,2.71,66.97,31.93,0.0
2025,10,23,21,2025-10-23 21:00:00,0.0,0.0,18.75,3.0,59.69,37.03,0.0
2025,10,23,22,2025-10-23 22:00:00,0.0,0.0,18.96,2.82,69.0,55.64,0.0
2025,10,23,23,2025-10-23 23:00:00,0.0,0.0,19.08,4.14,68.0,56.87,0.0
2025,10,24,0,2025-10-24 00:00:00,0.0,0.0,16.63,4.44,72.77,58.57,0.0
2025,10,24,1,2025-10-24 01:00:00,0.0,0.0,15.73,3.6,72.08,24.61,0.0
2025,10,24,2,2025-10-24 02:00:00,0.0,0.0,14.86,3.11,65.87,36.29,0.0
2025,10,24,3,2025-10-24 03:00:00,0.0,0.0,14.98,3.97,72.15,25.89,0.0
2025,10,24,4,2025-10-24 04:00:00,0.0,0.0,15.72,3.98,71.58,47.69,0.0
2025,10,24,5,2025-10-24 05:00:00,0.0,0.0,14.78,3.72,68.03,54.17,0.0
2025,10,24,6,2025-10-24 06:00:00,0.0,0.0,15.31,2.97,66.96,34.31,0.0
2025,10,24,7,2025-10-24 07:00:00,160.96,99.36,18.31,3.7,66.52,51.02,53.08
2025,10,24,8,2025-10-24 08:00:00,384.1,244.16,17.63,4.98,66.68,48.58,117.73
2025,10,24,9,2025-10-24 09:00:00,575.71,364.87,20.15,4.12,75.01,48.83,174.09
2025,10,24,10,2025-10-24 10:00:00,722.74,427.8,21.65,3.86,66.18,54.41,204.38
2025,10,24,11,2025-10-24 11:00:00,815.17,640.74,23.74,5.06,61.44,28.53,310.63
2025,10,24,12,2025-10-24 12:00:00,846.69,684.8,23.74,2.7,58.42,25.49,332.55
2025,10,24,13,2025-10-24 13:00:00,815.17,627.24,24.63,1.96,65.63,30.74,294.41
2025,10,24,14,2025-10-24 14:00:00,722.74,413.79,24.13,1.52,58.56,57.0,199.71
2025,10,24,15,2025-10-24 15:00:00,575.71,395.27,25.53,2.59,58.07,41.79,190.83
2025,10,24,16,2025-10-24 16:00:00,384.1,308.13,23.94,2.75,63.73,26.37,146.12
2025,10,24,17,2025-10-24 17:00:00,160.96,100.04,22.93,1.48,59.11,50.47,43.98
2025,10,24,18,2025-10-24 18:00:00,0.0,0.0,24.76,1.97,59.08,31.8,0.0
2025,10,24,19,2025-10-24 19:00:00,0.0,0.0,24.26,1.18,61.46,55.24,0.0
2025,10,24,20,2025-10-24 20:00:00,0.0,0.0,20.99,1.79,66.93,32.92,0.0
2025,10,24,21,2025-10-24 21:00:00,0.0,0.0,20.2,3.28,64.76,36.04,0.0
2025,10,24,22,2025-10-24 22:00:00,0.0,0.0,18.35,3.09,69.72,31.33,0.0
2025,10,24,23,2025-10-24 23:00:00,0.0,0.0,17.64,2.89,65.61,38.67,0.0
2025,10,25,0,2025-10-25 00:00:00,0.0,0.0,16.65,2.47,69.58,45.14,0.0
2025,10,25,1,2025-10-25 01:00:00,0.0,0.0,14.2,4.66,69.71,34.61,0.0
2025,10,25,2,2025-10-25 02:00:00,0.0,0.0,16.01,5.63,76.28,53.16,0.0
2025,10,25,3,2025-10-25 03:00:00,0.0,0.0,15.63,4.58,73.91,51.28,0.0
2025,10,25,4,2025-10-25 04:00:00,0.0,0.0,14.92,5.46,67.12,51.83,0.0
2025,10,25,5,2025-10-25 05:00:00,0.0,0.0,14.19,4.02,71.04,48.14,0.0
2025,10,25,6,2025-10-25 06:00:00,0.0,0.0,14.59,4.98,67.12,26.68,0.0
2025,10,25,7,2025-10-25 07:00:00,158.69,126.33,17.61,3.93,71.94,27.18,62.46
2025,10,25,8,2025-10-25 08:00:00,381.64,241.5,18.51,4.59,65.93,48.96,115.74
2025,10,25,9,2025-10-25 09:00:00,573.09,376.86,20.14,4.69,66.57,45.66,178.02
2025,10,25,10,2025-10-25 10:00:00,720.0,508.86,22.69,3.7,68.62,39.1,247.35
2025,10,25,11,2025-10-25 11:00:00,812.35,512.54,24.47,3.82,63.81,49.21,244.66
2025,10,25,12,2025-10-25 12:00:00,843.85,579.41,23.49,4.0,60.21,41.78,277.65
2025,10,25,13,2025-10-25 13:00:00,812.35,605.5,25.01,3.65,59.64,33.95,292.84
2025,10,25,14,2025-10-25 14:00:00,720.0,565.09,24.82,3.56,57.61,28.69,270.81
2025,10,25,15,2025-10-25 15:00:00,573.09,421.33,25.47,2.13,51.53,35.31,204.8
2025,10,25,16,2025-10-25 16:00:00,381.64,221.25,25.69,3.7,59.63,56.04,106.41
2025,10,25,17,2025-10-25 17:00:00,158.69,129.08,24.31,1.56,64.08,24.87,61.68
2025,10,25,18,2025-10-25 18:00:00,0.0,0.0,23.22,1.31,59.83,49.03,0.0
2025,10,25,19,2025-10-25 19:00:00,0.0,0.0,22.38,0.5,55.94,28.3,0.0
2025,10,25,20,2025-10-25 20:00:00,0.0,0.0,22.19,3.11,62.6,40.39,0.0
2025,10,25,21,2025-10-25 21:00:00,0.0,0.0,20.57,2.42,60.46,37.25,0.0
2025,10,25,22,2025-10-25 22:00:00,0.0,0.0,18.34,2.29,69.83,39.4,0.0
2025,10,25,23,2025-10-25 23:00:00,0.0,0.0,15.08,3.54,71.69,48.64,0.0
2025,10,26,0,2025-10-26 00:00:00,0.0,0.0,16.7,4.05,64.15,32.86,0.0
2025,10,26,1,2025-10-26 01:00:00,0.0,0.0,15.05,4.28,65.99,47.52,0.0
2025,10,26,2,2025-10-26 02:00:00,0.0,0.0,15.21,5.15,73.17,52.42,0.0
2025,10,26,3,2025-10-26 03:00:00,0.0,0.0,13.77,5.17,76.37,52.44,0.0
2025,10,26,4,2025-10-26 04:00:00,0.0,0.0,15.02,3.13,69.67,42.15,0.0
2025,10,26,5,2025-10-26 05:00:00,0.0,0.0,15.12,5.93,66.99,56.15,0.0
2025,10,26,6,2025-10-26 06:00:00,0.0,0.0,16.03,5.24,69.78,29.73,0.0
2025,10,26,7,2025-10-26 07:00:00,156.43,119.31,17.22,4.64,64.49,31.64,61.76
2025,10,26,8,2025-10-26 08:00:00,379.19,275.8,18.89,3.72,67.1,36.36,133.01
2025,10,26,9,2025-10-26 09:00:00,570.48,393.39,19.02,3.2,59.92,41.39,191.04
2025,10,26,10,2025-10-26 10:00:00,717.26,494.51,21.67,5.03,65.18,41.41,240.7
2025,10,26,11,2025-10-26 11:00:00,809.53,508.0,21.88,2.76,60.09,49.66,244.78
2025,10,26,12,2025-10-26 12:00:00,841.0,509.19,23.8,5.11,57.88,52.61,243.4
2025,10,26,13,2025-10-26 13:00:00,809.53,644.56,23.69,1.66,60.87,27.17,312.19
2025,10,26,14,2025-10-26 14:00:00,717.26,456.28,24.65,2.34,59.01,48.51,210.41
2025,10,26,15,2025-10-26 15:00:00,570.48,450.39,24.6,1.04,62.11,28.07,212.83
2025,10,26,16,2025-10-26 16:00:00,379.19,313.23,24.42,1.13,63.54,23.2,151.44
2025,10,26,17,2025-10-26 17:00:00,156.43,98.2,24.29,2.58,64.05,49.63,52.29
2025,10,26,18,2025-10-26 18:00:00,0.0,0.0,22.97,2.6,58.53,30.27,0.0
2025,10,26,19,2025-10-26 19:00:00,0.0,0.0,22.95,2.07,57.26,44.77,0.0
2025,10,26,20,2025-10-26 20:00:00,0.0,0.0,20.46,1.19,64.89,45.01,0.0
2025,10,26,21,2025-10-26 21:00:00,0.0,0.0,19.85,1.92,64.42,36.93,0.0
2025,10,26,22,2025-10-26 22:00:00,0.0,0.0,17.99,2.64,64.19,52.51,0.0
2025,10,26,23,2025-10-26 23:00:00,0.0,0.0,17.52,3.19,67.0,56.72,0.0
2025,10,27,0,2025-10-27 00:00:00,0.0,0.0,17.34,4.68,64.8,28.97,0.0
2025,10,27,1,2025-10-27 01:00:00,0.0,0.0,14.95,3.58,66.2,49.1,0.0
2025,10,27,2,2025-10-27 02:00:00,0.0,0.0,14.16,4.3,70.03,32.89,0.0
2025,10,27,3,2025-10-27 03:00:00,0.0,0.0,14.31,4.62,72.77,27.25,0.0
2025,10,27,4,2025-10-27 04:00:00,0.0,0.0,14.97,4.36,71.61,27.54,0.0
2025,10,27,5,2025-10-27 05:00:00,0.0,0.0,14.16,4.17,71.02,22.4,0.0
2025,10,27,6,2025-10-27 06:00:00,0.0,0.0,16.18,4.57,66.7,47.93,0.0
2025,10,27,7,2025-10-27 07:00:00,154.2,110.96,15.89,4.15,69.3,37.39,59.77
2025,10,27,8,2025-10-27 08:00:00,376.76,242.59,19.16,3.47,67.22,47.48,119.86
2025,10,27,9,2025-10-27 09:00:00,567.88,354.72,19.78,6.0,62.5,50.05,173.47
2025,10,27,10,2025-10-27 10:00:00,714.53,416.77,22.48,3.05,64.46,55.56,198.57
2025,10,27,11,2025-10-27 11:00:00,806.72,607.1,21.99,5.06,58.16,32.99,294.11
2025,10,27,12,2025-10-27 12:00:00,838.17,594.02,21.92,3.49,60.12,38.84,289.95
2025,10,27,13,2025-10-27 13:00:00,806.72,638.72,23.57,2.34,56.88,27.77,308.89
2025,10,27,14,2025-10-27 14:00:00,714.53,473.83,24.65,2.35,62.69,44.92,226.47
2025,10,27,15,2025-10-27 15:00:00,567.88,475.03,25.24,1.89,63.18,21.8,227.59
2025,10,27,16,2025-10-27 16:00:00,376.76,296.22,24.39,1.95,63.26,28.5,145.31
2025,10,27,17,2025-10-27 17:00:00,154.2,120.26,24.96,1.41,56.81,29.35,58.94
2025,10,27,18,2025-10-27 18:00:00,0.0,0.0,23.67,2.84,60.73,27.38,0.0
2025,10,27,19,2025-10-27 19:00:00,0.0,0.0,21.88,3.96,59.36,37.97,0.0
2025,10,27,20,2025-10-27 20:00:00,0.0,0.0,21.76,1.77,62.42,29.02,0.0
2025,10,27,21,2025-10-27 21:00:00,0.0,0.0,19.61,2.83,70.19,39.47,0.0
2025,10,27,22,2025-10-27 22:00:00,0.0,0.0,18.29,3.06,63.77,28.94,0.0
2025,10,27,23,2025-10-27 23:00:00,0.0,0.0,16.52,3.8,71.83,43.67,0.0
2025,10,28,0,2025-10-28 00:00:00,0.0,0.0,16.66,3.05,70.42,25.59,0.0
2025,10,28,1,2025-10-28 01:00:00,0.0,0.0,14.2,4.06,67.07,21.24,0.0
2025,10,28,2,2025-10-28 02:00:00,0.0,0.0,14.46,3.55,72.04,55.0,0.0
2025,10,28,3,2025-10-28 03:00:00,0.0,0.0,13.95,3.58,70.94,23.21,0.0
2025,10,28,4,2025-10-28 04:00:00,0.0,0.0,15.43,5.14,72.31,28.59,0.0
2025,10,28,5,2025-10-28 05:00:00,0.0,0.0,13.5,5.5,75.76,27.23,0.0
2025,10,28,6,2025-10-28 06:00:00,0.0,0.0,16.96,5.4,65.96,37.87,0.0
2025,10,28,7,2025-10-28 07:00:00,151.99,90.67,16.54,5.26,72.8,53.79,47.11
2025,10,28,8,2025-10-28 08:00:00,374.35,285.37,17.75,4.08,71.8,31.69,144.05
2025,10,28,9,2025-10-28 09:00:00,565.3,340.13,17.99,2.89,67.87,53.11,164.45
2025,10,28,10,2025-10-28 10:00:00,711.81,576.18,20.63,2.39,61.99,25.41,279.17
2025,10,28,11,2025-10-28 11:00:00,803.92,678.66,21.11,3.53,62.73,20.77,329.89
2025,10,28,12,2025-10-28 12:00:00,835.33,594.11,22.83,2.5,59.53,38.5,287.01
2025,10,28,13,2025-10-28 13:00:00,803.92,587.43,24.54,5.21,58.63,35.91,285.86
2025,10,28,14,2025-10-28 14:00:00,711.81,426.62,25.27,3.56,52.84,53.42,196.95
2025,10,28,15,2025-10-28 15:00:00,565.3,467.3,23.91,2.51,57.14,23.11,225.55
2025,10,28,16,2025-10-28 16:00:00,374.35,271.87,25.0,1.94,58.97,36.5,131.83
2025,10,28,17,2025-10-28 17:00:00,151.99,114.72,23.95,3.38,60.67,32.7,62.57
2025,10,28,18,2025-10-28 18:00:00,0.0,0.0,24.18,2.05,62.1,34.22,0.0
2025,10,28,19,2025-10-28 19:00:00,0.0,0.0,20.28,0.84,64.74,21.08,0.0
2025,10,28,20,2025-10-28 20:00:00,0.0,0.0,20.58,2.11,60.69,36.5,0.0
2025,10,28,21,2025-10-28 21:00:00,0.0,0.0,19.84,2.61,61.29,50.27,0.0
2025,10,28,22,2025-10-28 22:00:00,0.0,0.0,18.27,1.84,64.2,36.83,0.0
2025,10,28,23,2025-10-28 23:00:00,0.0,0.0,17.68,2.93,69.3,23.88,0.0
2025,10,29,0,2025-10-29 00:00:00,0.0,0.0,14.95,4.75,70.74,31.68,0.0
2025,10,29,1,2025-10-29 01:00:00,0.0,0.0,13.5,4.1,71.54,44.16,0.0
2025,10,29,2,2025-10-29 02:00:00,0.0,0.0,15.6,6.0,73.01,27.1,0.0
2025,10,29,3,2025-10-29 03:00:00,0.0,0.0,15.29,3.22,68.03,24.74,0.0
2025,10,29,4,2025-10-29 04:00:00,0.0,0.0,15.54,3.73,71.95,26.07,0.0
2025,10,29,5,2025-10-29 05:00:00,0.0,0.0,14.99,4.76,67.86,48.62,0.0
2025,10,29,6,2025-10-29 06:00:00,0.0,0.0,17.33,3.76,71.47,45.09,0.0
2025,10,29,7,2025-10-29 07:00:00,149.8,100.25,18.7,3.82,67.63,44.1,57.47
2025,10,29,8,2025-10-29 08:00:00,371.95,296.02,18.6,4.46,62.61,27.22,143.38
2025,10,29,9,2025-10-29 09:00:00,562.72,404.08,20.11,4.02,63.34,37.59,203.76
2025,10,29,10,2025-10-29 10:00:00,709.11,434.49,20.98,2.04,64.01,51.64,206.66
2025,10,29,11,2025-10-29 11:00:00,801.13,573.67,22.73,4.21,66.64,37.86,275.49
2025,10,29,12,2025-10-29 12:00:00,832.51,585.39,23.23,3.87,60.66,39.58,285.83
2025,10,29,13,2025-10-29 13:00:00,801.13,604.81,24.01,2.93,65.94,32.67,285.83
2025,10,29,14,2025-10-29 14:00:00,709.11,567.07,25.64,2.91,59.21,26.71,270.09
2025,10,29,15,2025-10-29 15:00:00,562.72,396.64,24.99,2.1,61.34,39.35,189.94
2025,10,29,16,2025-10-29 16:00:00,371.95,250.46,22.52,2.1,59.62,43.55,120.31
2025,10,29,17,2025-10-29 17:00:00,149.8,116.53,22.53,0.88,51.69,29.61,60.33
2025,10,29,18,2025-10-29 18:00:00,0.0,0.0,20.71,2.4,60.31,51.48,0.0
2025,10,29,19,2025-10-29 19:00:00,0.0,0.0,22.62,2.76,62.61,40.38,0.0
2025,10,29,20,2025-10-29 20:00:00,0.0,0.0,19.74,1.94,59.98,21.36,0.0
2025,10,29,21,2025-10-29 21:00:00,0.0,0.0,18.31,1.95,63.36,46.49,0.0
2025,10,29,22,2025-10-29 22:00:00,0.0,0.0,17.49,2.86,71.24,26.21,0.0
2025,10,29,23,2025-10-29 23:00:00,0.0,0.0,17.13,3.62,68.02,50.97,0.0
2025,10,30,0,2025-10-30 00:00:00,0.0,0.0,16.51,2.83,66.04,25.3,0.0
2025,10,30,1,2025-10-30 01:00:00,0.0,0.0,14.7,3.28,68.51,30.99,0.0
2025,10,30,2,2025-10-30 02:00:00,0.0,0.0,14.04,3.39,68.31,47.54,0.0
2025,10,30,3,2025-10-30 03:00:00,0.0,0.0,13.47,3.27,70.41,30.86,0.0
2025,10,30,4,2025-10-30 04:00:00,0.0,0.0,13.88,5.25,69.66,25.8,0.0
2025,10,30,5,2025-10-30 05:00:00,0.0,0.0,14.17,4.38,74.89,32.04,0.0
2025,10,30,6,2025-10-30 06:00:00,0.0,0.0,15.79,5.2,68.23,37.73,0.0
2025,10,30,7,2025-10-30 07:00:00,147.63,123.45,16.79,3.15,71.78,21.83,62.08
2025,10,30,8,2025-10-30 08:00:00,369.58,237.27,17.64,5.49,70.0,47.73,114.26
2025,10,30,9,2025-10-30 09:00:00,560.17,479.7,19.1,5.88,68.34,19.15,233.36
2025,10,30,10,2025-10-30 10:00:00,706.41,490.05,20.54,5.53,64.42,40.84,246.47
2025,10,30,11,2025-10-30 11:00:00,798.34,587.35,22.28,5.36,59.63,35.24,281.94
2025,10,30,12,2025-10-30 12:00:00,829.7,541.45,22.98,3.87,60.28,46.32,260.78
2025,10,30,13,2025-10-30 13:00:00,798.34,581.71,21.71,2.96,60.66,36.18,280.26
2025,10,30,14,2025-10-30 14:00:00,706.41,530.66,25.43,2.02,58.76,33.17,248.21
2025,10,30,15,2025-10-30 15:00:00,560.17,350.31,23.11,3.7,61.47,49.95,173.04
2025,10,30,16,2025-10-30 16:00:00,369.58,291.71,23.57,1.36,54.81,28.09,144.1
2025,10,30,17,2025-10-30 17:00:00,147.63,105.9,23.32,2.32,61.56,37.68,53.01
2025,10,30,18,2025-10-30 18:00:00,0.0,0.0,22.64,2.85,59.44,21.77,0.0
2025,10,30,19,2025-10-30 19:00:00,0.0,0.0,21.91,1.02,64.84,44.05,0.0
2025,10,30,20,2025-10-30 20:00:00,0.0,0.0,19.38,2.6,68.2,38.65,0.0
2025,10,30,21,2025-10-30 21:00:00,0.0,0.0,18.02,1.96,67.99,47.55,0.0
2025,10,30,22,2025-10-30 22:00:00,0.0,0.0,17.07,1.54,65.64,39.12,0.0
2025,10,30,23,2025-10-30 23:00:00,0.0,0.0,16.73,3.25,71.95,22.16,0.0
2025,10,31,0,2025-10-31 00:00:00,0.0,0.0,15.6,4.28,68.16,43.57,0.0
2025,10,31,1,2025-10-31 01:00:00,0.0,0.0,14.53,3.43,67.18,36.62,0.0
2025,10,31,2,2025-10-31 02:00:00,0.0,0.0,13.52,3.82,70.48,48.12,0.0
2025,10,31,3,2025-10-31 03:00:00,0.0,0.0,14.75,4.37,73.8,28.58,0.0
2025,10,31,4,2025-10-31 04:00:00,0.0,0.0,13.04,3.45,67.75,37.3,0.0
2025,10,31,5,2025-10-31 05:00:00,0.0,0.0,14.28,4.91,68.05,40.47,0.0
2025,10,31,6,2025-10-31 06:00:00,0.0,0.0,15.24,3.44,68.45,51.27,0.0
2025,10,31,7,2025-10-31 07:00:00,145.48,97.67,17.56,3.96,77.42,43.82,49.48
2025,10,31,8,2025-10-31 08:00:00,367.22,254.68,18.88,4.2,66.41,40.86,122.55
2025,10,31,9,2025-10-31 09:00:00,557.63,346.77,19.71,4.73,65.28,50.42,170.72
2025,10,31,10,2025-10-31 10:00:00,703.73,554.45,20.78,4.75,67.09,28.28,271.17
2025,10,31,11,2025-10-31 11:00:00,795.58,656.33,21.19,3.66,62.4,23.34,315.96
2025,10,31,12,2025-10-31 12:00:00,826.9,542.23,22.54,2.79,59.32,45.9,259.97
2025,10,31,13,2025-10-31 13:00:00,795.58,605.47,23.41,3.32,56.37,31.86,293.42
2025,10,31,14,2025-10-31 14:00:00,703.73,457.59,23.58,3.7,62.92,46.64,223.77
2025,10,31,15,2025-10-31 15:00:00,557.63,455.76,24.0,3.1,62.38,24.36,226.35
2025,10,31,16,2025-10-31 16:00:00,367.22,299.48,21.95,1.92,57.88,24.59,147.45
2025,10,31,17,2025-10-31 17:00:00,145.48,114.12,23.32,2.41,52.66,28.75,53.72
2025,10,31,18,2025-10-31 18:00:00,0.0,0.0,22.48,3.18,60.83,29.68,0.0
2025,10,31,19,2025-10-31 19:00:00,0.0,0.0,22.15,2.61,64.94,34.7,0.0
2025,10,31,20,2025-10-31 20:00:00,0.0,0.0,20.03,2.44,69.26,50.1,0.0
2025,10,31,21,2025-10-31 21:00:00,0.0,0.0,18.76,2.17,69.21,32.6,0.0
2025,10,31,22,2025-10-31 22:00:00,0.0,0.0,16.25,4.31,64.22,18.79,0.0
2025,10,31,23,2025-10-31 23:00:00,0.0,0.0,17.52,4.23,67.96,18.56,0.0
2025,11,1,0,2025-11-01 00:00:00,0.0,0.0,14.74,3.37,68.49,33.09,0.0
2025,11,1,1,2025-11-01 01:00:00,0.0,0.0,15.12,4.34,73.14,43.79,0.0
2025,11,1,2,2025-11-01 02:00:00,0.0,0.0,14.0,3.32,70.54,17.42,0.0
2025,11,1,3,2025-11-01 03:00:00,0.0,0.0,13.35,3.98,72.54,32.83,0.0
2025,11,1,4,2025-11-01 04:00:00,0.0,0.0,13.82,3.75,72.35,43.92,0.0
2025,11,1,5,2025-11-01 05:00:00,0.0,0.0,14.47,3.82,68.97,35.57,0.0
2025,11,1,6,2025-11-01 06:00:00,0.0,0.0,15.75,2.31,73.99,44.63,0.0
2025,11,1,7,2025-11-01 07:00:00,143.36,88.64,16.37,3.97,71.32,50.9,43.41
2025,11,1,8,2025-11-01 08:00:00,364.88,232.21,17.3,5.19,69.13,48.48,117.62
2025,11,1,9,2025-11-01 09:00:00,555.1,455.06,17.84,3.96,66.98,24.03,226.12
2025,11,1,10,2025-11-01 10:00:00,701.07,493.56,20.13,4.38,63.24,39.46,238.59
2025,11,1,11,2025-11-01 11:00:00,792.82,647.44,20.54,3.75,67.42,24.45,323.15
2025,11,1,12,2025-11-01 12:00:00,824.12,658.15,22.18,4.58,58.0,26.85,322.11
2025,11,1,13,2025-11-01 13:00:00,792.82,664.0,22.49,3.33,61.37,21.66,316.62
2025,11,1,14,2025-11-01 14:00:00,701.07,563.44,24.08,3.08,59.57,26.18,267.48
2025,11,1,15,2025-11-01 15:00:00,555.1,353.73,23.61,2.91,55.68,48.37,167.68
2025,11,1,16,2025-11-01 16:00:00,364.88,256.86,24.22,2.87,65.25,39.47,125.9
2025,11,1,17,2025-11-01 17:00:00,143.36,122.16,23.66,2.36,63.5,19.72,54.04
2025,11,1,18,2025-11-01 18:00:00,0.0,0.0,22.0,2.49,60.47,42.42,0.0
2025,11,1,19,2025-11-01 19:00:00,0.0,0.0,21.17,2.66,59.35,26.03,0.0
2025,11,1,20,2025-11-01 20:00:00,0.0,0.0,20.22,2.25,66.6,23.35,0.0
2025,11,1,21,2025-11-01 21:00:00,0.0,0.0,18.93,3.76,57.92,22.88,0.0
2025,11,1,22,2025-11-01 22:00:00,0.0,0.0,16.66,3.07,62.5,48.81,0.0
2025,11,1,23,2025-11-01 23:00:00,0.0,0.0,15.48,3.53,69.08,31.06,0.0
2025,11,2,0,2025-11-02 00:00:00,0.0,0.0,15.16,2.36,64.12,30.05,0.0
2025,11,2,1,2025-11-02 01:00:00,0.0,0.0,14.76,2.47,71.54,46.54,0.0
2025,11,2,2,2025-11-02 02:00:00,0.0,0.0,15.23,4.33,75.65,39.99,0.0
2025,11,2,3,2025-11-02 03:00:00,0.0,0.0,13.65,5.94,69.08,46.48,0.0
2025,11,2,4,2025-11-02 04:00:00,0.0,0.0,14.33,4.6,69.46,18.06,0.0
2025,11,2,5,2025-11-02 05:00:00,0.0,0.0,14.26,4.91,69.18,17.62,0.0
2025,11,2,6,2025-11-02 06:00:00,0.0,0.0,15.88,4.04,68.44,36.82,0.0
2025,11,2,7,2025-11-02 07:00:00,141.27,120.99,14.81,5.08,70.89,19.14,62.92
2025,11,2,8,2025-11-02 08:00:00,362.57,295.69,16.93,5.57,66.93,24.59,150.65
2025,11,2,9,2025-11-02 09:00:00,552.6,466.2,20.18,4.85,69.48,20.85,227.99
2025,11,2,10,2025-11-02 10:00:00,698.42,600.45,20.9,3.09,62.75,18.7,286.29
2025,11,2,11,2025-11-02 11:00:00,790.09,563.09,19.76,4.53,60.41,38.31,283.2
2025,11,2,12,2025-11-02 12:00:00,821.35,589.12,21.38,2.95,63.12,37.7,282.19
2025,11,2,13,2025-11-02 13:00:00,790.09,651.5,23.91,3.47,64.68,23.39,313.19
2025,11,2,14,2025-11-02 14:00:00,698.42,535.82,23.44,1.27,58.03,31.04,260.56
2025,11,2,15,2025-11-02 15:00:00,552.6,367.3,24.54,2.89,58.97,44.71,174.17
2025,11,2,16,2025-11-02 16:00:00,362.57,237.7,23.1,2.9,57.96,45.92,114.78
2025,11,2,17,2025-11-02 17:00:00,141.27,101.97,24.28,2.29,63.26,37.09,47.17
2025,11,2,18,2025-11-02 18:00:00,0.0,0.0,23.15,2.01,59.13,17.63,0.0
2025,11,2,19,2025-11-02 19:00:00,0.0,0.0,20.94,0.8,60.74,43.26,0.0
2025,11,2,20,2025-11-02 20:00:00,0.0,0.0,21.04,1.66,63.04,49.23,0.0
2025,11,2,21,2025-11-02 21:00:00,0.0,0.0,18.55,1.6,67.06,18.23,0.0
2025,11,2,22,2025-11-02 22:00:00,0.0,0.0,16.04,3.52,61.37,21.93,0.0
2025,11,2,23,2025-11-02 23:00:00,0.0,0.0,16.87,3.27,72.76,26.81,0.0
2025,11,3,0,2025-11-03 00:00:00,0.0,0.0,15.24,2.72,66.1,20.56,0.0
2025,11,3,1,2025-11-03 01:00:00,0.0,0.0,14.72,4.7,72.17,34.82,0.0
2025,11,3,2,2025-11-03 02:00:00,0.0,0.0,14.43,4.93,67.35,17.4,0.0
2025,11,3,3,2025-11-03 03:00:00,0.0,0.0,11.6,4.34,69.62,33.15,0.0
2025,11,3,4,2025-11-03 04:00:00,0.0,0.0,14.23,3.49,71.72,25.33,0.0
2025,11,3,5,2025-11-03 05:00:00,0.0,0.0,14.57,3.44,74.27,40.64,0.0
2025,11,3,6,2025-11-03 06:00:00,0.0,0.0,16.41,5.04,72.01,31.86,0.0
2025,11,3,7,2025-11-03 07:00:00,139.2,113.35,16.59,4.28,70.23,24.77,58.02
2025,11,3,8,2025-11-03 08:00:00,360.28,319.83,17.16,3.59,69.71,14.97,158.53
2025,11,3,9,2025-11-03 09:00:00,550.12,411.52,18.94,3.34,70.23,33.59,202.24
2025,11,3,10,2025-11-03 10:00:00,695.8,464.01,19.89,3.22,65.47,44.42,223.9
2025,11,3,11,2025-11-03 11:00:00,787.37,528.43,21.82,3.76,63.07,43.85,253.27
2025,11,3,12,2025-11-03 12:00:00,818.6,588.83,22.06,3.96,63.25,37.43,285.05
2025,11,3,13,2025-11-03 13:00:00,787.37,696.29,20.84,2.94,55.71,15.42,336.09
2025,11,3,14,2025-11-03 14:00:00,695.8,492.01,22.41,3.33,56.19,39.05,240.12
2025,11,3,15,2025-11-03 15:00:00,550.12,357.68,24.36,3.15,62.64,46.64,173.17
2025,11,3,16,2025-11-03 16:00:00,360.28,258.51,22.96,2.37,61.27,37.66,128.08
2025,11,3,17,2025-11-03 17:00:00,139.2,118.95,22.61,1.88,63.26,19.4,55.01
2025,11,3,18,2025-11-03 18:00:00,0.0,0.0,22.41,2.18,58.31,14.98,0.0
2025,11,3,19,2025-11-03 19:00:00,0.0,0.0,20.81,1.32,65.37,35.67,0.0
2025,11,3,20,2025-11-03 20:00:00,0.0,0.0,20.03,3.05,61.01,36.25,0.0
2025,11,3,21,2025-11-03 21:00:00,0.0,0.0,17.87,3.08,62.51,28.75,0.0
2025,11,3,22,2025-11-03 22:00:00,0.0,0.0,17.36,3.08,71.2,21.54,0.0
2025,11,3,23,2025-11-03 23:00:00,0.0,0.0,16.93,3.7,69.66,20.21,0.0
2025,11,4,0,2025-11-04 00:00:00,0.0,0.0,14.92,3.29,67.01,22.85,0.0
2025,11,4,1,2025-11-04 01:00:00,0.0,0.0,13.74,4.59,63.73,26.76,0.0
2025,11,4,2,2025-11-04 02:00:00,0.0,0.0,13.39,3.47,72.15,14.8,0.0
2025,11,4,3,2025-11-04 03:00:00,0.0,0.0,13.22,3.54,72.58,39.65,0.0
2025,11,4,4,2025-11-04 04:00:00,0.0,0.0,13.39,5.2,69.75,16.92,0.0
2025,11,4,5,2025-11-04 05:00:00,0.0,0.0,12.42,5.31,73.47,21.82,0.0
2025,11,4,6,2025-11-04 06:00:00,0.0,0.0,15.85,5.04,68.06,32.14,0.0
2025,11,4,7,2025-11-04 07:00:00,137.16,109.11,15.5,4.86,68.72,27.27,59.94
2025,11,4,8,2025-11-04 08:00:00,358.02,234.33,16.51,3.98,67.74,46.06,116.18
2025,11,4,9,2025-11-04 09:00:00,547.67,388.84,16.75,3.22,65.1,38.67,194.03
2025,11,4,10,2025-11-04 10:00:00,693.19,478.99,20.19,3.38,65.49,41.2,232.23
2025,11,4,11,2025-11-04 11:00:00,784.67,582.07,22.75,2.74,61.37,34.43,279.25
2025,11,4,12,2025-11-04 12:00:00,815.88,606.27,23.29,2.97,57.64,34.25,295.0
2025,11,4,13,2025-11-04 13:00:00,784.67,521.19,23.37,3.0,63.55,44.77,253.28
2025,11,4,14,2025-11-04 14:00:00,693.19,551.07,23.36,4.83,56.65,27.34,266.71
2025,11,4,15,2025-11-04 15:00:00,547.67,486.8,23.54,3.12,57.64,14.82,232.55
2025,11,4,16,2025-11-04 16:00:00,358.02,261.4,23.18,2.91,58.85,35.98,123.11
2025,11,4,17,2025-11-04 17:00:00,137.16,88.57,23.76,2.29,58.01,47.23,45.69
2025,11,4,18,2025-11-04 18:00:00,0.0,0.0,20.88,1.6,61.44,46.33,0.0
2025,11,4,19,2025-11-04 19:00:00,0.0,0.0,20.81,2.45,58.26,46.6,0.0
2025,11,4,20,2025-11-04 20:00:00,0.0,0.0,19.21,3.05,56.52,23.21,0.0
2025,11,4,21,2025-11-04 21:00:00,0.0,0.0,18.85,2.62,70.55,15.8,0.0
2025,11,4,22,2025-11-04 22:00:00,0.0,0.0,16.48,3.31,66.11,41.63,0.0
2025,11,4,23,2025-11-04 23:00:00,0.0,0.0,17.59,3.91,62.49,34.18,0.0
2025,11,5,0,2025-11-05 00:00:00,0.0,0.0,15.11,4.56,66.61,27.41,0.0
2025,11,5,1,2025-11-05 01:00:00,0.0,0.0,12.55,4.56,67.89,44.04,0.0
2025,11,5,2,2025-11-05 02:00:00,0.0,0.0,12.28,3.85,70.73,45.68,0.0
2025,11,5,3,2025-11-05 03:00:00,0.0,0.0,12.15,3.61,67.23,17.0,0.0
2025,11,5,4,2025-11-05 04:00:00,0.0,0.0,14.48,5.49,67.69,37.59,0.0
2025,11,5,5,2025-11-05 05:00:00,0.0,0.0,14.52,4.4,67.5,17.23,0.0
2025,11,5,6,2025-11-05 06:00:00,0.0,0.0,14.48,4.77,72.53,43.91,0.0
2025,11,5,7,2025-11-05 07:00:00,135.15,121.06,16.25,4.71,73.55,13.91,60.18
2025,11,5,8,2025-11-05 08:00:00,355.78,311.18,16.75,5.28,72.71,16.72,150.47
2025,11,5,9,2025-11-05 09:00:00,545.24,403.07,16.97,2.6,67.0,34.77,201.3
2025,11,5,10,2025-11-05 10:00:00,690.61,581.4,21.37,4.53,65.4,21.09,283.51
2025,11,5,11,2025-11-05 11:00:00,782.0,653.97,22.16,2.93,58.62,21.83,314.53
2025,11,5,12,2025-11-05 12:00:00,813.17,564.5,21.68,3.41,62.84,40.77,274.0
2025,11,5,13,2025-11-05 13:00:00,782.0,679.03,22.19,1.59,57.52,17.56,328.81
2025,11,5,14,2025-11-05 14:00:00,690.61,530.19,24.16,2.8,57.62,30.97,257.3
2025,11,5,15,2025-11-05 15:00:00,545.24,491.63,23.18,3.66,58.27,13.11,232.97
2025,11,5,16,2025-11-05 16:00:00,355.78,276.96,23.94,2.18,56.93,29.54,131.84
2025,11,5,17,2025-11-05 17:00:00,135.15,99.64,23.29,2.4,56.74,35.04,43.82
2025,11,5,18,2025-11-05 18:00:00,0.0,0.0,21.54,1.23,57.74,26.16,0.0
2025,11,5,19,2025-11-05 19:00:00,0.0,0.0,21.79,3.38,60.37,41.24,0.0
2025,11,5,20,2025-11-05 20:00:00,0.0,0.0,19.37,3.46,64.69,30.07,0.0
2025,11,5,21,2025-11-05 21:00:00,0.0,0.0,18.22,1.76,58.6,38.02,0.0
2025,11,5,22,2025-11-05 22:00:00,0.0,0.0,17.22,2.11,61.87,17.54,0.0
2025,11,5,23,2025-11-05 23:00:00,0.0,0.0,15.95,3.46,65.07,45.38,0.0
2025,11,6,0,2025-11-06 00:00:00,0.0,0.0,15.34,4.5,72.95,18.31,0.0
2025,11,6,1,2025-11-06 01:00:00,0.0,0.0,14.62,3.9,65.9,27.67,0.0
2025,11,6,2,2025-11-06 02:00:00,0.0,0.0,13.54,2.93,73.03,32.2,0.0
2025,11,6,3,2025-11-06 03:00:00,0.0,0.0,12.95,3.82,69.23,26.03,0.0
2025,11,6,4,2025-11-06 04:00:00,0.0,0.0,13.07,4.33,72.7,14.87,0.0
2025,11,6,5,2025-11-06 05:00:00,0.0,0.0,13.78,5.59,73.63,13.83,0.0
2025,11,6,6,2025-11-06 06:00:00,0.0,0.0,14.02,4.86,65.72,41.67,0.0
2025,11,6,7,2025-11-06 07:00:00,133.17,113.38,16.48,6.04,67.9,19.81,57.72
2025,11,6,8,2025-11-06 08:00:00,353.57,312.07,17.33,4.29,67.92,15.65,157.06
2025,11,6,9,2025-11-06 09:00:00,542.84,462.18,18.31,4.82,64.86,19.81,225.45
2025,11,6,10,2025-11-06 10:00:00,688.06,474.96,19.86,3.93,67.41,41.3,236.36
2025,11,6,11,2025-11-06 11:00:00,779.35,626.85,20.1,2.87,60.41,26.09,306.59
2025,11,6,12,2025-11-06 12:00:00,810.49,719.38,21.92,3.98,61.1,14.99,351.24
2025,11,6,13,2025-11-06 13:00:00,779.35,585.16,21.94,3.68,58.43,33.22,282.65
2025,11,6,14,2025-11-06 14:00:00,688.06,509.9,22.8,3.63,59.07,34.53,243.64
2025,11,6,15,2025-11-06 15:00:00,542.84,428.45,21.89,2.98,57.11,28.1,208.54
2025,11,6,16,2025-11-06 16:00:00,353.57,242.99,23.17,2.56,57.71,41.7,110.25
2025,11,6,17,2025-11-06 17:00:00,133.17,101.83,23.17,2.54,57.87,31.38,49.19
2025,11,6,18,2025-11-06 18:00:00,0.0,0.0,22.36,2.88,57.87,11.04,0.0
2025,11,6,19,2025-11-06 19:00:00,0.0,0.0,19.51,2.41,56.86,44.18,0.0
2025,11,6,20,2025-11-06 20:00:00,0.0,0.0,20.29,1.58,67.84,22.54,0.0
2025,11,6,21,2025-11-06 21:00:00,0.0,0.0,17.96,3.71,63.47,24.01,0.0
2025,11,6,22,2025-11-06 22:00:00,0.0,0.0,17.8,1.11,65.62,35.95,0.0
2025,11,6,23,2025-11-06 23:00:00,0.0,0.0,16.31,3.93,66.78,38.53,0.0
2025,11,7,0,2025-11-07 00:00:00,0.0,0.0,14.84,2.51,70.5,15.99,0.0
2025,11,7,1,2025-11-07 01:00:00,0.0,0.0,13.84,3.24,61.33,42.4,0.0
2025,11,7,2,2025-11-07 02:00:00,0.0,0.0,13.04,4.45,71.8,19.14,0.0
2025,11,7,3,2025-11-07 03:00:00,0.0,0.0,13.8,4.29,68.99,27.8,0.0
2025,11,7,4,2025-11-07 04:00:00,0.0,0.0,14.05,3.59,68.36,22.55,0.0
2025,11,7,5,2025-11-07 05:00:00,0.0,0.0,14.33,4.94,71.44,36.74,0.0
2025,11,7,6,2025-11-07 06:00:00,0.0,0.0,15.45,3.4,79.25,12.22,0.0
2025,11,7,7,2025-11-07 07:00:00,131.22,90.53,16.41,3.26,64.1,41.34,44.84
2025,11,7,8,2025-11-07 08:00:00,351.39,310.43,17.0,5.61,68.26,15.54,155.5
2025,11,7,9,2025-11-07 09:00:00,540.46,492.73,17.58,3.84,66.55,11.78,245.02
2025,11,7,10,2025-11-07 10:00:00,685.54,489.8,18.74,3.32,68.12,38.07,239.61
2025,11,7,11,2025-11-07 11:00:00,776.73,540.37,20.67,2.92,58.9,40.57,264.82
2025,11,7,12,2025-11-07 12:00:00,807.84,612.16,20.31,3.37,59.63,32.3,298.52
2025,11,7,13,2025-11-07 13:00:00,776.73,611.82,22.97,2.91,60.83,28.31,297.02
2025,11,7,14,2025-11-07 14:00:00,685.54,500.42,22.31,2.78,66.62,36.0,242.86
2025,11,7,15,2025-11-07 15:00:00,540.46,494.64,22.19,0.99,59.31,11.3,242.37
2025,11,7,16,2025-11-07 16:00:00,351.39,244.15,23.96,2.78,60.76,40.69,114.9
2025,11,7,17,2025-11-07 17:00:00,131.22,90.36,21.48,3.82,60.32,41.52,44.82
2025,11,7,18,2025-11-07 18:00:00,0.0,0.0,20.57,2.95,61.13,35.88,0.0
2025,11,7,19,2025-11-07 19:00:00,0.0,0.0,21.37,2.13,60.76,21.11,0.0
2025,11,7,20,2025-11-07 20:00:00,0.0,0.0,19.44,1.59,66.24,9.24,0.0
2025,11,7,21,2025-11-07 21:00:00,0.0,0.0,18.34,1.97,58.88,40.33,0.0
2025,11,7,22,2025-11-07 22:00:00,0.0,0.0,18.03,3.06,62.76,17.82,0.0
2025,11,7,23,2025-11-07 23:00:00,0.0,0.0,14.89,3.33,67.54,13.59,0.0
2025,11,8,0,2025-11-08 00:00:00,0.0,0.0,14.95,3.91,70.98,41.16,0.0
2025,11,8,1,2025-11-08 01:00:00,0.0,0.0,12.62,3.74,74.28,34.04,0.0
2025,11,8,2,2025-11-08 02:00:00,0.0,0.0,12.27,3.71,71.79,40.06,0.0
2025,11,8,3,2025-11-08 03:00:00,0.0,0.0,13.51,5.19,68.6,40.29,0.0
2025,11,8,4,2025-11-08 04:00:00,0.0,0.0,13.01,3.81,68.28,8.56,0.0
2025,11,8,5,2025-11-08 05:00:00,0.0,0.0,14.95,3.95,76.08,14.79,0.0
2025,11,8,6,2025-11-08 06:00:00,0.0,0.0,13.35,3.8,71.04,40.14,0.0
2025,11,8,7,2025-11-08 07:00:00,129.3,104.67,16.26,3.69,66.98,25.4,53.16
2025,11,8,8,2025-11-08 08:00:00,349.24,254.7,18.19,5.27,62.28,36.1,125.23
2025,11,8,9,2025-11-08 09:00:00,538.11,502.1,18.79,3.53,68.86,8.92,253.25
2025,11,8,10,2025-11-08 10:00:00,683.04,640.82,20.13,4.01,65.01,8.24,310.67
2025,11,8,11,2025-11-08 11:00:00,774.14,696.43,21.65,2.82,63.52,13.38,342.74
2025,11,8,12,2025-11-08 12:00:00,805.22,729.22,21.14,3.54,63.92,12.58,354.15
2025,11,8,13,2025-11-08 13:00:00,774.14,679.35,22.31,1.92,60.27,16.33,328.13
2025,11,8,14,2025-11-08 14:00:00,683.04,519.98,24.09,2.77,59.92,31.83,250.46
2025,11,8,15,2025-11-08 15:00:00,538.11,476.67,23.74,1.84,59.7,15.23,226.56
2025,11,8,16,2025-11-08 16:00:00,349.24,308.48,22.58,3.11,62.58,15.56,149.01
2025,11,8,17,2025-11-08 17:00:00,129.3,94.09,22.04,2.69,62.21,36.31,39.84
2025,11,8,18,2025-11-08 18:00:00,0.0,0.0,21.11,2.73,60.8,22.32,0.0
2025,11,8,19,2025-11-08 19:00:00,0.0,0.0,20.6,1.45,56.7,13.14,0.0
2025,11,8,20,2025-11-08 20:00:00,0.0,0.0,19.0,2.71,62.34,29.26,0.0
2025,11,8,21,2025-11-08 21:00:00,0.0,0.0,18.12,3.47,65.1,9.82,0.0
2025,11,8,22,2025-11-08 22:00:00,0.0,0.0,15.25,1.87,67.52,22.32,0.0
2025,11,8,23,2025-11-08 23:00:00,0.0,0.0,16.48,2.66,65.33,15.5,0.0
2025,11,9,0,2025-11-09 00:00:00,0.0,0.0,14.99,3.57,69.9,38.13,0.0
2025,11,9,1,2025-11-09 01:00:00,0.0,0.0,14.18,2.84,71.29,25.11,0.0
2025,11,9,2,2025-11-09 02:00:00,0.0,0.0,12.85,4.27,71.7,10.36,0.0
2025,11,9,3,2025-11-09 03:00:00,0.0,0.0,14.06,4.34,72.67,19.95,0.0
2025,11,9,4,2025-11-09 04:00:00,0.0,0.0,13.45,4.61,72.92,39.6,0.0
2025,11,9,5,2025-11-09 05:00:00,0.0,0.0,13.74,5.19,72.17,32.6,0.0
2025,11,9,6,2025-11-09 06:00:00,0.0,0.0,14.83,4.09,67.31,16.28,0.0
2025,11,9,7,2025-11-09 07:00:00,127.41,99.71,15.8,4.47,72.12,28.99,50.72
2025,11,9,8,2025-11-09 08:00:00,347.13,307.34,17.55,4.33,67.89,15.28,151.99
2025,11,9,9,2025-11-09 09:00:00,535.8,414.68,17.52,4.37,67.5,30.14,202.64
2025,11,9,10,2025-11-09 10:00:00,680.57,640.13,19.05,3.67,63.3,7.92,309.88
2025,11,9,11,2025-11-09 11:00:00,771.58,711.64,20.54,3.6,61.5,10.36,348.47
2025,11,9,12,2025-11-09 12:00:00,802.63,722.65,20.41,4.5,63.95,13.29,352.92
2025,11,9,13,2025-11-09 13:00:00,771.58,706.32,22.78,3.63,60.27,11.28,342.28
2025,11,9,14,2025-11-09 14:00:00,680.57,608.27,22.27,2.56,58.34,14.16,294.71
2025,11,9,15,2025-11-09 15:00:00,535.8,455.16,23.33,3.01,59.15,20.07,221.49
2025,11,9,16,2025-11-09 16:00:00,347.13,309.55,22.98,4.14,56.87,14.43,159.22
2025,11,9,17,2025-11-09 17:00:00,127.41,117.6,21.36,1.8,59.74,10.26,56.85
2025,11,9,18,2025-11-09 18:00:00,0.0,0.0,21.85,3.09,62.48,36.44,0.0
2025,11,9,19,2025-11-09 19:00:00,0.0,0.0,19.06,3.01,66.28,10.88,0.0
2025,11,9,20,2025-11-09 20:00:00,0.0,0.0,20.21,2.17,65.96,25.3,0.0
2025,11,9,21,2025-11-09 21:00:00,0.0,0.0,18.78,3.63,62.23,16.05,0.0
2025,11,9,22,2025-11-09 22:00:00,0.0,0.0,17.28,2.68,68.99,29.29,0.0
2025,11,9,23,2025-11-09 23:00:00,0.0,0.0,14.92,2.88,68.19,15.69,0.0
2025,11,10,0,2025-11-10 00:00:00,0.0,0.0,14.8,4.69,69.9,14.7,0.0
2025,11,10,1,2025-11-10 01:00:00,0.0,0.0,13.87,2.95,65.94,32.93,0.0
2025,11,10,2,2025-11-10 02:00:00,0.0,0.0,14.12,3.95,71.96,11.94,0.0
2025,11,10,3,2025-11-10 03:00:00,0.0,0.0,13.71,3.67,73.09,18.25,0.0
2025,11,10,4,2025-11-10 04:00:00,0.0,0.0,14.47,3.74,69.35,23.87,0.0
2025,11,10,5,2025-11-10 05:00:00,0.0,0.0,13.39,5.37,71.04,11.01,0.0
2025,11,10,6,2025-11-10 06:00:00,0.0,0.0,16.59,4.65,70.59,22.78,0.0
2025,11,10,7,2025-11-10 07:00:00,125.55,94.86,16.22,5.65,67.75,32.6,49.5
2025,11,10,8,2025-11-10 08:00:00,345.04,258.72,17.45,4.92,69.04,33.36,134.39
2025,11,10,9,2025-11-10 09:00:00,533.52,433.37,18.24,4.64,63.67,25.03,206.9
2025,11,10,10,2025-11-10 10:00:00,678.14,607.28,19.55,3.76,67.12,13.93,307.61
2025,11,10,11,2025-11-10 11:00:00,769.06,697.69,19.52,3.73,56.82,12.37,344.46
2025,11,10,12,2025-11-10 12:00:00,800.07,645.76,21.44,2.97,63.21,25.72,309.51
2025,11,10,13,2025-11-10 13:00:00,769.06,663.26,21.4,3.63,62.95,18.34,324.07
2025,11,10,14,2025-11-10 14:00:00,678.14,591.87,22.98,3.32,56.41,16.96,278.79
2025,11,10,15,2025-11-10 15:00:00,533.52,423.9,23.46,1.36,58.52,27.39,201.77
2025,11,10,16,2025-11-10 16:00:00,345.04,251.37,22.79,2.56,55.69,36.2,120.0
2025,11,10,17,2025-11-10 17:00:00,125.55,105.73,21.11,2.13,62.47,21.05,53.16
2025,11,10,18,2025-11-10 18:00:00,0.0,0.0,21.3,2.49,62.53,27.51,0.0
2025,11,10,19,2025-11-10 19:00:00,0.0,0.0,18.38,1.6,61.25,17.18,0.0
2025,11,10,20,2025-11-10 20:00:00,0.0,0.0,18.55,2.49,64.25,16.02,0.0
2025,11,10,21,2025-11-10 21:00:00,0.0,0.0,18.18,2.61,60.68,27.02,0.0
2025,11,10,22,2025-11-10 22:00:00,0.0,0.0,18.36,3.86,66.0,32.26,0.0
2025,11,10,23,2025-11-10 23:00:00,0.0,0.0,14.71,4.17,67.53,29.89,0.0
2025,11,11,0,2025-11-11 00:00:00,0.0,0.0,14.41,3.45,69.8,16.07,0.0
2025,11,11,1,2025-11-11 01:00:00,0.0,0.0,12.53,3.87,64.51,6.89,0.0
2025,11,11,2,2025-11-11 02:00:00,0.0,0.0,13.2,2.94,75.1,26.38,0.0
2025,11,11,3,2025-11-11 03:00:00,0.0,0.0,13.34,5.33,72.41,6.01,0.0
2025,11,11,4,2025-11-11 04:00:00,0.0,0.0,11.78,4.5,70.06,14.7,0.0
2025,11,11,5,2025-11-11 05:00:00,0.0,0.0,13.51,4.27,68.99,23.1,0.0
2025,11,11,6,2025-11-11 06:00:00,0.0,0.0,13.01,4.51,68.39,18.39,0.0
2025,11,11,7,2025-11-11 07:00:00,123.73,100.18,16.44,5.68,72.72,25.37,50.56
2025,11,11,8,2025-11-11 08:00:00,342.99,259.67,17.92,5.29,63.21,32.39,128.0
2025,11,11,9,2025-11-11 09:00:00,531.27,424.89,17.01,2.57,66.38,26.7,206.79
2025,11,11,10,2025-11-11 10:00:00,675.75,516.84,19.15,3.81,60.09,31.35,257.45
2025,11,11,11,2025-11-11 11:00:00,766.57,554.49,20.58,3.4,63.06,36.89,269.62
2025,11,11,12,2025-11-11 12:00:00,797.54,629.28,19.79,3.17,62.82,28.13,308.97
2025,11,11,13,2025-11-11 13:00:00,766.57,734.36,21.18,3.27,58.2,5.6,358.04
2025,11,11,14,2025-11-11 14:00:00,675.75,538.37,23.66,1.95,59.36,27.11,262.16
2025,11,11,15,2025-11-11 15:00:00,531.27,397.21,22.26,2.81,55.67,33.65,194.93
2025,11,11,16,2025-11-11 16:00:00,342.99,264.01,21.7,3.31,63.74,30.7,129.86
2025,11,11,17,2025-11-11 17:00:00,123.73,93.76,22.03,3.5,57.32,32.3,43.48
2025,11,11,18,2025-11-11 18:00:00,0.0,0.0,22.35,0.96,57.86,21.5,0.0
2025,11,11,19,2025-11-11 19:00:00,0.0,0.0,20.1,4.11,61.37,35.11,0.0
2025,11,11,20,2025-11-11 20:00:00,0.0,0.0,18.75,4.72,62.54,19.65,0.0
2025,11,11,21,2025-11-11 21:00:00,0.0,0.0,17.11,2.66,68.75,14.59,0.0
2025,11,11,22,2025-11-11 22:00:00,0.0,0.0,15.7,3.54,66.03,22.71,0.0
2025,11,11,23,2025-11-11 23:00:00,0.0,0.0,14.4,3.65,66.89,17.76,0.0
2025,11,12,0,2025-11-12 00:00:00,0.0,0.0,14.74,1.95,68.53,5.71,0.0
2025,11,12,1,2025-11-12 01:00:00,0.0,0.0,13.4,4.52,65.89,25.23,0.0
2025,11,12,2,2025-11-12 02:00:00,0.0,0.0,13.89,4.06,69.05,26.94,0.0
2025,11,12,3,2025-11-12 03:00:00,0.0,0.0,12.33,5.33,68.78,2.86,0.0
2025,11,12,4,2025-11-12 04:00:00,0.0,0.0,12.92,5.35,69.4,16.32,0.0
2025,11,12,5,2025-11-12 05:00:00,0.0,0.0,13.39,4.28,67.67,16.66,0.0
2025,11,12,6,2025-11-12 06:00:00,0.0,0.0,13.29,4.43,74.28,21.08,0.0
2025,11,12,7,2025-11-12 07:00:00,121.94,117.44,15.23,4.48,67.56,4.92,61.24
2025,11,12,8,2025-11-12 08:00:00,340.97,314.94,16.52,5.55,65.6,10.18,155.89
2025,11,12,9,2025-11-12 09:00:00,529.06,486.93,17.04,4.79,66.05,10.62,244.96
2025,11,12,10,2025-11-12 10:00:00,673.38,630.4,20.02,4.44,61.66,8.51,307.86
2025,11,12,11,2025-11-12 11:00:00,764.11,565.17,21.8,2.8,64.5,34.71,277.55
2025,11,12,12,2025-11-12 12:00:00,795.05,702.7,19.56,3.08,62.66,15.49,348.35
2025,11,12,13,2025-11-12 13:00:00,764.11,619.42,22.14,2.52,56.13,25.25,298.93
2025,11,12,14,2025-11-12 14:00:00,673.38,550.27,22.62,3.45,65.41,24.38,276.99
2025,11,12,15,2025-11-12 15:00:00,529.06,387.52,23.83,2.85,61.44,35.67,185.27
2025,11,12,16,2025-11-12 16:00:00,340.97,310.37,21.82,1.38,64.2,11.97,149.81
2025,11,12,17,2025-11-12 17:00:00,121.94,119.17,21.21,3.3,58.58,3.04,57.09
2025,11,12,18,2025-11-12 18:00:00,0.0,0.0,21.36,3.42,59.16,6.72,0.0
2025,11,12,19,2025-11-12 19:00:00,0.0,0.0,20.04,1.45,60.99,16.86,0.0
2025,11,12,20,2025-11-12 20:00:00,0.0,0.0,18.97,1.86,60.97,2.79,0.0
2025,11,12,21,2025-11-12 21:00:00,0.0,0.0,18.11,2.6,65.47,25.98,0.0
2025,11,12,22,2025-11-12 22:00:00,0.0,0.0,16.4,3.25,61.1,19.78,0.0
2025,11,12,23,2025-11-12 23:00:00,0.0,0.0,14.56,2.12,66.03,3.57,0.0
2025,11,13,0,2025-11-13 00:00:00,0.0,0.0,14.31,3.94,65.28,12.52,0.0
2025,11,13,1,2025-11-13 01:00:00,0.0,0.0,14.51,4.35,74.86,15.78,0.0
2025,11,13,2,2025-11-13 02:00:00,0.0,0.0,11.33,4.86,70.58,8.62,0.0
2025,11,13,3,2025-11-13 03:00:00,0.0,0.0,12.17,4.12,69.54,3.72,0.0
2025,11,13,4,2025-11-13 04:00:00,0.0,0.0,13.75,4.52,73.3,17.91,0.0
2025,11,13,5,2025-11-13 05:00:00,0.0,0.0,12.62,3.57,76.2,31.09,0.0
2025,11,13,6,2025-11-13 06:00:00,0.0,0.0,14.13,2.37,72.28,12.35,0.0
2025,11,13,7,2025-11-13 07:00:00,120.19,89.35,14.46,3.27,69.34,34.21,42.89
2025,11,13,8,2025-11-13 08:00:00,338.99,247.46,15.67,3.17,66.14,36.0,120.23
2025,11,13,9,2025-11-13 09:00:00,526.89,438.19,17.3,5.16,63.45,22.45,215.2
2025,11,13,10,2025-11-13 10:00:00,671.06,616.13,18.8,4.86,66.75,10.91,300.46
2025,11,13,11,2025-11-13 11:00:00,761.69,751.57,18.63,3.23,63.05,1.77,374.1
2025,11,13,12,2025-11-13 12:00:00,792.61,779.91,20.67,2.78,61.48,2.14,380.05
2025,11,13,13,2025-11-13 13:00:00,761.69,570.97,22.81,3.91,57.19,33.39,278.1
2025,11,13,14,2025-11-13 14:00:00,671.06,628.22,23.82,3.32,55.43,8.51,307.21
2025,11,13,15,2025-11-13 15:00:00,526.89,507.91,23.33,2.84,59.34,4.8,249.04
2025,11,13,16,2025-11-13 16:00:00,338.99,246.68,22.31,2.06,56.3,36.31,121.03
2025,11,13,17,2025-11-13 17:00:00,120.19,88.18,20.78,1.79,55.9,35.51,39.77
2025,11,13,18,2025-11-13 18:00:00,0.0,0.0,20.0,1.89,59.84,21.68,0.0
2025,11,13,19,2025-11-13 19:00:00,0.0,0.0,20.95,2.75,56.15,18.82,0.0
2025,11,13,20,2025-11-13 20:00:00,0.0,0.0,18.38,3.11,56.14,17.77,0.0
2025,11,13,21,2025-11-13 21:00:00,0.0,0.0,17.58,2.16,66.49,31.04,0.0
2025,11,13,22,2025-11-13 22:00:00,0.0,0.0,17.25,3.17,64.11,22.78,0.0
2025,11,13,23,2025-11-13 23:00:00,0.0,0.0,15.66,2.54,69.67,23.59,0.0
2025,11,14,0,2025-11-14 00:00:00,0.0,0.0,13.8,3.74,71.32,32.89,0.0
2025,11,14,1,2025-11-14 01:00:00,0.0,0.0,13.39,3.36,64.93,25.02,0.0
2025,11,14,2,2025-11-14 02:00:00,0.0,0.0,13.24,2.66,68.9,12.58,0.0
2025,11,14,3,2025-11-14 03:00:00,0.0,0.0,11.93,5.33,72.01,11.19,0.0
2025,11,14,4,2025-11-14 04:00:00,0.0,0.0,13.26,5.01,69.74,13.12,0.0
2025,11,14,5,2025-11-14 05:00:00,0.0,0.0,14.53,4.77,66.65,28.89,0.0
2025,11,14,6,2025-11-14 06:00:00,0.0,0.0,13.35,4.47,68.1,9.44,0.0
2025,11,14,7,2025-11-14 07:00:00,118.47,99.6,15.7,6.45,66.02,21.24,50.77
2025,11,14,8,2025-11-14 08:00:00,337.05,311.87,16.48,4.45,70.05,9.96,155.2
2025,11,14,9,2025-11-14 09:00:00,524.75,471.42,17.22,5.04,64.03,13.55,232.51
2025,11,14,10,2025-11-14 10:00:00,668.78,569.84,19.65,4.07,61.02,19.72,278.91
2025,11,14,11,2025-11-14 11:00:00,759.32,638.26,21.35,3.31,66.19,21.26,306.92
2025,11,14,12,2025-11-14 12:00:00,790.2,595.61,19.94,4.47,62.87,32.83,289.77
2025,11,14,13,2025-11-14 13:00:00,759.32,658.12,22.04,2.91,62.86,17.77,319.98
2025,11,14,14,2025-11-14 14:00:00,668.78,536.02,22.22,2.34,60.46,26.47,254.47
2025,11,14,15,2025-11-14 15:00:00,524.75,513.19,22.23,4.34,58.06,2.94,255.25
2025,11,14,16,2025-11-14 16:00:00,337.05,282.84,22.12,1.96,67.21,21.45,135.95
2025,11,14,17,2025-11-14 17:00:00,118.47,105.05,21.98,2.45,55.11,15.11,47.55
2025,11,14,18,2025-11-14 18:00:00,0.0,0.0,20.08,4.0,58.16,1.59,0.0
2025,11,14,19,2025-11-14 19:00:00,0.0,0.0,19.46,2.35,63.68,6.84,0.0
2025,11,14,20,2025-11-14 20:00:00,0.0,0.0,18.01,2.36,65.0,4.26,0.0
2025,11,14,21,2025-11-14 21:00:00,0.0,0.0,17.12,1.57,64.05,20.05,0.0
2025,11,14,22,2025-11-14 22:00:00,0.0,0.0,14.87,3.55,66.2,13.74,0.0
2025,11,14,23,2025-11-14 23:00:00,0.0,0.0,14.62,5.16,66.88,31.12,0.0
2025,11,15,0,2025-11-15 00:00:00,0.0,0.0,13.23,3.06,63.84,10.95,0.0
2025,11,15,1,2025-11-15 01:00:00,0.0,0.0,13.45,4.01,70.16,23.88,0.0
2025,11,15,2,2025-11-15 02:00:00,0.0,0.0,13.16,4.23,72.58,4.01,0.0
2025,11,15,3,2025-11-15 03:00:00,0.0,0.0,12.75,3.25,71.46,17.01,0.0
2025,11,15,4,2025-11-15 04:00:00,0.0,0.0,12.61,5.94,73.81,21.27,0.0
2025,11,15,5,2025-11-15 05:00:00,0.0,0.0,13.02,5.16,69.8,22.14,0.0
2025,11,15,6,2025-11-15 06:00:00,0.0,0.0,14.15,5.59,69.08,32.99,0.0
2025,11,15,7,2025-11-15 07:00:00,116.79,115.36,14.86,4.17,70.9,1.63,50.62
2025,11,15,8,2025-11-15 08:00:00,335.15,261.14,15.46,3.55,63.68,29.44,132.46
2025,11,15,9,2025-11-15 09:00:00,522.66,422.85,16.75,5.65,66.31,25.46,209.71
2025,11,15,10,2025-11-15 10:00:00,666.54,637.98,17.76,3.29,63.14,5.71,312.66
2025,11,15,11,2025-11-15 11:00:00,756.98,662.25,19.53,4.56,58.97,16.69,321.82
2025,11,15,12,2025-11-15 12:00:00,787.83,649.0,21.37,2.44,65.0,23.5,315.72
2025,11,15,13,2025-11-15 13:00:00,756.98,571.45,22.37,3.48,59.86,32.68,268.94
2025,11,15,14,2025-11-15 14:00:00,666.54,541.61,21.75,1.53,58.06,24.99,261.74
2025,11,15,15,2025-11-15 15:00:00,522.66,408.02,22.6,3.02,62.15,29.24,196.84
2025,11,15,16,2025-11-15 16:00:00,335.15,321.95,20.88,3.37,60.38,5.25,159.63
2025,11,15,17,2025-11-15 17:00:00,116.79,91.77,22.56,2.05,59.9,28.57,39.69
2025,11,15,18,2025-11-15 18:00:00,0.0,0.0,21.13,1.27,59.22,7.98,0.0
2025,11,15,19,2025-11-15 19:00:00,0.0,0.0,20.83,1.75,65.27,31.94,0.0
2025,11,15,20,2025-11-15 20:00:00,0.0,0.0,19.19,1.31,61.9,18.74,0.0
2025,11,15,21,2025-11-15 21:00:00,0.0,0.0,17.17,2.72,73.08,30.5,0.0
2025,11,15,22,2025-11-15 22:00:00,0.0,0.0,14.93,2.08,64.12,14.5,0.0
2025,11,15,23,2025-11-15 23:00:00,0.0,0.0,15.24,2.36,65.82,31.18,0.0
2025,11,16,0,2025-11-16 00:00:00,0.0,0.0,14.28,2.92,71.98,17.33,0.0
2025,11,16,1,2025-11-16 01:00:00,0.0,0.0,13.62,4.49,73.22,28.21,0.0
2025,11,16,2,2025-11-16 02:00:00,0.0,0.0,11.09,3.93,68.6,10.35,0.0
2025,11,16,3,2025-11-16 03:00:00,0.0,0.0,13.57,4.31,69.98,0.0,0.0
2025,11,16,4,2025-11-16 04:00:00,0.0,0.0,12.26,5.54,67.77,3.77,0.0
2025,11,16,5,2025-11-16 05:00:00,0.0,0.0,12.29,4.86,72.28,32.73,0.0
2025,11,16,6,2025-11-16 06:00:00,0.0,0.0,13.79,4.96,70.33,13.58,0.0
2025,11,16,7,2025-11-16 07:00:00,115.15,108.01,14.51,4.77,67.69,8.27,52.69
2025,11,16,8,2025-11-16 08:00:00,333.29,322.49,14.92,4.03,61.97,4.32,160.08
2025,11,16,9,2025-11-16 09:00:00,520.6,520.6,17.73,5.14,64.78,0.0,258.41
2025,11,16,10,2025-11-16 10:00:00,664.34,585.46,18.92,3.42,60.58,15.83,284.72
2025,11,16,11,2025-11-16 11:00:00,754.69,747.51,19.24,2.64,58.02,1.27,368.44
2025,11,16,12,2025-11-16 12:00:00,785.51,785.51,20.92,3.06,59.32,0.0,380.94
2025,11,16,13,2025-11-16 13:00:00,754.69,692.39,21.19,3.11,66.09,11.01,339.67
2025,11,16,14,2025-11-16 14:00:00,664.34,640.56,20.15,2.61,64.36,4.77,317.34
2025,11,16,15,2025-11-16 15:00:00,520.6,499.65,22.02,2.11,61.25,5.37,251.86
2025,11,16,16,2025-11-16 16:00:00,333.29,277.55,21.97,1.75,55.01,22.3,133.09
2025,11,16,17,2025-11-16 17:00:00,115.15,98.61,22.72,2.09,61.11,19.16,49.25
2025,11,16,18,2025-11-16 18:00:00,0.0,0.0,21.83,1.94,56.46,25.09,0.0
2025,11,16,19,2025-11-16 19:00:00,0.0,0.0,20.86,3.16,61.7,18.84,0.0
2025,11,16,20,2025-11-16 20:00:00,0.0,0.0,19.13,0.71,68.14,7.88,0.0
2025,11,16,21,2025-11-16 21:00:00,0.0,0.0,17.22,2.22,65.13,9.41,0.0
2025,11,16,22,2025-11-16 22:00:00,0.0,0.0,16.05,2.9,67.48,15.01,0.0
2025,11,16,23,2025-11-16 23:00:00,0.0,0.0,14.29,3.43,62.91,0.0,0.0
2025,11,17,0,2025-11-17 00:00:00,0.0,0.0,14.62,4.2,69.12,9.3,0.0
2025,11,17,1,2025-11-17 01:00:00,0.0,0.0,12.39,3.26,70.14,5.79,0.0
2025,11,17,2,2025-11-17 02:00:00,0.0,0.0,11.92,4.76,71.44,18.5,0.0
2025,11,17,3,2025-11-17 03:00:00,0.0,0.0,11.55,5.38,75.13,20.29,0.0
2025,11,17,4,2025-11-17 04:00:00,0.0,0.0,13.51,6.11,69.28,2.64,0.0
2025,11,17,5,2025-11-17 05:00:00,0.0,0.0,12.37,3.72,69.04,6.87,0.0
2025,11,17,6,2025-11-17 06:00:00,0.0,0.0,13.32,4.86,69.73,24.52,0.0
2025,11,17,7,2025-11-17 07:00:00,113.55,112.49,14.29,4.4,68.63,1.24,55.27
2025,11,17,8,2025-11-17 08:00:00,331.46,258.17,15.19,4.13,71.55,29.48,130.83
2025,11,17,9,2025-11-17 09:00:00,518.59,405.01,17.51,4.81,70.41,29.2,204.3
2025,11,17,10,2025-11-17 10:00:00,662.18,524.79,18.01,3.58,64.93,27.66,254.87
2025,11,17,11,2025-11-17 11:00:00,752.45,752.45,20.43,3.74,59.81,0.0,371.53
2025,11,17,12,2025-11-17 12:00:00,783.23,601.04,20.56,2.01,57.51,31.02,296.73
2025,11,17,13,2025-11-17 13:00:00,752.45,694.94,21.57,3.8,62.56,10.19,342.15
2025,11,17,14,2025-11-17 14:00:00,662.18,587.04,20.9,2.22,59.06,15.13,285.11
2025,11,17,15,2025-11-17 15:00:00,518.59,501.16,22.12,2.95,56.45,4.48,241.34
2025,11,17,16,2025-11-17 16:00:00,331.46,310.93,22.52,2.08,60.24,8.26,151.27
2025,11,17,17,2025-11-17 17:00:00,113.55,107.07,21.59,2.55,62.58,7.6,51.64
2025,11,17,18,2025-11-17 18:00:00,0.0,0.0,21.04,1.69,61.72,24.17,0.0
2025,11,17,19,2025-11-17 19:00:00,0.0,0.0,19.3,2.11,63.13,17.05,0.0
2025,11,17,20,2025-11-17 20:00:00,0.0,0.0,18.09,3.18,64.42,3.41,0.0
2025,11,17,21,2025-11-17 21:00:00,0.0,0.0,16.48,1.93,62.57,6.28,0.0
2025,11,17,22,2025-11-17 22:00:00,0.0,0.0,15.64,2.8,71.46,6.34,0.0
2025,11,17,23,2025-11-17 23:00:00,0.0,0.0,13.71,3.53,64.58,20.23,0.0
2025,11,18,0,2025-11-18 00:00:00,0.0,0.0,13.25,3.21,67.25,5.74,0.0
2025,11,18,1,2025-11-18 01:00:00,0.0,0.0,13.52,2.69,72.08,18.97,0.0
2025,11,18,2,2025-11-18 02:00:00,0.0,0.0,12.17,3.56,69.69,27.81,0.0
2025,11,18,3,2025-11-18 03:00:00,0.0,0.0,10.83,4.33,71.5,14.23,0.0
2025,11,18,4,2025-11-18 04:00:00,0.0,0.0,12.45,2.8,65.66,14.41,0.0
2025,11,18,5,2025-11-18 05:00:00,0.0,0.0,12.63,4.11,71.97,18.26,0.0
2025,11,18,6,2025-11-18 06:00:00,0.0,0.0,14.47,4.5,73.38,22.12,0.0
2025,11,18,7,2025-11-18 07:00:00,111.98,104.97,14.65,4.41,66.79,8.34,56.4
2025,11,18,8,2025-11-18 08:00:00,329.68,310.06,15.21,3.81,67.21,7.94,149.71
2025,11,18,9,2025-11-18 09:00:00,516.63,463.94,15.8,4.98,64.65,13.6,231.15
2025,11,18,10,2025-11-18 10:00:00,660.07,660.07,19.09,4.27,67.93,0.0,326.51
2025,11,18,11,2025-11-18 11:00:00,750.25,652.81,18.86,4.22,64.65,17.32,329.81
2025,11,18,12,2025-11-18 12:00:00,781.01,717.78,20.33,4.28,59.39,10.79,347.63
2025,11,18,13,2025-11-18 13:00:00,750.25,594.55,21.73,3.0,61.36,27.67,288.26
2025,11,18,14,2025-11-18 14:00:00,660.07,631.42,22.83,2.53,57.18,5.79,310.01
2025,11,18,15,2025-11-18 15:00:00,516.63,441.69,21.78,3.67,56.34,19.34,212.98
2025,11,18,16,2025-11-18 16:00:00,329.68,283.35,22.6,0.88,60.32,18.74,140.01
2025,11,18,17,2025-11-18 17:00:00,111.98,111.98,22.76,2.5,56.68,0.0,56.72
2025,11,18,18,2025-11-18 18:00:00,0.0,0.0,20.29,2.79,59.71,25.43,0.0
2025,11,18,19,2025-11-18 19:00:00,0.0,0.0,20.37,1.64,61.7,8.14,0.0
2025,11,18,20,2025-11-18 20:00:00,0.0,0.0,19.03,2.98,61.3,6.51,0.0
2025,11,18,21,2025-11-18 21:00:00,0.0,0.0,17.48,1.31,63.06,24.03,0.0
2025,11,18,22,2025-11-18 22:00:00,0.0,0.0,15.66,2.75,67.98,8.16,0.0
2025,11,18,23,2025-11-18 23:00:00,0.0,0.0,14.83,3.05,69.16,8.45,0.0
2025,11,19,0,2025-11-19 00:00:00,0.0,0.0,14.17,3.66,67.2,12.08,0.0
2025,11,19,1,2025-11-19 01:00:00,0.0,0.0,11.77,3.35,66.31,15.93,0.0
2025,11,19,2,2025-11-19 02:00:00,0.0,0.0,13.23,3.16,67.83,19.41,0.0
2025,11,19,3,2025-11-19 03:00:00,0.0,0.0,11.22,3.44,74.07,11.77,0.0
2025,11,19,4,2025-11-19 04:00:00,0.0,0.0,11.02,4.35,66.02,0.0,0.0
2025,11,19,5,2025-11-19 05:00:00,0.0,0.0,12.13,5.51,76.84,0.0,0.0
2025,11,19,6,2025-11-19 06:00:00,0.0,0.0,13.13,5.31,71.14,0.0,0.0
2025,11,19,7,2025-11-19 07:00:00,110.45,93.1,14.47,4.73,65.76,20.95,39.69
2025,11,19,8,2025-11-19 08:00:00,327.94,277.99,14.94,4.19,66.53,20.31,138.9
2025,11,19,9,2025-11-19 09:00:00,514.71,489.62,18.62,3.39,64.0,6.5,241.09
2025,11,19,10,2025-11-19 10:00:00,658.01,525.1,17.09,4.42,66.74,26.93,256.81
2025,11,19,11,2025-11-19 11:00:00,748.1,670.07,18.89,2.33,59.94,13.91,331.81
2025,11,19,12,2025-11-19 12:00:00,778.83,641.42,20.79,4.22,62.87,23.52,309.6
2025,11,19,13,2025-11-19 13:00:00,748.1,693.89,20.05,3.91,62.87,9.66,341.51
2025,11,19,14,2025-11-19 14:00:00,658.01,574.46,21.2,1.25,56.57,16.93,280.56
2025,11,19,15,2025-11-19 15:00:00,514.71,514.71,23.11,3.84,57.96,0.0,248.69
2025,11,19,16,2025-11-19 16:00:00,327.94,317.42,22.35,2.33,61.42,4.28,146.12
2025,11,19,17,2025-11-19 17:00:00,110.45,101.79,21.75,1.39,55.62,10.46,44.47
2025,11,19,18,2025-11-19 18:00:00,0.0,0.0,21.79,2.58,63.85,0.0,0.0
2025,11,19,19,2025-11-19 19:00:00,0.0,0.0,18.75,2.91,59.71,21.12,0.0
2025,11,19,20,2025-11-19 20:00:00,0.0,0.0,18.09,1.41,63.7,3.66,0.0
2025,11,19,21,2025-11-19 21:00:00,0.0,0.0,15.1,0.94,58.99,13.91,0.0
2025,11,19,22,2025-11-19 22:00:00,0.0,0.0,16.46,4.63,68.43,3.05,0.0
2025,11,19,23,2025-11-19 23:00:00,0.0,0.0,14.27,2.32,66.03,13.04,0.0
2025,11,20,0,2025-11-20 00:00:00,0.0,0.0,12.99,3.98,71.42,12.17,0.0
2025,11,20,1,2025-11-20 01:00:00,0.0,0.0,12.85,3.2,69.86,7.56,0.0
2025,11,20,2,2025-11-20 02:00:00,0.0,0.0,11.26,4.53,75.28,0.0,0.0
2025,11,20,3,2025-11-20 03:00:00,0.0,0.0,10.83,4.13,71.68,10.29,0.0
2025,11,20,4,2025-11-20 04:00:00,0.0,0.0,12.52,5.07,73.42,11.2,0.0
2025,11,20,5,2025-11-20 05:00:00,0.0,0.0,13.08,3.7,67.19,0.0,0.0
2025,11,20,6,2025-11-20 06:00:00,0.0,0.0,11.6,5.12,68.06,0.0,0.0
2025,11,20,7,2025-11-20 07:00:00,108.97,96.96,13.99,4.34,62.51,14.69,49.25
2025,11,20,8,2025-11-20 08:00:00,326.25,314.44,15.18,3.91,70.19,4.83,157.71
2025,11,20,9,2025-11-20 09:00:00,512.83,434.42,17.84,4.69,60.58,20.39,213.64
2025,11,20,10,2025-11-20 10:00:00,656.0,622.67,17.45,3.69,64.74,6.78,308.65
2025,11,20,11,2025-11-20 11:00:00,746.0,643.64,18.95,4.14,56.04,18.3,312.63
2025,11,20,12,2025-11-20 12:00:00,776.7,747.55,21.54,3.76,57.18,5.0,362.76
2025,11,20,13,2025-11-20 13:00:00,746.0,639.34,20.27,2.7,60.45,19.06,316.03
2025,11,20,14,2025-11-20 14:00:00,656.0,656.0,21.01,3.58,61.49,0.0,324.32
2025,11,20,15,2025-11-20 15:00:00,512.83,428.44,20.65,1.57,53.99,21.94,215.0
2025,11,20,16,2025-11-20 16:00:00,326.25,326.25,22.25,1.08,63.22,0.0,155.98
2025,11,20,17,2025-11-20 17:00:00,108.97,105.36,21.79,2.79,62.58,4.41,53.59
2025,11,20,18,2025-11-20 18:00:00,0.0,0.0,19.95,2.02,59.96,19.72,0.0
2025,11,20,19,2025-11-20 19:00:00,0.0,0.0,19.33,2.65,65.18,27.56,0.0
2025,11,20,20,2025-11-20 20:00:00,0.0,0.0,17.95,2.89,63.67,18.89,0.0
2025,11,20,21,2025-11-20 21:00:00,0.0,0.0,16.85,2.33,59.06,0.0,0.0
2025,11,20,22,2025-11-20 22:00:00,0.0,0.0,14.5,3.6,64.91,0.0,0.0
2025,11,20,23,2025-11-20 23:00:00,0.0,0.0,15.35,4.58,73.2,21.41,0.0
2025,11,21,0,2025-11-21 00:00:00,0.0,0.0,12.59,3.51,70.17,0.0,0.0
2025,11,21,1,2025-11-21 01:00:00,0.0,0.0,13.46,1.7,71.5,10.67,0.0
2025,11,21,2,2025-11-21 02:00:00,0.0,0.0,11.64,3.51,69.96,2.19,0.0
2025,11,21,3,2025-11-21 03:00:00,0.0,0.0,9.55,3.96,70.29,0.0,0.0
2025,11,21,4,2025-11-21 04:00:00,0.0,0.0,11.62,3.37,68.51,22.35,0.0
2025,11,21,5,2025-11-21 05:00:00,0.0,0.0,12.85,4.01,69.01,10.72,0.0
2025,11,21,6,2025-11-21 06:00:00,0.0,0.0,14.09,4.81,71.91,0.0,0.0
2025,11,21,7,2025-11-21 07:00:00,107.52,86.03,13.19,4.06,64.83,26.65,42.56
2025,11,21,8,2025-11-21 08:00:00,324.6,324.6,16.53,5.91,63.89,0.0,160.77
2025,11,21,9,2025-11-21 09:00:00,511.01,451.32,17.03,4.68,65.22,15.57,224.33
2025,11,21,10,2025-11-21 10:00:00,654.04,651.2,18.53,4.12,68.19,0.58,323.5
2025,11,21,11,2025-11-21 11:00:00,743.96,733.41,18.11,3.68,60.4,1.89,356.46
2025,11,21,12,2025-11-21 12:00:00,774.63,639.01,19.7,3.17,58.1,23.34,316.44
2025,11,21,13,2025-11-21 13:00:00,743.96,600.07,20.65,3.1,54.79,25.79,295.65
2025,11,21,14,2025-11-21 14:00:00,654.04,575.75,21.74,2.53,59.16,15.96,280.14
2025,11,21,15,2025-11-21 15:00:00,511.01,475.31,20.75,2.97,58.14,9.31,232.46
2025,11,21,16,2025-11-21 16:00:00,324.6,290.61,20.81,3.71,64.0,13.96,149.7
2025,11,21,17,2025-11-21 17:00:00,107.52,92.45,21.31,2.36,62.49,18.69,41.29
2025,11,21,18,2025-11-21 18:00:00,0.0,0.0,20.07,1.8,62.43,23.72,0.0
2025,11,21,19,2025-11-21 19:00:00,0.0,0.0,18.85,2.26,62.01,0.0,0.0
2025,11,21,20,2025-11-21 20:00:00,0.0,0.0,17.63,1.55,62.39,0.0,0.0
2025,11,21,21,2025-11-21 21:00:00,0.0,0.0,16.35,1.77,63.46,0.0,0.0
2025,11,21,22,2025-11-21 22:00:00,0.0,0.0,15.68,3.77,66.12,0.0,0.0
2025,11,21,23,2025-11-21 23:00:00,0.0,0.0,15.93,2.81,69.49,8.54,0.0
2025,11,22,0,2025-11-22 00:00:00,0.0,0.0,12.95,3.07,69.99,0.0,0.0
2025,11,22,1,2025-11-22 01:00:00,0.0,0.0,11.24,3.21,72.07,1.23,0.0
2025,11,22,2,2025-11-22 02:00:00,0.0,0.0,12.04,4.0,72.45,0.0,0.0
2025,11,22,3,2025-11-22 03:00:00,0.0,0.0,11.27,4.62,71.93,0.0,0.0
2025,11,22,4,2025-11-22 04:00:00,0.0,0.0,10.89,5.34,76.25,16.96,0.0
2025,11,22,5,2025-11-22 05:00:00,0.0,0.0,12.12,5.29,68.77,19.29,0.0
2025,11,22,6,2025-11-22 06:00:00,0.0,0.0,13.08,4.45,71.45,0.0,0.0
2025,11,22,7,2025-11-22 07:00:00,106.12,89.25,13.74,4.62,68.09,21.19,47.38
2025,11,22,8,2025-11-22 08:00:00,323.0,319.17,16.31,4.3,66.76,1.58,155.67
2025,11,22,9,2025-11-22 09:00:00,509.23,500.79,16.92,5.68,66.67,2.21,244.6
2025,11,22,10,2025-11-22 10:00:00,652.13,628.39,17.98,4.33,63.52,4.85,310.17
2025,11,22,11,2025-11-22 11:00:00,741.97,646.25,19.25,3.9,61.07,17.2,313.01
2025,11,22,12,2025-11-22 12:00:00,772.61,700.1,19.94,3.24,61.52,12.51,342.21
2025,11,22,13,2025-11-22 13:00:00,741.97,605.08,22.16,2.03,55.62,24.6,294.67
2025,11,22,14,2025-11-22 14:00:00,652.13,581.3,20.36,3.7,59.0,14.48,283.47
2025,11,22,15,2025-11-22 15:00:00,509.23,509.23,20.92,1.65,58.52,0.0,248.29
2025,11,22,16,2025-11-22 16:00:00,323.0,268.88,20.18,1.04,60.63,22.34,132.48
2025,11,22,17,2025-11-22 17:00:00,106.12,104.45,21.59,1.64,66.72,2.1,50.0
2025,11,22,18,2025-11-22 18:00:00,0.0,0.0,20.45,2.5,57.46,24.98,0.0
2025,11,22,19,2025-11-22 19:00:00,0.0,0.0,19.59,2.56,58.33,0.0,0.0
2025,11,22,20,2025-11-22 20:00:00,0.0,0.0,18.37,2.24,60.96,0.0,0.0
2025,11,22,21,2025-11-22 21:00:00,0.0,0.0,16.74,2.74,65.8,0.0,0.0
2025,11,22,22,2025-11-22 22:00:00,0.0,0.0,15.87,3.18,73.18,14.51,0.0
2025,11,22,23,2025-11-22 23:00:00,0.0,0.0,14.04,3.59,68.16,2.51,0.0
2025,11,23,0,2025-11-23 00:00:00,0.0,0.0,12.4,2.27,73.99,9.89,0.0
2025,11,23,1,2025-11-23 01:00:00,0.0,0.0,12.23,3.71,71.62,12.7,0.0
2025,11,23,2,2025-11-23 02:00:00,0.0,0.0,11.38,5.84,68.32,22.06,0.0
2025,11,23,3,2025-11-23 03:00:00,0.0,0.0,11.26,4.35,71.57,0.32,0.0
2025,11,23,4,2025-11-23 04:00:00,0.0,0.0,11.89,5.95,68.18,16.82,0.0
2025,11,23,5,2025-11-23 05:00:00,0.0,0.0,11.44,4.8,71.66,5.27,0.0
2025,11,23,6,2025-11-23 06:00:00,0.0,0.0,11.28,4.08,69.1,1.56,0.0
2025,11,23,7,2025-11-23 07:00:00,104.76,91.98,14.21,5.77,70.27,16.27,49.46
2025,11,23,8,2025-11-23 08:00:00,321.44,321.44,14.95,4.54,67.75,0.0,153.34
2025,11,23,9,2025-11-23 09:00:00,507.51,507.51,15.87,3.89,68.6,0.0,252.83
2025,11,23,10,2025-11-23 10:00:00,650.28,650.28,19.27,4.48,61.66,0.0,316.8
2025,11,23,11,2025-11-23 11:00:00,740.03,637.43,18.35,4.17,59.78,18.49,319.51
2025,11,23,12,2025-11-23 12:00:00,770.64,638.13,20.33,4.4,61.85,22.93,313.79
2025,11,23,13,2025-11-23 13:00:00,740.03,727.21,20.45,2.9,60.52,2.31,358.53
2025,11,23,14,2025-11-23 14:00:00,650.28,647.99,22.16,1.58,65.1,0.47,315.48
2025,11,23,15,2025-11-23 15:00:00,507.51,417.6,21.17,3.64,58.62,23.62,203.75
2025,11,23,16,2025-11-23 16:00:00,321.44,286.13,19.46,1.74,59.18,14.65,137.3
2025,11,23,17,2025-11-23 17:00:00,104.76,97.14,20.49,3.11,58.66,9.7,49.89
2025,11,23,18,2025-11-23 18:00:00,0.0,0.0,19.24,2.48,56.46,4.62,0.0
2025,11,23,19,2025-11-23 19:00:00,0.0,0.0,18.4,2.34,63.77,0.0,0.0
2025,11,23,20,2025-11-23 20:00:00,0.0,0.0,17.94,1.52,61.25,0.0,0.0
2025,11,23,21,2025-11-23 21:00:00,0.0,0.0,15.61,3.31,68.21,20.57,0.0
2025,11,23,22,2025-11-23 22:00:00,0.0,0.0,14.83,2.34,63.7,15.71,0.0
2025,11,23,23,2025-11-23 23:00:00,0.0,0.0,13.38,1.79,70.72,0.09,0.0
2025,11,24,0,2025-11-24 00:00:00,0.0,0.0,12.11,4.11,69.92,0.0,0.0
2025,11,24,1,2025-11-24 01:00:00,0.0,0.0,12.42,4.54,68.72,0.0,0.0
2025,11,24,2,2025-11-24 02:00:00,0.0,0.0,10.46,3.4,70.79,0.0,0.0
2025,11,24,3,2025-11-24 03:00:00,0.0,0.0,11.57,3.47,72.17,0.17,0.0
2025,11,24,4,2025-11-24 04:00:00,0.0,0.0,12.57,5.21,70.2,9.08,0.0
2025,11,24,5,2025-11-24 05:00:00,0.0,0.0,11.09,4.7,72.73,17.47,0.0
2025,11,24,6,2025-11-24 06:00:00,0.0,0.0,12.55,3.71,65.02,20.81,0.0
2025,11,24,7,2025-11-24 07:00:00,103.44,86.02,14.18,4.74,68.73,22.46,43.66
2025,11,24,8,2025-11-24 08:00:00,319.93,319.93,15.79,4.85,67.92,0.0,155.14
2025,11,24,9,2025-11-24 09:00:00,505.83,497.57,16.56,5.24,67.87,2.18,248.34
2025,11,24,10,2025-11-24 10:00:00,648.48,615.03,16.9,5.37,62.34,6.88,312.13
2025,11,24,11,2025-11-24 11:00:00,738.15,738.15,17.86,4.02,68.18,0.0,369.17
2025,11,24,12,2025-11-24 12:00:00,768.74,643.47,20.7,5.68,60.9,21.73,317.56
2025,11,24,13,2025-11-24 13:00:00,738.15,727.71,21.22,2.86,59.34,1.89,353.54
2025,11,24,14,2025-11-24 14:00:00,648.48,560.43,19.85,3.67,60.99,18.1,265.4
2025,11,24,15,2025-11-24 15:00:00,505.83,468.76,21.04,3.4,62.57,9.77,230.29
2025,11,24,16,2025-11-24 16:00:00,319.93,275.35,20.57,3.21,55.4,18.58,135.31
2025,11,24,17,2025-11-24 17:00:00,103.44,90.48,20.9,3.29,59.94,16.71,43.4
2025,11,24,18,2025-11-24 18:00:00,0.0,0.0,18.76,3.23,60.7,17.69,0.0
2025,11,24,19,2025-11-24 19:00:00,0.0,0.0,18.56,0.5,61.6,18.31,0.0
2025,11,24,20,2025-11-24 20:00:00,0.0,0.0,17.12,1.85,66.15,0.0,0.0
2025,11,24,21,2025-11-24 21:00:00,0.0,0.0,15.81,1.73,69.35,19.17,0.0
2025,11,24,22,2025-11-24 22:00:00,0.0,0.0,15.55,2.03,68.42,23.54,0.0
2025,11,24,23,2025-11-24 23:00:00,0.0,0.0,12.43,2.35,65.22,16.36,0.0
2025,11,25,0,2025-11-25 00:00:00,0.0,0.0,12.84,4.15,70.09,0.0,0.0
2025,11,25,1,2025-11-25 01:00:00,0.0,0.0,11.14,3.99,71.93,18.42,0.0
2025,11,25,2,2025-11-25 02:00:00,0.0,0.0,10.98,4.39,70.83,22.47,0.0
2025,11,25,3,2025-11-25 03:00:00,0.0,0.0,11.18,4.33,71.15,21.79,0.0
2025,11,25,4,2025-11-25 04:00:00,0.0,0.0,12.22,5.24,71.82,23.09,0.0
2025,11,25,5,2025-11-25 05:00:00,0.0,0.0,11.46,6.03,67.06,0.0,0.0
2025,11,25,6,2025-11-25 06:00:00,0.0,0.0,12.51,5.44,66.46,0.0,0.0
2025,11,25,7,2025-11-25 07:00:00,102.17,85.28,15.27,4.85,65.69,22.04,46.48
2025,11,25,8,2025-11-25 08:00:00,318.47,318.47,15.25,4.84,65.23,0.0,153.66
2025,11,25,9,2025-11-25 09:00:00,504.21,492.53,17.05,5.01,62.96,3.09,248.53
2025,11,25,10,2025-11-25 10:00:00,646.74,641.16,17.62,4.34,58.8,1.15,321.29
2025,11,25,11,2025-11-25 11:00:00,736.33,614.5,19.47,3.9,63.54,22.06,294.13
2025,11,25,12,2025-11-25 12:00:00,766.89,674.86,19.2,4.43,64.27,16.0,327.05
2025,11,25,13,2025-11-25 13:00:00,736.33,621.56,19.01,3.44,57.34,20.78,307.86
2025,11,25,14,2025-11-25 14:00:00,646.74,638.51,21.16,2.43,58.67,1.69,310.49
2025,11,25,15,2025-11-25 15:00:00,504.21,468.15,20.33,4.1,55.2,9.54,228.3
2025,11,25,16,2025-11-25 16:00:00,318.47,318.47,20.97,2.57,56.84,0.0,154.28
2025,11,25,17,2025-11-25 17:00:00,102.17,85.56,19.58,1.9,62.48,21.68,39.65
2025,11,25,18,2025-11-25 18:00:00,0.0,0.0,19.29,1.81,59.89,0.0,0.0
2025,11,25,19,2025-11-25 19:00:00,0.0,0.0,18.18,1.52,56.47,16.25,0.0
2025,11,25,20,2025-11-25 20:00:00,0.0,0.0,17.26,2.4,66.32,0.0,0.0
2025,11,25,21,2025-11-25 21:00:00,0.0,0.0,15.09,3.98,66.74,0.0,0.0
2025,11,25,22,2025-11-25 22:00:00,0.0,0.0,14.8,1.73,61.92,16.43,0.0
2025,11,25,23,2025-11-25 23:00:00,0.0,0.0,14.36,3.9,73.0,14.6,0.0
2025,11,26,0,2025-11-26 00:00:00,0.0,0.0,12.19,2.27,68.94,5.38,0.0
2025,11,26,1,2025-11-26 01:00:00,0.0,0.0,10.93,4.53,68.68,0.0,0.0
2025,11,26,2,2025-11-26 02:00:00,0.0,0.0,11.2,3.02,66.47,20.78,0.0
2025,11,26,3,2025-11-26 03:00:00,0.0,0.0,11.05,5.33,67.4,0.0,0.0
2025,11,26,4,2025-11-26 04:00:00,0.0,0.0,10.61,5.93,73.81,0.0,0.0
2025,11,26,5,2025-11-26 05:00:00,0.0,0.0,11.39,5.03,67.72,10.72,0.0
2025,11,26,6,2025-11-26 06:00:00,0.0,0.0,11.93,5.71,69.36,0.0,0.0
2025,11,26,7,2025-11-26 07:00:00,100.94,99.69,14.29,3.96,63.56,1.65,52.9
2025,11,26,8,2025-11-26 08:00:00,317.06,317.06,15.13,5.04,66.85,0.0,154.15
2025,11,26,9,2025-11-26 09:00:00,502.64,431.26,14.61,4.24,63.79,18.94,215.78
2025,11,26,10,2025-11-26 10:00:00,645.05,645.05,16.79,4.55,61.24,0.0,317.11
2025,11,26,11,2025-11-26 11:00:00,734.57,620.89,18.25,4.06,61.6,20.63,312.29
2025,11,26,12,2025-11-26 12:00:00,765.1,693.19,20.28,3.34,61.55,12.53,338.23
2025,11,26,13,2025-11-26 13:00:00,734.57,734.57,21.13,3.77,59.76,0.0,354.96
2025,11,26,14,2025-11-26 14:00:00,645.05,642.01,21.09,3.57,58.81,0.63,314.96
2025,11,26,15,2025-11-26 15:00:00,502.64,502.64,21.44,3.44,61.22,0.0,251.05
2025,11,26,16,2025-11-26 16:00:00,317.06,283.82,20.16,3.77,58.49,13.98,139.78
2025,11,26,17,2025-11-26 17:00:00,100.94,100.94,21.07,1.73,56.76,0.0,47.35
2025,11,26,18,2025-11-26 18:00:00,0.0,0.0,19.34,1.6,57.81,18.33,0.0
2025,11,26,19,2025-11-26 19:00:00,0.0,0.0,18.87,1.25,63.97,0.0,0.0
2025,11,26,20,2025-11-26 20:00:00,0.0,0.0,18.04,2.94,60.41,4.81,0.0
2025,11,26,21,2025-11-26 21:00:00,0.0,0.0,15.49,2.6,65.22,0.0,0.0
2025,11,26,22,2025-11-26 22:00:00,0.0,0.0,14.12,2.82,70.21,0.0,0.0
2025,11,26,23,2025-11-26 23:00:00,0.0,0.0,13.55,3.68,69.4,0.0,0.0
2025,11,27,0,2025-11-27 00:00:00,0.0,0.0,11.71,2.96,67.95,0.13,0.0
2025,11,27,1,2025-11-27 01:00:00,0.0,0.0,13.63,4.8,74.88,18.37,0.0
2025,11,27,2,2025-11-27 02:00:00,0.0,0.0,11.03,3.2,74.14,19.22,0.0
2025,11,27,3,2025-11-27 03:00:00,0.0,0.0,10.89,4.25,71.38,0.0,0.0
2025,11,27,4,2025-11-27 04:00:00,0.0,0.0,11.29,4.37,68.69,14.15,0.0
2025,11,27,5,2025-11-27 05:00:00,0.0,0.0,12.48,4.47,67.06,9.3,0.0
2025,11,27,6,2025-11-27 06:00:00,0.0,0.0,12.37,3.97,67.41,0.0,0.0
2025,11,27,7,2025-11-27 07:00:00,99.75,99.75,13.37,4.13,67.95,0.0,45.52
2025,11,27,8,2025-11-27 08:00:00,315.7,315.7,14.36,4.41,68.2,0.0,163.68
2025,11,27,9,2025-11-27 09:00:00,501.13,489.33,15.75,4.16,65.38,3.14,241.59
2025,11,27,10,2025-11-27 10:00:00,643.42,638.89,18.83,3.67,61.28,0.94,311.79
2025,11,27,11,2025-11-27 11:00:00,732.87,633.67,18.28,3.04,57.37,18.05,312.5
2025,11,27,12,2025-11-27 12:00:00,763.38,763.38,19.46,2.95,62.91,0.0,376.61
2025,11,27,13,2025-11-27 13:00:00,732.87,732.87,21.43,3.28,60.45,0.0,360.07
2025,11,27,14,2025-11-27 14:00:00,643.42,643.42,21.15,3.51,56.98,0.0,311.9
2025,11,27,15,2025-11-27 15:00:00,501.13,472.83,21.23,2.05,62.31,7.53,233.83
2025,11,27,16,2025-11-27 16:00:00,315.7,306.33,20.94,3.75,58.49,3.96,150.17
2025,11,27,17,2025-11-27 17:00:00,99.75,90.88,19.96,2.26,60.27,11.86,49.43
2025,11,27,18,2025-11-27 18:00:00,0.0,0.0,21.31,3.36,59.24,14.98,0.0
2025,11,27,19,2025-11-27 19:00:00,0.0,0.0,17.88,1.57,63.86,0.0,0.0
2025,11,27,20,2025-11-27 20:00:00,0.0,0.0,17.76,2.85,64.93,0.0,0.0
2025,11,27,21,2025-11-27 21:00:00,0.0,0.0,15.33,1.79,61.9,0.0,0.0
2025,11,27,22,2025-11-27 22:00:00,0.0,0.0,14.03,1.84,63.56,10.75,0.0
2025,11,27,23,2025-11-27 23:00:00,0.0,0.0,14.26,1.95,66.65,0.0,0.0
2025,11,28,0,2025-11-28 00:00:00,0.0,0.0,12.37,2.31,69.02,0.0,0.0
2025,11,28,1,2025-11-28 01:00:00,0.0,0.0,11.07,3.64,70.04,13.76,0.0
2025,11,28,2,2025-11-28 02:00:00,0.0,0.0,10.8,4.34,71.28,8.94,0.0
2025,11,28,3,2025-11-28 03:00:00,0.0,0.0,10.28,4.69,72.78,6.96,0.0
2025,11,28,4,2025-11-28 04:00:00,0.0,0.0,10.89,5.33,73.07,0.0,0.0
2025,11,28,5,2025-11-28 05:00:00,0.0,0.0,11.77,3.33,63.51,0.0,0.0
2025,11,28,6,2025-11-28 06:00:00,0.0,0.0,11.72,3.98,72.07,20.28,0.0
2025,11,28,7,2025-11-28 07:00:00,98.61,87.04,12.66,3.68,66.32,15.65,41.68
2025,11,28,8,2025-11-28 08:00:00,314.39,307.9,13.9,3.99,64.25,2.75,155.01
2025,11,28,9,2025-11-28 09:00:00,499.68,487.1,16.51,4.92,58.06,3.36,235.38
2025,11,28,10,2025-11-28 10:00:00,641.86,641.86,16.21,2.46,61.56,0.0,314.57
2025,11,28,11,2025-11-28 11:00:00,731.23,689.37,17.51,4.07,67.38,7.63,336.42
2025,11,28,12,2025-11-28 12:00:00,761.72,651.06,19.05,4.2,56.09,19.37,318.17
2025,11,28,13,2025-11-28 13:00:00,731.23,715.89,20.16,2.54,59.46,2.8,354.12
2025,11,28,14,2025-11-28 14:00:00,641.86,588.49,20.19,4.9,61.52,11.09,296.09
2025,11,28,15,2025-11-28 15:00:00,499.68,439.57,20.73,2.83,60.35,16.04,210.85
2025,11,28,16,2025-11-28 16:00:00,314.39,314.39,21.87,4.14,58.8,0.0,162.34
2025,11,28,17,2025-11-28 17:00:00,98.61,98.61,20.84,1.74,62.25,0.0,44.26
2025,11,28,18,2025-11-28 18:00:00,0.0,0.0,18.59,1.47,55.63,13.14,0.0
2025,11,28,19,2025-11-28 19:00:00,0.0,0.0,18.45,1.38,66.24,0.0,0.0
2025,11,28,20,2025-11-28 20:00:00,0.0,0.0,15.21,3.52,62.42,0.0,0.0
2025,11,28,21,2025-11-28 21:00:00,0.0,0.0,16.31,2.34,60.34,0.0,0.0
2025,11,28,22,2025-11-28 22:00:00,0.0,0.0,13.78,3.44,69.92,4.02,0.0
2025,11,28,23,2025-11-28 23:00:00,0.0,0.0,13.87,3.02,68.6,0.0,0.0
2025,11,29,0,2025-11-29 00:00:00,0.0,0.0,11.61,2.24,66.39,19.07,0.0
2025,11,29,1,2025-11-29 01:00:00,0.0,0.0,11.51,2.49,68.46,19.53,0.0
2025,11,29,2,2025-11-29 02:00:00,0.0,0.0,11.46,4.51,65.22,3.0,0.0
2025,11,29,3,2025-11-29 03:00:00,0.0,0.0,10.23,4.27,74.3,0.0,0.0
2025,11,29,4,2025-11-29 04:00:00,0.0,0.0,11.22,5.24,70.96,14.16,0.0
2025,11,29,5,2025-11-29 05:00:00,0.0,0.0,10.07,4.22,70.33,0.0,0.0
2025,11,29,6,2025-11-29 06:00:00,0.0,0.0,11.86,4.4,68.53,0.0,0.0
2025,11,29,7,2025-11-29 07:00:00,97.52,84.59,13.01,4.8,67.13,17.68,45.52
2025,11,29,8,2025-11-29 08:00:00,313.13,298.72,15.0,4.74,68.38,6.14,148.87
2025,11,29,9,2025-11-29 09:00:00,498.28,462.4,15.16,3.52,58.86,9.6,235.6
2025,11,29,10,2025-11-29 10:00:00,640.35,574.5,16.53,3.77,62.04,13.71,287.08
2025,11,29,11,2025-11-29 11:00:00,729.66,651.4,18.69,3.72,61.48,14.3,317.7
2025,11,29,12,2025-11-29 12:00:00,760.12,760.12,18.49,3.76,56.73,0.0,374.6
2025,11,29,13,2025-11-29 13:00:00,729.66,729.66,20.93,3.62,54.57,0.0,353.01
2025,11,29,14,2025-11-29 14:00:00,640.35,640.35,20.83,4.0,60.69,0.0,309.48
2025,11,29,15,2025-11-29 15:00:00,498.28,445.45,20.38,1.62,61.43,14.14,209.97
2025,11,29,16,2025-11-29 16:00:00,313.13,313.13,21.59,3.21,56.77,0.0,149.58
2025,11,29,17,2025-11-29 17:00:00,97.52,83.83,18.53,2.13,60.38,18.71,38.84
2025,11,29,18,2025-11-29 18:00:00,0.0,0.0,19.06,2.1,70.63,0.48,0.0
2025,11,29,19,2025-11-29 19:00:00,0.0,0.0,17.35,2.49,60.55,17.11,0.0
2025,11,29,20,2025-11-29 20:00:00,0.0,0.0,18.41,3.88,62.25,5.73,0.0
2025,11,29,21,2025-11-29 21:00:00,0.0,0.0,15.64,3.81,66.14,14.98,0.0
2025,11,29,22,2025-11-29 22:00:00,0.0,0.0,14.32,2.52,67.67,0.0,0.0
2025,11,29,23,2025-11-29 23:00:00,0.0,0.0,13.11,2.84,64.92,10.74,0.0
2025,11,30,0,2025-11-30 00:00:00,0.0,0.0,12.09,2.99,66.54,18.53,0.0
2025,11,30,1,2025-11-30 01:00:00,0.0,0.0,11.78,3.85,67.36,0.0,0.0
2025,11,30,2,2025-11-30 02:00:00,0.0,0.0,10.42,3.68,65.61,17.72,0.0
2025,11,30,3,2025-11-30 03:00:00,0.0,0.0,10.04,4.42,67.09,13.11,0.0
2025,11,30,4,2025-11-30 04:00:00,0.0,0.0,10.75,4.8,67.9,3.1,0.0
2025,11,30,5,2025-11-30 05:00:00,0.0,0.0,12.59,4.12,65.99,8.55,0.0
2025,11,30,6,2025-11-30 06:00:00,0.0,0.0,11.62,4.29,73.21,5.1,0.0
2025,11,30,7,2025-11-30 07:00:00,96.47,84.37,12.66,4.65,67.13,16.73,38.7
2025,11,30,8,2025-11-30 08:00:00,311.92,311.92,15.3,6.2,66.35,0.0,153.0
2025,11,30,9,2025-11-30 09:00:00,496.94,496.94,16.47,4.21,62.51,0.0,246.12
2025,11,30,10,2025-11-30 10:00:00,638.91,559.66,16.88,4.3,69.28,16.54,274.32
2025,11,30,11,2025-11-30 11:00:00,728.15,687.52,18.94,5.51,61.42,7.44,341.62
2025,11,30,12,2025-11-30 12:00:00,758.59,652.71,20.41,3.79,61.88,18.61,317.64
2025,11,30,13,2025-11-30 13:00:00,728.15,669.67,19.99,3.38,55.38,10.71,330.36
2025,11,30,14,2025-11-30 14:00:00,638.91,637.46,20.39,3.81,56.83,0.3,314.0
2025,11,30,15,2025-11-30 15:00:00,496.94,496.94,20.93,2.65,57.42,0.0,245.31
2025,11,30,16,2025-11-30 16:00:00,311.92,273.17,21.29,1.94,58.28,16.57,136.75
2025,11,30,17,2025-11-30 17:00:00,96.47,85.19,19.38,2.23,61.23,15.59,40.24
2025,11,30,18,2025-11-30 18:00:00,0.0,0.0,19.76,2.17,67.72,11.61,0.0
2025,11,30,19,2025-11-30 19:00:00,0.0,0.0,18.01,2.39,64.18,18.78,0.0
2025,11,30,20,2025-11-30 20:00:00,0.0,0.0,17.07,4.23,64.01,0.0,0.0
2025,11,30,21,2025-11-30 21:00:00,0.0,0.0,15.29,1.66,63.26,0.0,0.0
2025,11,30,22,2025-11-30 22:00:00,0.0,0.0,14.95,3.27,67.46,16.5,0.0
2025,11,30,23,2025-11-30 23:00:00,0.0,0.0,12.35,3.46,69.31,0.0,0.0
2025,12,1,0,2025-12-01 00:00:00,0.0,0.0,11.84,3.63,66.27,5.28,0.0
2025,12,1,1,2025-12-01 01:00:00,0.0,0.0,11.93,3.08,71.63,17.98,0.0
2025,12,1,2,2025-12-01 02:00:00,0.0,0.0,10.36,4.55,66.49,8.85,0.0
2025,12,1,3,2025-12-01 03:00:00,0.0,0.0,10.73,4.39,72.68,0.43,0.0
2025,12,1,4,2025-12-01 04:00:00,0.0,0.0,12.2,6.11,71.55,13.54,0.0
2025,12,1,5,2025-12-01 05:00:00,0.0,0.0,10.87,5.73,67.57,0.0,0.0
2025,12,1,6,2025-12-01 06:00:00,0.0,0.0,12.33,5.97,65.57,12.43,0.0
2025,12,1,7,2025-12-01 07:00:00,95.47,91.11,13.54,3.8,67.35,6.08,49.92
2025,12,1,8,2025-12-01 08:00:00,310.77,294.78,14.65,3.74,69.79,6.86,147.17
2025,12,1,9,2025-12-01 09:00:00,495.66,495.66,16.61,4.33,64.91,0.0,250.85
2025,12,1,10,2025-12-01 10:00:00,637.53,585.36,17.36,3.59,67.86,10.91,285.42
2025,12,1,11,2025-12-01 11:00:00,726.71,726.71,18.36,4.33,61.89,0.0,360.79
2025,12,1,12,2025-12-01 12:00:00,757.13,757.13,19.23,2.67,67.49,0.0,378.82
2025,12,1,13,2025-12-01 13:00:00,726.71,715.82,19.83,2.5,55.42,2.0,350.87
2025,12,1,14,2025-12-01 14:00:00,637.53,581.95,19.11,3.84,54.37,11.62,288.3
2025,12,1,15,2025-12-01 15:00:00,495.66,429.03,20.32,3.58,55.91,17.92,210.34
2025,12,1,16,2025-12-01 16:00:00,310.77,269.06,19.73,2.19,59.6,17.9,131.51
2025,12,1,17,2025-12-01 17:00:00,95.47,86.06,20.09,2.62,59.0,13.14,36.41
2025,12,1,18,2025-12-01 18:00:00,0.0,0.0,20.5,3.41,63.89,0.0,0.0
2025,12,1,19,2025-12-01 19:00:00,0.0,0.0,16.82,3.33,66.63,0.0,0.0
2025,12,1,20,2025-12-01 20:00:00,0.0,0.0,15.8,2.36,59.38,0.0,0.0
2025,12,1,21,2025-12-01 21:00:00,0.0,0.0,17.16,2.67,62.08,0.0,0.0
2025,12,1,22,2025-12-01 22:00:00,0.0,0.0,14.88,3.59,65.44,0.0,0.0
2025,12,1,23,2025-12-01 23:00:00,0.0,0.0,12.59,1.78,70.26,0.0,0.0
2025,12,2,0,2025-12-02 00:00:00,0.0,0.0,11.19,3.54,65.7,0.0,0.0
2025,12,2,1,2025-12-02 01:00:00,0.0,0.0,11.44,4.86,70.2,0.0,0.0
2025,12,2,2,2025-12-02 02:00:00,0.0,0.0,9.73,3.22,70.43,0.0,0.0
2025,12,2,3,2025-12-02 03:00:00,0.0,0.0,10.27,3.34,66.97,9.0,0.0
2025,12,2,4,2025-12-02 04:00:00,0.0,0.0,11.18,3.81,65.04,0.0,0.0
2025,12,2,5,2025-12-02 05:00:00,0.0,0.0,11.96,4.51,79.18,0.32,0.0
2025,12,2,6,2025-12-02 06:00:00,0.0,0.0,13.38,3.56,69.87,0.0,0.0
2025,12,2,7,2025-12-02 07:00:00,94.51,94.51,13.07,3.45,66.5,0.0,46.18
2025,12,2,8,2025-12-02 08:00:00,309.67,287.47,15.6,5.52,63.39,9.56,148.92
2025,12,2,9,2025-12-02 09:00:00,494.44,440.32,14.93,4.63,68.98,14.59,215.5
2025,12,2,10,2025-12-02 10:00:00,636.21,636.21,17.41,4.12,62.76,0.0,313.06
2025,12,2,11,2025-12-02 11:00:00,725.33,725.33,17.14,3.84,59.73,0.0,358.45
2025,12,2,12,2025-12-02 12:00:00,755.73,709.57,17.9,2.65,56.3,8.14,349.03
2025,12,2,13,2025-12-02 13:00:00,725.33,675.3,19.43,3.46,56.57,9.2,332.16
2025,12,2,14,2025-12-02 14:00:00,636.21,636.21,19.15,3.09,64.14,0.0,310.66
2025,12,2,15,2025-12-02 15:00:00,494.44,478.71,21.52,3.44,60.52,4.24,228.84
2025,12,2,16,2025-12-02 16:00:00,309.67,289.17,21.47,2.48,56.36,8.83,146.52
2025,12,2,17,2025-12-02 17:00:00,94.51,94.51,19.22,0.97,57.47,0.0,46.88
2025,12,2,18,2025-12-02 18:00:00,0.0,0.0,20.18,2.98,55.89,1.95,0.0
2025,12,2,19,2025-12-02 19:00:00,0.0,0.0,18.39,2.44,59.41,0.64,0.0
2025,12,2,20,2025-12-02 20:00:00,0.0,0.0,15.83,1.58,59.64,0.0,0.0
2025,12,2,21,2025-12-02 21:00:00,0.0,0.0,16.92,1.08,64.97,0.0,0.0
2025,12,2,22,2025-12-02 22:00:00,0.0,0.0,13.39,2.95,68.9,6.09,0.0
2025,12,2,23,2025-12-02 23:00:00,0.0,0.0,12.69,3.75,65.74,1.35,0.0
2025,12,3,0,2025-12-03 00:00:00,0.0,0.0,11.49,2.66,69.09,15.34,0.0
2025,12,3,1,2025-12-03 01:00:00,0.0,0.0,10.73,4.04,67.27,0.0,0.0
2025,12,3,2,2025-12-03 02:00:00,0.0,0.0,12.15,4.59,74.29,0.0,0.0
2025,12,3,3,2025-12-03 03:00:00,0.0,0.0,10.4,5.23,73.16,6.31,0.0
2025,12,3,4,2025-12-03 04:00:00,0.0,0.0,11.01,4.37,67.83,11.99,0.0
2025,12,3,5,2025-12-03 05:00:00,0.0,0.0,11.49,4.33,74.39,13.04,0.0
2025,12,3,6,2025-12-03 06:00:00,0.0,0.0,12.53,4.82,67.2,0.0,0.0
2025,12,3,7,2025-12-03 07:00:00,93.6,82.52,13.42,5.51,73.0,15.79,42.63
2025,12,3,8,2025-12-03 08:00:00,308.63,308.63,13.83,5.04,64.31,0.0,154.01
2025,12,3,9,2025-12-03 09:00:00,493.28,488.09,16.56,2.74,64.69,1.4,249.31
2025,12,3,10,2025-12-03 10:00:00,634.96,634.96,16.96,3.49,62.63,0.0,322.27
2025,12,3,11,2025-12-03 11:00:00,724.03,685.44,19.0,6.01,62.59,7.11,340.76
2025,12,3,12,2025-12-03 12:00:00,754.4,754.4,19.52,4.87,53.19,0.0,367.75
2025,12,3,13,2025-12-03 13:00:00,724.03,673.74,18.0,3.57,56.03,9.26,338.7
2025,12,3,14,2025-12-03 14:00:00,634.96,574.35,22.5,4.22,57.18,12.73,276.39
2025,12,3,15,2025-12-03 15:00:00,493.28,493.28,20.3,1.82,55.79,0.0,239.04
2025,12,3,16,2025-12-03 16:00:00,308.63,308.63,21.11,2.43,61.67,0.0,144.37
2025,12,3,17,2025-12-03 17:00:00,93.6,93.6,18.81,2.54,57.2,0.0,45.32
2025,12,3,18,2025-12-03 18:00:00,0.0,0.0,20.38,1.61,58.94,11.43,0.0
2025,12,3,19,2025-12-03 19:00:00,0.0,0.0,18.62,3.89,59.1,11.05,0.0
2025,12,3,20,2025-12-03 20:00:00,0.0,0.0,17.4,0.87,65.04,0.0,0.0
2025,12,3,21,2025-12-03 21:00:00,0.0,0.0,16.2,0.58,62.32,0.95,0.0
2025,12,3,22,2025-12-03 22:00:00,0.0,0.0,14.7,3.55,67.7,11.35,0.0
2025,12,3,23,2025-12-03 23:00:00,0.0,0.0,12.57,3.75,68.79,0.0,0.0
2025,12,4,0,2025-12-04 00:00:00,0.0,0.0,11.08,2.68,70.14,0.0,0.0
2025,12,4,1,2025-12-04 01:00:00,0.0,0.0,11.75,4.12,65.82,0.0,0.0
2025,12,4,2,2025-12-04 02:00:00,0.0,0.0,10.4,2.83,73.79,0.0,0.0
2025,12,4,3,2025-12-04 03:00:00,0.0,0.0,11.65,4.79,70.67,0.0,0.0
2025,12,4,4,2025-12-04 04:00:00,0.0,0.0,10.93,4.93,72.52,0.0,0.0
2025,12,4,5,2025-12-04 05:00:00,0.0,0.0,11.83,5.07,70.82,0.0,0.0
2025,12,4,6,2025-12-04 06:00:00,0.0,0.0,12.72,5.29,68.31,12.09,0.0
2025,12,4,7,2025-12-04 07:00:00,92.75,92.75,12.41,4.03,69.53,0.0,43.98
2025,12,4,8,2025-12-04 08:00:00,307.64,305.41,14.88,5.58,64.76,0.97,148.18
2025,12,4,9,2025-12-04 09:00:00,492.18,436.92,14.34,3.82,66.75,14.97,213.65
2025,12,4,10,2025-12-04 10:00:00,633.78,633.78,17.7,2.8,69.72,0.0,310.52
2025,12,4,11,2025-12-04 11:00:00,722.79,722.79,17.2,4.73,59.84,0.0,351.95
2025,12,4,12,2025-12-04 12:00:00,753.15,727.93,19.2,4.21,60.43,4.47,354.01
2025,12,4,13,2025-12-04 13:00:00,722.79,722.79,19.41,2.16,65.87,0.0,355.69
2025,12,4,14,2025-12-04 14:00:00,633.78,633.78,20.9,2.34,61.45,0.0,304.85
2025,12,4,15,2025-12-04 15:00:00,492.18,492.18,21.27,3.82,56.6,0.0,239.95
2025,12,4,16,2025-12-04 16:00:00,307.64,288.74,20.29,2.55,67.14,8.19,143.74
2025,12,4,17,2025-12-04 17:00:00,92.75,92.75,19.17,2.75,60.76,0.0,47.51
2025,12,4,18,2025-12-04 18:00:00,0.0,0.0,19.93,3.03,62.82,0.0,0.0
2025,12,4,19,2025-12-04 19:00:00,0.0,0.0,18.12,2.92,64.76,0.0,0.0
2025,12,4,20,2025-12-04 20:00:00,0.0,0.0,16.47,2.4,55.38,0.0,0.0
2025,12,4,21,2025-12-04 21:00:00,0.0,0.0,15.57,3.05,67.57,0.0,0.0
2025,12,4,22,2025-12-04 22:00:00,0.0,0.0,12.93,1.41,65.63,0.0,0.0
2025,12,4,23,2025-12-04 23:00:00,0.0,0.0,13.09,4.12,68.96,7.07,0.0
2025,12,5,0,2025-12-05 00:00:00,0.0,0.0,11.39,3.49,68.19,12.44,0.0
2025,12,5,1,2025-12-05 01:00:00,0.0,0.0,10.58,4.45,76.28,6.96,0.0
2025,12,5,2,2025-12-05 02:00:00,0.0,0.0,10.05,4.97,67.78,3.33,0.0
2025,12,5,3,2025-12-05 03:00:00,0.0,0.0,10.0,4.05,75.3,8.47,0.0
2025,12,5,4,2025-12-05 04:00:00,0.0,0.0,9.07,4.01,68.27,0.0,0.0
2025,12,5,5,2025-12-05 05:00:00,0.0,0.0,12.57,4.04,69.22,0.0,0.0
2025,12,5,6,2025-12-05 06:00:00,0.0,0.0,11.33,4.77,71.54,6.9,0.0
2025,12,5,7,2025-12-05 07:00:00,91.93,91.93,13.92,5.17,66.25,0.0,44.05
2025,12,5,8,2025-12-05 08:00:00,306.71,295.37,14.21,3.54,62.03,4.93,149.56
2025,12,5,9,2025-12-05 09:00:00,491.14,491.14,16.92,3.74,65.92,0.0,243.15
2025,12,5,10,2025-12-05 10:00:00,632.66,567.55,17.43,3.16,67.94,13.72,286.52
2025,12,5,11,2025-12-05 11:00:00,721.62,636.15,18.21,4.59,60.18,15.79,312.94
2025,12,5,12,2025-12-05 12:00:00,751.97,715.63,19.48,3.97,61.05,6.44,347.52
2025,12,5,13,2025-12-05 13:00:00,721.62,648.0,19.31,2.28,59.57,13.6,319.99
2025,12,5,14,2025-12-05 14:00:00,632.66,629.48,21.06,2.88,52.97,0.67,309.58
2025,12,5,15,2025-12-05 15:00:00,491.14,491.14,18.97,2.52,61.47,0.0,246.74
2025,12,5,16,2025-12-05 16:00:00,306.71,289.95,20.02,2.21,61.39,7.29,142.28
2025,12,5,17,2025-12-05 17:00:00,91.93,91.93,19.36,2.1,60.2,0.0,43.11
2025,12,5,18,2025-12-05 18:00:00,0.0,0.0,18.91,1.25,59.69,1.49,0.0
2025,12,5,19,2025-12-05 19:00:00,0.0,0.0,19.09,3.9,66.72,0.0,0.0
2025,12,5,20,2025-12-05 20:00:00,0.0,0.0,15.95,1.93,64.89,0.0,0.0
2025,12,5,21,2025-12-05 21:00:00,0.0,0.0,15.77,2.83,65.12,10.01,0.0
2025,12,5,22,2025-12-05 22:00:00,0.0,0.0,12.56,2.95,67.54,0.0,0.0
2025,12,5,23,2025-12-05 23:00:00,0.0,0.0,11.27,3.05,69.15,15.14,0.0
2025,12,6,0,2025-12-06 00:00:00,0.0,0.0,11.85,4.45,72.72,12.97,0.0
2025,12,6,1,2025-12-06 01:00:00,0.0,0.0,11.38,2.5,67.6,3.4,0.0
2025,12,6,2,2025-12-06 02:00:00,0.0,0.0,10.18,4.04,63.17,9.1,0.0
2025,12,6,3,2025-12-06 03:00:00,0.0,0.0,9.56,4.31,68.45,0.0,0.0
2025,12,6,4,2025-12-06 04:00:00,0.0,0.0,9.47,5.33,77.96,0.0,0.0
2025,12,6,5,2025-12-06 05:00:00,0.0,0.0,13.08,4.18,69.87,0.0,0.0
2025,12,6,6,2025-12-06 06:00:00,0.0,0.0,10.32,5.32,71.24,8.46,0.0
2025,12,6,7,2025-12-06 07:00:00,91.17,91.17,14.49,5.62,67.56,0.0,40.47
2025,12,6,8,2025-12-06 08:00:00,305.83,305.83,13.2,6.0,63.19,0.0,160.25
2025,12,6,9,2025-12-06 09:00:00,490.17,490.17,14.24,5.23,68.49,0.0,246.67
2025,12,6,10,2025-12-06 10:00:00,631.61,631.61,17.58,4.56,69.51,0.0,308.11
2025,12,6,11,2025-12-06 11:00:00,720.53,718.45,17.5,4.7,62.81,0.38,359.21
2025,12,6,12,2025-12-06 12:00:00,750.85,750.85,18.79,3.6,60.5,0.0,362.53
2025,12,6,13,2025-12-06 13:00:00,720.53,673.9,19.58,3.23,60.55,8.63,329.7
2025,12,6,14,2025-12-06 14:00:00,631.61,603.93,19.17,3.74,58.02,5.84,292.09
2025,12,6,15,2025-12-06 15:00:00,490.17,490.17,19.66,2.45,61.13,0.0,241.17
2025,12,6,16,2025-12-06 16:00:00,305.83,305.83,21.37,1.69,60.98,0.0,151.4
2025,12,6,17,2025-12-06 17:00:00,91.17,86.82,20.49,2.53,62.26,6.37,44.06
2025,12,6,18,2025-12-06 18:00:00,0.0,0.0,19.38,0.79,63.72,0.0,0.0
2025,12,6,19,2025-12-06 19:00:00,0.0,0.0,19.67,3.46,62.69,13.2,0.0
2025,12,6,20,2025-12-06 20:00:00,0.0,0.0,16.44,2.7,69.0,0.0,0.0
2025,12,6,21,2025-12-06 21:00:00,0.0,0.0,15.74,2.0,64.92,0.0,0.0
2025,12,6,22,2025-12-06 22:00:00,0.0,0.0,13.54,1.82,70.28,14.01,0.0
2025,12,6,23,2025-12-06 23:00:00,0.0,0.0,12.39,4.66,69.58,0.0,0.0
2025,12,7,0,2025-12-07 00:00:00,0.0,0.0,11.58,4.55,67.35,13.28,0.0
2025,12,7,1,2025-12-07 01:00:00,0.0,0.0,11.27,4.19,68.41,12.88,0.0
2025,12,7,2,2025-12-07 02:00:00,0.0,0.0,9.88,4.18,67.91,1.95,0.0
2025,12,7,3,2025-12-07 03:00:00,0.0,0.0,10.96,3.28,68.72,5.63,0.0
2025,12,7,4,2025-12-07 04:00:00,0.0,0.0,9.78,3.77,73.76,0.0,0.0
2025,12,7,5,2025-12-07 05:00:00,0.0,0.0,9.17,5.25,69.08,0.0,0.0
2025,12,7,6,2025-12-07 06:00:00,0.0,0.0,13.44,4.51,71.37,8.87,0.0
2025,12,7,7,2025-12-07 07:00:00,90.46,90.46,13.72,5.77,67.84,0.0,42.06
2025,12,7,8,2025-12-07 08:00:00,305.01,305.01,12.69,4.14,70.61,0.0,156.73
2025,12,7,9,2025-12-07 09:00:00,489.26,437.13,14.83,3.71,59.59,14.21,222.12
2025,12,7,10,2025-12-07 10:00:00,630.63,630.63,15.85,3.92,56.16,0.0,316.06
2025,12,7,11,2025-12-07 11:00:00,719.5,719.5,17.1,4.2,65.03,0.0,364.04
2025,12,7,12,2025-12-07 12:00:00,749.82,749.82,18.99,3.94,57.93,0.0,371.84
2025,12,7,13,2025-12-07 13:00:00,719.5,719.5,19.89,2.67,54.42,0.0,353.09
2025,12,7,14,2025-12-07 14:00:00,630.63,620.49,19.45,2.24,60.92,2.14,301.42
2025,12,7,15,2025-12-07 15:00:00,489.26,439.56,20.88,2.01,51.72,13.54,219.4
2025,12,7,16,2025-12-07 16:00:00,305.01,305.01,21.11,3.46,62.81,0.0,152.23
2025,12,7,17,2025-12-07 17:00:00,90.46,90.46,19.87,2.41,60.3,0.0,39.68
2025,12,7,18,2025-12-07 18:00:00,0.0,0.0,19.37,2.49,58.34,5.04,0.0
2025,12,7,19,2025-12-07 19:00:00,0.0,0.0,17.44,1.74,65.9,0.0,0.0
2025,12,7,20,2025-12-07 20:00:00,0.0,0.0,17.38,2.84,62.81,12.47,0.0
2025,12,7,21,2025-12-07 21:00:00,0.0,0.0,15.18,2.75,62.65,0.0,0.0
2025,12,7,22,2025-12-07 22:00:00,0.0,0.0,15.21,2.64,70.59,0.0,0.0
2025,12,7,23,2025-12-07 23:00:00,0.0,0.0,11.59,2.59,65.68,0.0,0.0
2025,12,8,0,2025-12-08 00:00:00,0.0,0.0,10.59,3.85,69.09,0.0,0.0
2025,12,8,1,2025-12-08 01:00:00,0.0,0.0,11.13,4.17,68.31,0.0,0.0
2025,12,8,2,2025-12-08 02:00:00,0.0,0.0,10.93,3.23,67.61,4.92,0.0
2025,12,8,3,2025-12-08 03:00:00,0.0,0.0,11.08,3.81,73.16,0.0,0.0
2025,12,8,4,2025-12-08 04:00:00,0.0,0.0,9.77,3.95,67.99,0.0,0.0
2025,12,8,5,2025-12-08 05:00:00,0.0,0.0,10.08,3.93,74.11,5.78,0.0
2025,12,8,6,2025-12-08 06:00:00,0.0,0.0,11.95,4.3,71.94,0.0,0.0
2025,12,8,7,2025-12-08 07:00:00,89.79,86.68,12.82,5.19,64.19,4.62,44.28
2025,12,8,8,2025-12-08 08:00:00,304.25,304.25,14.35,5.03,66.04,0.0,150.33
2025,12,8,9,2025-12-08 09:00:00,488.41,488.41,14.89,3.58,65.71,0.0,242.85
2025,12,8,10,2025-12-08 10:00:00,629.72,629.72,14.85,3.71,63.55,0.0,309.96
2025,12,8,11,2025-12-08 11:00:00,718.55,691.96,17.62,3.19,58.88,4.94,336.9
2025,12,8,12,2025-12-08 12:00:00,748.85,697.45,19.87,3.79,63.98,9.15,341.56
2025,12,8,13,2025-12-08 13:00:00,718.55,641.07,21.98,2.29,61.24,14.38,316.65
2025,12,8,14,2025-12-08 14:00:00,629.72,612.86,19.56,3.97,59.25,3.57,294.3
2025,12,8,15,2025-12-08 15:00:00,488.41,488.41,19.94,3.0,68.01,0.0,242.15
2025,12,8,16,2025-12-08 16:00:00,304.25,304.25,19.84,2.77,57.03,0.0,151.14
2025,12,8,17,2025-12-08 17:00:00,89.79,80.96,19.95,1.88,61.39,13.12,40.08
2025,12,8,18,2025-12-08 18:00:00,0.0,0.0,19.28,2.78,53.36,0.0,0.0
2025,12,8,19,2025-12-08 19:00:00,0.0,0.0,17.05,2.89,62.55,0.0,0.0
2025,12,8,20,2025-12-08 20:00:00,0.0,0.0,15.97,1.42,63.86,0.0,0.0
2025,12,8,21,2025-12-08 21:00:00,0.0,0.0,15.1,2.21,60.87,2.39,0.0
2025,12,8,22,2025-12-08 22:00:00,0.0,0.0,14.75,2.47,63.33,0.0,0.0
2025,12,8,23,2025-12-08 23:00:00,0.0,0.0,13.31,3.29,68.39,0.0,0.0
2025,12,9,0,2025-12-09 00:00:00,0.0,0.0,10.44,3.11,69.2,6.46,0.0
2025,12,9,1,2025-12-09 01:00:00,0.0,0.0,11.93,3.16,73.13,0.0,0.0
2025,12,9,2,2025-12-09 02:00:00,0.0,0.0,10.79,5.76,71.58,14.56,0.0
2025,12,9,3,2025-12-09 03:00:00,0.0,0.0,10.17,4.8,70.29,0.0,0.0
2025,12,9,4,2025-12-09 04:00:00,0.0,0.0,10.3,2.57,65.02,0.0,0.0
2025,12,9,5,2025-12-09 05:00:00,0.0,0.0,11.0,6.38,69.23,0.0,0.0
2025,12,9,6,2025-12-09 06:00:00,0.0,0.0,12.93,3.58,71.13,0.0,0.0
2025,12,9,7,2025-12-09 07:00:00,89.18,89.18,13.01,4.24,63.56,0.0,44.59
2025,12,9,8,2025-12-09 08:00:00,303.55,290.12,14.11,4.18,65.93,5.9,145.2
2025,12,9,9,2025-12-09 09:00:00,487.63,487.63,14.39,4.23,61.48,0.0,240.62
2025,12,9,10,2025-12-09 10:00:00,628.88,628.88,15.46,4.13,65.01,0.0,316.42
2025,12,9,11,2025-12-09 11:00:00,717.68,706.71,17.65,4.34,60.38,2.04,348.48
2025,12,9,12,2025-12-09 12:00:00,747.96,685.11,19.64,2.8,62.71,11.2,337.84
2025,12,9,13,2025-12-09 13:00:00,717.68,695.62,17.76,3.37,60.44,4.1,350.31
2025,12,9,14,2025-12-09 14:00:00,628.88,563.81,21.0,2.5,56.61,13.8,277.37
2025,12,9,15,2025-12-09 15:00:00,487.63,463.49,19.31,0.91,58.16,6.6,227.4
2025,12,9,16,2025-12-09 16:00:00,303.55,293.48,20.35,2.72,51.71,4.42,147.77
2025,12,9,17,2025-12-09 17:00:00,89.18,81.29,19.8,3.36,55.72,11.8,42.9
2025,12,9,18,2025-12-09 18:00:00,0.0,0.0,16.85,2.07,59.12,14.81,0.0
2025,12,9,19,2025-12-09 19:00:00,0.0,0.0,16.33,2.46,60.94,0.0,0.0
2025,12,9,20,2025-12-09 20:00:00,0.0,0.0,15.58,1.62,65.97,0.0,0.0
2025,12,9,21,2025-12-09 21:00:00,0.0,0.0,15.69,2.03,62.2,0.23,0.0
2025,12,9,22,2025-12-09 22:00:00,0.0,0.0,13.82,3.16,65.3,0.0,0.0
2025,12,9,23,2025-12-09 23:00:00,0.0,0.0,12.44,3.92,68.74,0.0,0.0
2025,12,10,0,2025-12-10 00:00:00,0.0,0.0,11.49,5.46,69.27,0.0,0.0
2025,12,10,1,2025-12-10 01:00:00,0.0,0.0,12.03,3.6,73.2,14.52,0.0
2025,12,10,2,2025-12-10 02:00:00,0.0,0.0,10.4,5.75,73.92,1.15,0.0
2025,12,10,3,2025-12-10 03:00:00,0.0,0.0,10.37,2.45,69.09,0.0,0.0
2025,12,10,4,2025-12-10 04:00:00,0.0,0.0,9.86,3.5,66.24,0.0,0.0
2025,12,10,5,2025-12-10 05:00:00,0.0,0.0,11.6,4.64,70.39,6.29,0.0
2025,12,10,6,2025-12-10 06:00:00,0.0,0.0,11.06,3.98,73.96,0.0,0.0
2025,12,10,7,2025-12-10 07:00:00,88.61,87.16,11.34,4.62,64.6,2.18,45.35
2025,12,10,8,2025-12-10 08:00:00,302.9,294.25,13.08,3.88,67.34,3.81,151.99
2025,12,10,9,2025-12-10 09:00:00,486.91,457.55,13.75,5.41,67.82,8.04,226.63
2025,12,10,10,2025-12-10 10:00:00,628.11,628.11,15.57,3.57,64.83,0.0,316.57
2025,12,10,11,2025-12-10 11:00:00,716.87,707.34,17.25,2.76,59.8,1.77,353.06
2025,12,10,12,2025-12-10 12:00:00,747.15,686.14,19.24,3.17,61.86,10.89,336.61
2025,12,10,13,2025-12-10 13:00:00,716.87,715.57,18.85,4.12,53.86,0.24,355.61
2025,12,10,14,2025-12-10 14:00:00,628.11,628.11,19.83,1.46,63.92,0.0,309.5
2025,12,10,15,2025-12-10 15:00:00,486.91,486.91,20.79,3.89,61.19,0.0,234.44
2025,12,10,16,2025-12-10 16:00:00,302.9,302.9,20.16,2.36,62.61,0.0,153.58
2025,12,10,17,2025-12-10 17:00:00,88.61,88.61,17.8,1.46,56.31,0.0,41.52
2025,12,10,18,2025-12-10 18:00:00,0.0,0.0,18.55,1.68,61.03,6.65,0.0
2025,12,10,19,2025-12-10 19:00:00,0.0,0.0,17.58,2.21,66.3,0.0,0.0
2025,12,10,20,2025-12-10 20:00:00,0.0,0.0,16.53,3.32,63.74,10.23,0.0
2025,12,10,21,2025-12-10 21:00:00,0.0,0.0,15.38,1.71,61.98,6.58,0.0
2025,12,10,22,2025-12-10 22:00:00,0.0,0.0,13.7,2.31,64.73,12.83,0.0
2025,12,10,23,2025-12-10 23:00:00,0.0,0.0,12.68,1.05,68.26,0.0,0.0
2025,12,11,0,2025-12-11 00:00:00,0.0,0.0,11.85,4.03,63.92,0.0,0.0
2025,12,11,1,2025-12-11 01:00:00,0.0,0.0,9.67,2.89,73.57,0.0,0.0
2025,12,11,2,2025-12-11 02:00:00,0.0,0.0,11.91,4.25,74.71,0.0,0.0
2025,12,11,3,2025-12-11 03:00:00,0.0,0.0,9.55,4.8,69.61,0.45,0.0
2025,12,11,4,2025-12-11 04:00:00,0.0,0.0,8.15,5.7,69.04,6.71,0.0
2025,12,11,5,2025-12-11 05:00:00,0.0,0.0,11.04,4.56,66.08,0.0,0.0
2025,12,11,6,2025-12-11 06:00:00,0.0,0.0,11.5,4.6,63.91,0.0,0.0
2025,12,11,7,2025-12-11 07:00:00,88.1,88.1,11.52,3.74,70.12,0.0,45.33
2025,12,11,8,2025-12-11 08:00:00,302.31,269.55,13.71,4.05,67.1,14.45,141.2
2025,12,11,9,2025-12-11 09:00:00,486.27,436.35,13.76,4.17,63.68,13.69,217.82
2025,12,11,10,2025-12-11 10:00:00,627.42,627.24,16.85,4.81,59.75,0.04,309.95
2025,12,11,11,2025-12-11 11:00:00,716.15,716.15,18.23,3.96,68.23,0.0,351.7
2025,12,11,12,2025-12-11 12:00:00,746.41,707.85,16.95,2.76,58.14,6.89,347.99
2025,12,11,13,2025-12-11 13:00:00,716.15,652.08,20.06,3.14,55.79,11.93,318.52
2025,12,11,14,2025-12-11 14:00:00,627.42,606.85,19.39,2.37,58.42,4.37,293.9
2025,12,11,15,2025-12-11 15:00:00,486.27,486.27,19.14,3.48,61.59,0.0,244.76
2025,12,11,16,2025-12-11 16:00:00,302.31,276.37,19.96,2.4,59.94,11.44,135.11
2025,12,11,17,2025-12-11 17:00:00,88.1,81.5,19.45,2.13,59.28,9.98,44.09
2025,12,11,18,2025-12-11 18:00:00,0.0,0.0,17.93,1.69,60.3,7.62,0.0
2025,12,11,19,2025-12-11 19:00:00,0.0,0.0,16.83,2.74,61.54,12.46,0.0
2025,12,11,20,2025-12-11 20:00:00,0.0,0.0,16.06,3.3,64.24,0.0,0.0
2025,12,11,21,2025-12-11 21:00:00,0.0,0.0,15.41,3.91,64.2,0.0,0.0
2025,12,11,22,2025-12-11 22:00:00,0.0,0.0,14.63,4.02,66.8,9.48,0.0
2025,12,11,23,2025-12-11 23:00:00,0.0,0.0,12.86,4.39,63.37,0.0,0.0
2025,12,12,0,2025-12-12 00:00:00,0.0,0.0,11.3,2.1,66.91,14.79,0.0
2025,12,12,1,2025-12-12 01:00:00,0.0,0.0,10.15,3.96,72.71,0.0,0.0
2025,12,12,2,2025-12-12 02:00:00,0.0,0.0,10.03,4.73,73.6,6.32,0.0
2025,12,12,3,2025-12-12 03:00:00,0.0,0.0,11.32,3.29,69.04,7.48,0.0
2025,12,12,4,2025-12-12 04:00:00,0.0,0.0,10.05,4.53,73.16,6.6,0.0
2025,12,12,5,2025-12-12 05:00:00,0.0,0.0,9.76,4.89,71.87,0.0,0.0
2025,12,12,6,2025-12-12 06:00:00,0.0,0.0,11.46,4.62,75.29,10.94,0.0
2025,12,12,7,2025-12-12 07:00:00,87.63,87.63,11.87,4.57,66.16,0.0,41.02
2025,12,12,8,2025-12-12 08:00:00,301.79,301.79,12.91,3.85,69.81,0.0,154.06
2025,12,12,9,2025-12-12 09:00:00,485.68,485.68,14.5,4.09,68.54,0.0,241.86
2025,12,12,10,2025-12-12 10:00:00,626.79,626.79,15.95,3.15,64.38,0.0,311.06
2025,12,12,11,2025-12-12 11:00:00,715.5,713.57,17.33,4.23,60.38,0.36,353.39
2025,12,12,12,2025-12-12 12:00:00,745.75,745.75,18.02,2.33,61.86,0.0,366.73
2025,12,12,13,2025-12-12 13:00:00,715.5,715.5,19.48,3.31,59.64,0.0,353.78
2025,12,12,14,2025-12-12 14:00:00,626.79,626.79,20.86,2.84,60.03,0.0,304.03
2025,12,12,15,2025-12-12 15:00:00,485.68,485.68,19.63,3.95,58.38,0.0,238.48
2025,12,12,16,2025-12-12 16:00:00,301.79,301.79,19.55,3.49,59.25,0.0,140.56
2025,12,12,17,2025-12-12 17:00:00,87.63,87.63,20.3,4.17,58.48,0.0,42.95
2025,12,12,18,2025-12-12 18:00:00,0.0,0.0,18.14,0.55,63.6,0.0,0.0
2025,12,12,19,2025-12-12 19:00:00,0.0,0.0,17.25,2.01,62.82,11.22,0.0
2025,12,12,20,2025-12-12 20:00:00,0.0,0.0,16.15,2.73,63.6,0.0,0.0
2025,12,12,21,2025-12-12 21:00:00,0.0,0.0,14.77,2.81,64.63,8.59,0.0
2025,12,12,22,2025-12-12 22:00:00,0.0,0.0,13.33,3.57,66.83,12.24,0.0
2025,12,12,23,2025-12-12 23:00:00,0.0,0.0,11.52,1.9,65.55,0.0,0.0
2025,12,13,0,2025-12-13 00:00:00,0.0,0.0,10.37,3.09,74.31,5.4,0.0
2025,12,13,1,2025-12-13 01:00:00,0.0,0.0,11.82,3.95,74.11,6.3,0.0
2025,12,13,2,2025-12-13 02:00:00,0.0,0.0,8.39,4.09,70.31,0.0,0.0
2025,12,13,3,2025-12-13 03:00:00,0.0,0.0,11.34,3.5,67.11,0.0,0.0
2025,12,13,4,2025-12-13 04:00:00,0.0,0.0,11.15,4.78,76.69,0.0,0.0
2025,12,13,5,2025-12-13 05:00:00,0.0,0.0,8.92,4.98,74.79,0.0,0.0
2025,12,13,6,2025-12-13 06:00:00,0.0,0.0,11.11,4.74,68.96,0.0,0.0
2025,12,13,7,2025-12-13 07:00:00,87.22,83.02,12.56,4.36,64.84,6.42,38.15
2025,12,13,8,2025-12-13 08:00:00,301.32,301.32,12.97,4.73,67.14,0.0,148.62
2025,12,13,9,2025-12-13 09:00:00,485.17,476.7,14.1,3.78,63.75,2.33,240.3
2025,12,13,10,2025-12-13 10:00:00,626.24,615.1,16.98,3.87,65.18,2.37,304.5
2025,12,13,11,2025-12-13 11:00:00,714.92,669.61,18.27,3.8,61.43,8.45,335.46
2025,12,13,12,2025-12-13 12:00:00,745.17,661.1,19.87,3.68,59.67,15.04,331.05
2025,12,13,13,2025-12-13 13:00:00,714.92,711.97,19.42,4.78,63.88,0.55,347.23
2025,12,13,14,2025-12-13 14:00:00,626.24,626.24,20.49,3.07,58.59,0.0,306.25
2025,12,13,15,2025-12-13 15:00:00,485.17,485.17,19.07,2.29,62.4,0.0,236.53
2025,12,13,16,2025-12-13 16:00:00,301.32,301.32,20.1,1.87,62.96,0.0,145.63
2025,12,13,17,2025-12-13 17:00:00,87.22,87.22,19.06,3.01,63.4,0.0,36.74
2025,12,13,18,2025-12-13 18:00:00,0.0,0.0,19.73,1.87,62.61,1.35,0.0
2025,12,13,19,2025-12-13 19:00:00,0.0,0.0,17.5,3.06,64.76,0.0,0.0
2025,12,13,20,2025-12-13 20:00:00,0.0,0.0,14.86,2.77,61.52,0.0,0.0
2025,12,13,21,2025-12-13 21:00:00,0.0,0.0,15.31,3.32,65.97,0.0,0.0
2025,12,13,22,2025-12-13 22:00:00,0.0,0.0,13.39,2.67,66.27,0.0,0.0
2025,12,13,23,2025-12-13 23:00:00,0.0,0.0,12.12,3.93,63.35,0.0,0.0
2025,12,14,0,2025-12-14 00:00:00,0.0,0.0,11.36,3.45,70.95,14.42,0.0
2025,12,14,1,2025-12-14 01:00:00,0.0,0.0,10.8,4.14,69.37,0.0,0.0
2025,12,14,2,2025-12-14 02:00:00,0.0,0.0,9.35,5.19,71.3,8.16,0.0
2025,12,14,3,2025-12-14 03:00:00,0.0,0.0,10.23,4.32,72.07,0.0,0.0
2025,12,14,4,2025-12-14 04:00:00,0.0,0.0,11.39,4.75,68.06,0.0,0.0
2025,12,14,5,2025-12-14 05:00:00,0.0,0.0,10.67,3.89,71.98,4.07,0.0
2025,12,14,6,2025-12-14 06:00:00,0.0,0.0,11.98,3.66,69.63,0.0,0.0
2025,12,14,7,2025-12-14 07:00:00,86.85,86.85,12.25,5.34,64.02,0.0,44.44
2025,12,14,8,2025-12-14 08:00:00,300.91,300.91,12.73,5.28,68.23,0.0,156.17
2025,12,14,9,2025-12-14 09:00:00,484.72,484.72,13.9,5.71,66.93,0.0,246.31
2025,12,14,10,2025-12-14 10:00:00,625.76,604.87,16.25,4.09,64.0,4.45,300.41
2025,12,14,11,2025-12-14 11:00:00,714.43,714.43,16.82,3.84,58.05,0.0,358.02
2025,12,14,12,2025-12-14 12:00:00,744.67,728.51,19.3,3.04,55.79,2.89,360.86
2025,12,14,13,2025-12-14 13:00:00,714.43,645.77,19.14,3.21,58.41,12.81,317.73
2025,12,14,14,2025-12-14 14:00:00,625.76,625.76,18.68,2.55,62.21,0.0,310.95
2025,12,14,15,2025-12-14 15:00:00,484.72,450.38,19.28,2.07,57.22,9.45,225.07
2025,12,14,16,2025-12-14 16:00:00,300.91,300.91,18.3,3.64,60.57,0.0,143.9
2025,12,14,17,2025-12-14 17:00:00,86.85,83.77,19.41,3.87,62.56,4.73,39.24
2025,12,14,18,2025-12-14 18:00:00,0.0,0.0,18.34,2.44,56.22,3.51,0.0
2025,12,14,19,2025-12-14 19:00:00,0.0,0.0,16.89,1.74,65.6,0.0,0.0
2025,12,14,20,2025-12-14 20:00:00,0.0,0.0,16.04,2.52,59.45,6.91,0.0
2025,12,14,21,2025-12-14 21:00:00,0.0,0.0,15.72,2.25,64.92,8.91,0.0
2025,12,14,22,2025-12-14 22:00:00,0.0,0.0,12.47,3.75,67.21,0.0,0.0
2025,12,14,23,2025-12-14 23:00:00,0.0,0.0,13.34,2.11,68.65,0.0,0.0
2025,12,15,0,2025-12-15 00:00:00,0.0,0.0,12.76,3.19,66.0,4.91,0.0
2025,12,15,1,2025-12-15 01:00:00,0.0,0.0,11.1,6.45,69.39,0.0,0.0
2025,12,15,2,2025-12-15 02:00:00,0.0,0.0,9.38,5.68,71.11,4.57,0.0
2025,12,15,3,2025-12-15 03:00:00,0.0,0.0,9.84,4.28,76.28,2.82,0.0
2025,12,15,4,2025-12-15 04:00:00,0.0,0.0,10.34,3.84,72.23,0.0,0.0
2025,12,15,5,2025-12-15 05:00:00,0.0,0.0,11.45,4.25,71.12,0.0,0.0
2025,12,15,6,2025-12-15 06:00:00,0.0,0.0,12.53,4.63,71.13,0.0,0.0
2025,12,15,7,2025-12-15 07:00:00,86.54,82.32,13.32,4.77,67.87,6.51,42.34
2025,12,15,8,2025-12-15 08:00:00,300.56,300.56,14.4,4.78,67.69,0.0,156.39
2025,12,15,9,2025-12-15 09:00:00,484.34,432.54,14.69,5.23,66.75,14.26,218.04
2025,12,15,10,2025-12-15 10:00:00,625.36,625.36,14.14,3.52,55.85,0.0,314.43
2025,12,15,11,2025-12-15 11:00:00,714.01,714.01,16.98,4.7,63.82,0.0,351.3
2025,12,15,12,2025-12-15 12:00:00,744.24,744.24,17.98,3.62,64.23,0.0,372.88
2025,12,15,13,2025-12-15 13:00:00,714.01,643.75,18.14,2.6,55.56,13.12,320.95
2025,12,15,14,2025-12-15 14:00:00,625.36,625.36,18.65,3.14,56.61,0.0,307.87
2025,12,15,15,2025-12-15 15:00:00,484.34,484.34,19.08,2.69,56.6,0.0,243.12
2025,12,15,16,2025-12-15 16:00:00,300.56,300.56,19.16,1.91,61.66,0.0,147.02
2025,12,15,17,2025-12-15 17:00:00,86.54,86.54,18.74,2.31,57.11,0.0,42.59
2025,12,15,18,2025-12-15 18:00:00,0.0,0.0,17.81,1.96,58.6,0.0,0.0
2025,12,15,19,2025-12-15 19:00:00,0.0,0.0,18.36,2.77,63.55,14.8,0.0
2025,12,15,20,2025-12-15 20:00:00,0.0,0.0,17.16,2.08,67.26,5.01,0.0
2025,12,15,21,2025-12-15 21:00:00,0.0,0.0,15.42,1.56,64.67,9.67,0.0
2025,12,15,22,2025-12-15 22:00:00,0.0,0.0,14.51,3.92,68.28,0.0,0.0
2025,12,15,23,2025-12-15 23:00:00,0.0,0.0,13.67,2.83,74.34,0.0,0.0
2025,12,16,0,2025-12-16 00:00:00,0.0,0.0,11.12,2.41,69.14,10.17,0.0
2025,12,16,1,2025-12-16 01:00:00,0.0,0.0,11.42,3.48,74.14,13.05,0.0
2025,12,16,2,2025-12-16 02:00:00,0.0,0.0,10.03,4.97,76.2,6.45,0.0
2025,12,16,3,2025-12-16 03:00:00,0.0,0.0,10.42,4.53,74.84,6.75,0.0
2025,12,16,4,2025-12-16 04:00:00,0.0,0.0,11.0,4.44,75.39,0.0,0.0
2025,12,16,5,2025-12-16 05:00:00,0.0,0.0,10.82,5.84,71.16,3.4,0.0
2025,12,16,6,2025-12-16 06:00:00,0.0,0.0,10.72,5.08,67.63,0.0,0.0
2025,12,16,7,2025-12-16 07:00:00,86.28,86.28,11.48,4.03,65.87,0.0,45.38
2025,12,16,8,2025-12-16 08:00:00,300.27,300.27,12.19,5.69,63.7,0.0,149.48
2025,12,16,9,2025-12-16 09:00:00,484.02,484.02,15.96,6.52,64.13,0.0,243.43
2025,12,16,10,2025-12-16 10:00:00,625.03,620.64,15.54,5.29,63.98,0.94,311.97
2025,12,16,11,2025-12-16 11:00:00,713.66,713.66,17.37,4.46,63.85,0.0,354.26
2025,12,16,12,2025-12-16 12:00:00,743.89,689.67,19.24,3.46,57.81,9.72,336.42
2025,12,16,13,2025-12-16 13:00:00,713.66,641.77,17.54,4.19,62.93,13.43,310.84
2025,12,16,14,2025-12-16 14:00:00,625.03,613.94,19.76,2.24,50.64,2.36,302.62
2025,12,16,15,2025-12-16 15:00:00,484.02,484.02,19.5,2.64,61.92,0.0,239.58
2025,12,16,16,2025-12-16 16:00:00,300.27,276.01,19.43,3.07,57.71,10.77,136.89
2025,12,16,17,2025-12-16 17:00:00,86.28,85.02,18.24,3.84,60.34,1.95,40.72
2025,12,16,18,2025-12-16 18:00:00,0.0,0.0,18.02,1.2,63.86,0.0,0.0
2025,12,16,19,2025-12-16 19:00:00,0.0,0.0,16.6,2.13,59.88,0.0,0.0
2025,12,16,20,2025-12-16 20:00:00,0.0,0.0,14.43,2.54,59.13,0.0,0.0
2025,12,16,21,2025-12-16 21:00:00,0.0,0.0,13.21,2.83,60.8,1.47,0.0
2025,12,16,22,2025-12-16 22:00:00,0.0,0.0,13.63,2.27,64.08,11.33,0.0
2025,12,16,23,2025-12-16 23:00:00,0.0,0.0,12.86,4.03,70.77,1.19,0.0
2025,12,17,0,2025-12-17 00:00:00,0.0,0.0,11.09,2.88,75.07,0.0,0.0
2025,12,17,1,2025-12-17 01:00:00,0.0,0.0,10.1,4.25,67.55,0.0,0.0
2025,12,17,2,2025-12-17 02:00:00,0.0,0.0,8.61,5.08,70.83,11.93,0.0
2025,12,17,3,2025-12-17 03:00:00,0.0,0.0,8.1,4.81,70.72,0.0,0.0
2025,12,17,4,2025-12-17 04:00:00,0.0,0.0,9.4,6.07,73.44,0.0,0.0
2025,12,17,5,2025-12-17 05:00:00,0.0,0.0,10.4,4.69,71.06,0.0,0.0
2025,12,17,6,2025-12-17 06:00:00,0.0,0.0,10.05,5.31,69.67,0.0,0.0
2025,12,17,7,2025-12-17 07:00:00,86.07,80.45,11.61,4.51,71.59,8.71,42.77
2025,12,17,8,2025-12-17 08:00:00,300.04,300.04,12.21,4.97,70.68,0.0,151.97
2025,12,17,9,2025-12-17 09:00:00,483.78,479.0,13.39,3.45,67.6,1.32,244.04
2025,12,17,10,2025-12-17 10:00:00,624.77,624.77,15.17,5.3,66.78,0.0,312.66
2025,12,17,11,2025-12-17 11:00:00,713.4,683.9,18.11,3.95,59.69,5.51,339.75
2025,12,17,12,2025-12-17 12:00:00,743.63,712.75,17.85,3.25,56.05,5.54,353.57
2025,12,17,13,2025-12-17 13:00:00,713.4,713.4,20.03,3.17,62.66,0.0,348.54
2025,12,17,14,2025-12-17 14:00:00,624.77,624.77,19.71,2.53,54.06,0.0,303.09
2025,12,17,15,2025-12-17 15:00:00,483.78,462.45,19.8,2.83,61.99,5.88,224.76
2025,12,17,16,2025-12-17 16:00:00,300.04,272.29,16.73,2.89,66.13,12.33,138.95
2025,12,17,17,2025-12-17 17:00:00,86.07,86.07,19.7,0.53,56.09,0.0,38.54
2025,12,17,18,2025-12-17 18:00:00,0.0,0.0,19.63,2.31,59.67,0.0,0.0
2025,12,17,19,2025-12-17 19:00:00,0.0,0.0,16.78,0.83,68.3,0.0,0.0
2025,12,17,20,2025-12-17 20:00:00,0.0,0.0,15.57,2.9,58.23,0.0,0.0
2025,12,17,21,2025-12-17 21:00:00,0.0,0.0,14.32,2.62,64.37,0.0,0.0
2025,12,17,22,2025-12-17 22:00:00,0.0,0.0,13.55,2.36,64.54,10.52,0.0
2025,12,17,23,2025-12-17 23:00:00,0.0,0.0,13.01,3.0,71.06,4.3,0.0
2025,12,18,0,2025-12-18 00:00:00,0.0,0.0,10.45,4.12,69.46,0.0,0.0
2025,12,18,1,2025-12-18 01:00:00,0.0,0.0,8.91,3.15,68.87,0.0,0.0
2025,12,18,2,2025-12-18 02:00:00,0.0,0.0,9.74,4.22,71.79,10.3,0.0
2025,12,18,3,2025-12-18 03:00:00,0.0,0.0,9.7,6.25,72.87,11.98,0.0
2025,12,18,4,2025-12-18 04:00:00,0.0,0.0,10.76,4.92,73.68,0.0,0.0
2025,12,18,5,2025-12-18 05:00:00,0.0,0.0,9.55,4.86,71.11,5.78,0.0
2025,12,18,6,2025-12-18 06:00:00,0.0,0.0,11.52,6.32,68.54,6.75,0.0
2025,12,18,7,2025-12-18 07:00:00,85.91,76.5,12.24,6.23,70.02,14.61,31.53
2025,12,18,8,2025-12-18 08:00:00,299.87,299.87,13.39,4.26,62.47,0.0,154.13
2025,12,18,9,2025-12-18 09:00:00,483.6,483.6,15.02,3.68,64.63,0.0,241.55
2025,12,18,10,2025-12-18 10:00:00,624.59,624.59,16.34,5.51,63.29,0.0,312.37
2025,12,18,11,2025-12-18 11:00:00,713.21,713.21,17.14,3.73,65.14,0.0,355.91
2025,12,18,12,2025-12-18 12:00:00,743.44,714.52,17.17,3.29,60.48,5.19,353.23
2025,12,18,13,2025-12-18 13:00:00,713.21,713.21,17.89,0.74,61.99,0.0,349.57
2025,12,18,14,2025-12-18 14:00:00,624.59,624.59,19.5,1.79,55.18,0.0,303.31
2025,12,18,15,2025-12-18 15:00:00,483.6,477.12,19.71,3.4,60.55,1.79,228.72
2025,12,18,16,2025-12-18 16:00:00,299.87,294.63,18.16,2.08,56.86,2.33,143.31
2025,12,18,17,2025-12-18 17:00:00,85.91,83.25,18.67,1.2,62.48,4.13,39.22
2025,12,18,18,2025-12-18 18:00:00,0.0,0.0,18.69,2.87,57.21,0.0,0.0
2025,12,18,19,2025-12-18 19:00:00,0.0,0.0,17.46,2.53,59.98,5.77,0.0
2025,12,18,20,2025-12-18 20:00:00,0.0,0.0,15.81,2.21,61.59,0.0,0.0
2025,12,18,21,2025-12-18 21:00:00,0.0,0.0,13.98,3.9,68.44,0.0,0.0
2025,12,18,22,2025-12-18 22:00:00,0.0,0.0,13.64,2.88,67.86,0.0,0.0
2025,12,18,23,2025-12-18 23:00:00,0.0,0.0,11.81,3.11,68.42,0.0,0.0
2025,12,19,0,2025-12-19 00:00:00,0.0,0.0,11.21,4.18,66.67,7.24,0.0
2025,12,19,1,2025-12-19 01:00:00,0.0,0.0,9.92,3.36,68.76,0.0,0.0
2025,12,19,2,2025-12-19 02:00:00,0.0,0.0,9.78,2.84,71.9,0.0,0.0
2025,12,19,3,2025-12-19 03:00:00,0.0,0.0,10.46,4.57,72.97,14.18,0.0
2025,12,19,4,2025-12-19 04:00:00,0.0,0.0,10.72,4.04,70.45,1.4,0.0
2025,12,19,5,2025-12-19 05:00:00,0.0,0.0,9.96,4.0,70.42,0.0,0.0
2025,12,19,6,2025-12-19 06:00:00,0.0,0.0,11.39,4.28,63.3,12.62,0.0
2025,12,19,7,2025-12-19 07:00:00,85.8,85.8,12.08,5.01,68.65,0.0,41.78
2025,12,19,8,2025-12-19 08:00:00,299.76,278.96,12.8,6.02,68.85,9.25,138.72
2025,12,19,9,2025-12-19 09:00:00,483.5,483.5,13.15,2.97,68.95,0.0,240.37
2025,12,19,10,2025-12-19 10:00:00,624.48,593.21,17.29,4.37,62.16,6.68,293.67
2025,12,19,11,2025-12-19 11:00:00,713.1,713.1,16.26,3.4,63.57,0.0,353.46
2025,12,19,12,2025-12-19 12:00:00,743.33,673.47,17.2,2.83,58.53,12.53,335.6
2025,12,19,13,2025-12-19 13:00:00,713.1,713.1,18.98,3.35,62.52,0.0,342.86
2025,12,19,14,2025-12-19 14:00:00,624.48,624.48,20.4,1.79,63.82,0.0,304.64
2025,12,19,15,2025-12-19 15:00:00,483.5,483.5,19.26,3.16,61.93,0.0,237.72
2025,12,19,16,2025-12-19 16:00:00,299.76,289.62,18.42,1.64,61.61,4.51,148.36
2025,12,19,17,2025-12-19 17:00:00,85.8,77.06,18.52,2.2,57.76,13.59,35.76
2025,12,19,18,2025-12-19 18:00:00,0.0,0.0,17.47,2.51,61.66,0.0,0.0
2025,12,19,19,2025-12-19 19:00:00,0.0,0.0,15.4,2.4,64.31,0.0,0.0
2025,12,19,20,2025-12-19 20:00:00,0.0,0.0,15.2,0.62,64.34,0.0,0.0
2025,12,19,21,2025-12-19 21:00:00,0.0,0.0,15.15,1.91,67.29,0.49,0.0
2025,12,19,22,2025-12-19 22:00:00,0.0,0.0,12.86,3.68,64.73,5.05,0.0
2025,12,19,23,2025-12-19 23:00:00,0.0,0.0,13.56,3.64,69.48,0.0,0.0
2025,12,20,0,2025-12-20 00:00:00,0.0,0.0,11.6,4.16,71.04,14.66,0.0
2025,12,20,1,2025-12-20 01:00:00,0.0,0.0,10.0,4.79,70.02,8.18,0.0
2025,12,20,2,2025-12-20 02:00:00,0.0,0.0,9.26,5.63,72.43,12.31,0.0
2025,12,20,3,2025-12-20 03:00:00,0.0,0.0,10.46,5.5,67.78,5.55,0.0
2025,12,20,4,2025-12-20 04:00:00,0.0,0.0,8.71,4.26,71.86,5.39,0.0
2025,12,20,5,2025-12-20 05:00:00,0.0,0.0,10.53,4.18,67.14,8.24,0.0
2025,12,20,6,2025-12-20 06:00:00,0.0,0.0,10.33,4.65,70.22,14.99,0.0
2025,12,20,7,2025-12-20 07:00:00,85.75,85.75,12.4,5.31,70.25,0.0,44.11
2025,12,20,8,2025-12-20 08:00:00,299.72,272.0,13.5,3.69,65.63,12.33,129.68
2025,12,20,9,2025-12-20 09:00:00,483.46,424.65,13.84,4.8,68.36,16.22,220.29
2025,12,20,10,2025-12-20 10:00:00,624.44,624.44,16.0,4.4,67.86,0.0,309.58
2025,12,20,11,2025-12-20 11:00:00,713.07,713.07,17.23,5.52,64.96,0.0,350.13
2025,12,20,12,2025-12-20 12:00:00,743.3,704.44,18.21,4.36,65.06,6.97,349.2
2025,12,20,13,2025-12-20 13:00:00,713.07,673.61,19.53,2.53,64.17,7.38,329.04
2025,12,20,14,2025-12-20 14:00:00,624.44,624.44,19.13,3.49,62.4,0.0,307.13
2025,12,20,15,2025-12-20 15:00:00,483.46,483.46,19.32,3.03,63.74,0.0,235.98
2025,12,20,16,2025-12-20 16:00:00,299.72,286.27,19.36,3.5,56.5,5.98,139.25
2025,12,20,17,2025-12-20 17:00:00,85.75,77.88,18.21,3.71,62.88,12.23,38.57
2025,12,20,18,2025-12-20 18:00:00,0.0,0.0,19.25,2.69,62.79,0.0,0.0
2025,12,20,19,2025-12-20 19:00:00,0.0,0.0,16.22,2.52,64.57,6.72,0.0
2025,12,20,20,2025-12-20 20:00:00,0.0,0.0,15.51,2.55,63.49,0.0,0.0
2025,12,20,21,2025-12-20 21:00:00,0.0,0.0,14.35,1.58,63.72,0.0,0.0
2025,12,20,22,2025-12-20 22:00:00,0.0,0.0,12.06,3.17,67.42,9.6,0.0
2025,12,20,23,2025-12-20 23:00:00,0.0,0.0,12.28,3.9,71.33,15.48,0.0
2025,12,21,0,2025-12-21 00:00:00,0.0,0.0,11.63,4.19,70.96,0.0,0.0
2025,12,21,1,2025-12-21 01:00:00,0.0,0.0,10.96,4.65,71.88,10.04,0.0
2025,12,21,2,2025-12-21 02:00:00,0.0,0.0,8.77,5.08,73.2,0.0,0.0
2025,12,21,3,2025-12-21 03:00:00,0.0,0.0,9.47,4.57,73.17,0.53,0.0
2025,12,21,4,2025-12-21 04:00:00,0.0,0.0,8.34,4.7,69.82,12.32,0.0
2025,12,21,5,2025-12-21 05:00:00,0.0,0.0,9.62,3.5,69.66,0.0,0.0
2025,12,21,6,2025-12-21 06:00:00,0.0,0.0,11.9,4.56,66.91,0.0,0.0
2025,12,21,7,2025-12-21 07:00:00,85.74,85.74,12.01,4.49,66.16,0.0,48.15
2025,12,21,8,2025-12-21 08:00:00,299.73,297.32,13.86,4.07,63.85,1.07,148.41
2025,12,21,9,2025-12-21 09:00:00,483.49,483.49,14.27,4.18,61.86,0.0,243.26
2025,12,21,10,2025-12-21 10:00:00,624.49,624.49,15.98,4.25,63.49,0.0,308.82
2025,12,21,11,2025-12-21 11:00:00,713.12,713.12,15.71,3.42,62.03,0.0,352.78
2025,12,21,12,2025-12-21 12:00:00,743.36,743.36,18.71,4.08,57.42,0.0,372.8
2025,12,21,13,2025-12-21 13:00:00,713.12,713.12,19.08,3.4,59.1,0.0,353.22
2025,12,21,14,2025-12-21 14:00:00,624.49,602.08,19.01,3.59,62.45,4.78,300.14
2025,12,21,15,2025-12-21 15:00:00,483.49,448.21,18.93,2.89,59.7,9.73,219.87
2025,12,21,16,2025-12-21 16:00:00,299.73,299.73,17.5,2.21,57.94,0.0,141.88
2025,12,21,17,2025-12-21 17:00:00,85.74,77.17,20.48,3.17,60.47,13.33,36.98
2025,12,21,18,2025-12-21 18:00:00,0.0,0.0,17.91,2.73,58.09,5.92,0.0
2025,12,21,19,2025-12-21 19:00:00,0.0,0.0,16.83,1.54,61.86,14.41,0.0
2025,12,21,20,2025-12-21 20:00:00,0.0,0.0,16.32,3.34,70.4,6.57,0.0
2025,12,21,21,2025-12-21 21:00:00,0.0,0.0,13.53,4.13,66.0,11.99,0.0
2025,12,21,22,2025-12-21 22:00:00,0.0,0.0,13.27,4.29,69.71,14.43,0.0
2025,12,21,23,2025-12-21 23:00:00,0.0,0.0,11.73,3.08,68.18,0.0,0.0
2025,12,22,0,2025-12-22 00:00:00,0.0,0.0,10.22,4.81,66.14,1.91,0.0
2025,12,22,1,2025-12-22 01:00:00,0.0,0.0,10.94,5.53,63.87,0.0,0.0
2025,12,22,2,2025-12-22 02:00:00,0.0,0.0,8.53,4.48,68.74,5.76,0.0
2025,12,22,3,2025-12-22 03:00:00,0.0,0.0,7.93,3.75,68.41,0.0,0.0
2025,12,22,4,2025-12-22 04:00:00,0.0,0.0,8.55,6.24,73.76,0.0,0.0
2025,12,22,5,2025-12-22 05:00:00,0.0,0.0,8.62,5.24,67.15,1.49,0.0
2025,12,22,6,2025-12-22 06:00:00,0.0,0.0,11.87,4.76,67.48,7.69,0.0
2025,12,22,7,2025-12-22 07:00:00,85.79,85.79,12.25,4.96,71.81,0.0,45.58
2025,12,22,8,2025-12-22 08:00:00,299.81,276.72,12.55,3.99,67.36,10.27,139.36
2025,12,22,9,2025-12-22 09:00:00,483.58,483.58,13.89,4.85,69.96,0.0,244.46
2025,12,22,10,2025-12-22 10:00:00,624.6,624.6,15.95,3.9,61.06,0.0,315.59
2025,12,22,11,2025-12-22 11:00:00,713.25,700.16,16.07,2.71,59.9,2.45,348.48
2025,12,22,12,2025-12-22 12:00:00,743.49,702.48,16.96,3.17,60.91,7.35,345.24
2025,12,22,13,2025-12-22 13:00:00,713.25,646.47,19.1,3.3,54.32,12.48,317.94
2025,12,22,14,2025-12-22 14:00:00,624.6,624.6,19.05,3.65,58.43,0.0,304.52
2025,12,22,15,2025-12-22 15:00:00,483.58,456.92,19.78,2.12,57.69,7.35,222.48
2025,12,22,16,2025-12-22 16:00:00,299.81,299.81,18.1,2.14,53.39,0.0,150.08
2025,12,22,17,2025-12-22 17:00:00,85.79,82.4,18.15,3.04,62.38,5.26,36.43
2025,12,22,18,2025-12-22 18:00:00,0.0,0.0,18.35,2.43,63.52,8.73,0.0
2025,12,22,19,2025-12-22 19:00:00,0.0,0.0,15.61,2.82,59.22,16.06,0.0
2025,12,22,20,2025-12-22 20:00:00,0.0,0.0,16.37,2.72,65.2,0.0,0.0
2025,12,22,21,2025-12-22 21:00:00,0.0,0.0,14.06,1.81,63.33,15.54,0.0
2025,12,22,22,2025-12-22 22:00:00,0.0,0.0,14.41,2.33,64.47,8.68,0.0
2025,12,22,23,2025-12-22 23:00:00,0.0,0.0,11.66,3.51,67.38,0.0,0.0
2025,12,23,0,2025-12-23 00:00:00,0.0,0.0,10.45,2.53,68.78,0.0,0.0
2025,12,23,1,2025-12-23 01:00:00,0.0,0.0,8.1,4.46,69.19,10.99,0.0
2025,12,23,2,2025-12-23 02:00:00,0.0,0.0,7.37,4.28,69.04,0.0,0.0
2025,12,23,3,2025-12-23 03:00:00,0.0,0.0,9.21,4.62,68.19,0.0,0.0
2025,12,23,4,2025-12-23 04:00:00,0.0,0.0,8.36,3.87,70.56,0.0,0.0
2025,12,23,5,2025-12-23 05:00:00,0.0,0.0,10.61,2.85,64.47,6.67,0.0
2025,12,23,6,2025-12-23 06:00:00,0.0,0.0,11.77,5.44,67.86,2.78,0.0
2025,12,23,7,2025-12-23 07:00:00,85.89,85.89,11.62,4.33,65.38,0.0,39.22
2025,12,23,8,2025-12-23 08:00:00,299.94,299.94,13.19,5.73,69.73,0.0,150.73
2025,12,23,9,2025-12-23 09:00:00,483.75,483.75,14.29,4.54,68.47,0.0,241.2
2025,12,23,10,2025-12-23 10:00:00,624.79,624.34,16.32,5.32,64.15,0.1,308.31
2025,12,23,11,2025-12-23 11:00:00,713.46,713.46,16.45,4.59,65.01,0.0,353.86
2025,12,23,12,2025-12-23 12:00:00,743.7,675.82,17.76,4.3,62.12,12.17,333.73
2025,12,23,13,2025-12-23 13:00:00,713.46,662.13,18.94,3.03,62.34,9.59,326.1
2025,12,23,14,2025-12-23 14:00:00,624.79,541.11,20.62,2.15,60.0,17.86,268.7
2025,12,23,15,2025-12-23 15:00:00,483.75,446.19,19.61,3.85,62.28,10.35,213.51
2025,12,23,16,2025-12-23 16:00:00,299.94,268.12,16.88,3.99,58.19,14.15,134.54
2025,12,23,17,2025-12-23 17:00:00,85.89,85.89,18.28,3.55,55.9,0.0,37.32
2025,12,23,18,2025-12-23 18:00:00,0.0,0.0,18.5,2.73,67.48,0.0,0.0
2025,12,23,19,2025-12-23 19:00:00,0.0,0.0,18.27,3.64,61.53,0.0,0.0
2025,12,23,20,2025-12-23 20:00:00,0.0,0.0,15.13,3.74,58.79,0.0,0.0
2025,12,23,21,2025-12-23 21:00:00,0.0,0.0,14.04,2.26,70.69,13.36,0.0
2025,12,23,22,2025-12-23 22:00:00,0.0,0.0,13.96,2.41,67.9,0.0,0.0
2025,12,23,23,2025-12-23 23:00:00,0.0,0.0,12.23,2.91,67.26,16.86,0.0
2025,12,24,0,2025-12-24 00:00:00,0.0,0.0,10.88,3.68,70.52,0.0,0.0
2025,12,24,1,2025-12-24 01:00:00,0.0,0.0,9.77,3.43,69.72,6.91,0.0
2025,12,24,2,2025-12-24 02:00:00,0.0,0.0,8.05,4.01,75.98,17.48,0.0
2025,12,24,3,2025-12-24 03:00:00,0.0,0.0,7.34,4.39,75.89,15.99,0.0
2025,12,24,4,2025-12-24 04:00:00,0.0,0.0,9.51,3.67,72.58,0.0,0.0
2025,12,24,5,2025-12-24 05:00:00,0.0,0.0,9.85,6.01,67.86,0.0,0.0
2025,12,24,6,2025-12-24 06:00:00,0.0,0.0,11.12,3.82,65.91,6.07,0.0
2025,12,24,7,2025-12-24 07:00:00,86.04,86.04,12.93,4.96,63.13,0.0,41.3
2025,12,24,8,2025-12-24 08:00:00,300.14,300.14,13.34,4.85,67.12,0.0,152.9
2025,12,24,9,2025-12-24 09:00:00,483.99,483.99,14.93,4.73,69.08,0.0,242.9
2025,12,24,10,2025-12-24 10:00:00,625.06,625.06,14.52,4.33,66.01,0.0,305.1
2025,12,24,11,2025-12-24 11:00:00,713.74,713.74,17.94,4.11,63.67,0.0,352.57
2025,12,24,12,2025-12-24 12:00:00,743.99,685.37,15.74,4.21,61.46,10.51,345.07
2025,12,24,13,2025-12-24 13:00:00,713.74,670.5,19.14,3.47,60.97,8.08,324.19
2025,12,24,14,2025-12-24 14:00:00,625.06,597.93,18.59,3.99,62.4,5.79,291.29
2025,12,24,15,2025-12-24 15:00:00,483.99,483.99,17.63,2.95,57.57,0.0,240.75
2025,12,24,16,2025-12-24 16:00:00,300.14,300.14,18.16,1.88,59.76,0.0,151.83
2025,12,24,17,2025-12-24 17:00:00,86.04,84.02,18.62,3.56,57.95,3.13,37.94
2025,12,24,18,2025-12-24 18:00:00,0.0,0.0,18.87,2.62,62.55,0.0,0.0
2025,12,24,19,2025-12-24 19:00:00,0.0,0.0,15.21,2.27,63.89,0.61,0.0
2025,12,24,20,2025-12-24 20:00:00,0.0,0.0,15.74,1.86,63.58,14.94,0.0
2025,12,24,21,2025-12-24 21:00:00,0.0,0.0,14.33,2.58,61.9,16.64,0.0
2025,12,24,22,2025-12-24 22:00:00,0.0,0.0,12.34,2.93,62.36,0.0,0.0
2025,12,24,23,2025-12-24 23:00:00,0.0,0.0,12.31,3.75,66.78,0.0,0.0
2025,12,25,0,2025-12-25 00:00:00,0.0,0.0,9.34,4.31,68.63,5.98,0.0
2025,12,25,1,2025-12-25 01:00:00,0.0,0.0,10.37,3.7,68.23,16.03,0.0
2025,12,25,2,2025-12-25 02:00:00,0.0,0.0,8.48,2.1,71.63,0.0,0.0
2025,12,25,3,2025-12-25 03:00:00,0.0,0.0,9.66,4.96,72.77,0.0,0.0
2025,12,25,4,2025-12-25 04:00:00,0.0,0.0,10.02,4.2,73.93,0.0,0.0
2025,12,25,5,2025-12-25 05:00:00,0.0,0.0,9.78,5.43,69.73,11.1,0.0
2025,12,25,6,2025-12-25 06:00:00,0.0,0.0,9.71,5.78,66.39,0.0,0.0
2025,12,25,7,2025-12-25 07:00:00,86.24,86.24,12.31,3.9,71.83,0.0,36.68
2025,12,25,8,2025-12-25 08:00:00,300.39,277.75,13.84,4.67,66.86,10.05,140.37
2025,12,25,9,2025-12-25 09:00:00,484.29,411.48,13.87,3.09,65.31,20.05,206.4
2025,12,25,10,2025-12-25 10:00:00,625.4,625.4,14.04,3.43,63.17,0.0,307.62
2025,12,25,11,2025-12-25 11:00:00,714.11,714.11,17.16,4.73,60.1,0.0,352.25
2025,12,25,12,2025-12-25 12:00:00,744.36,653.26,17.32,2.9,65.09,16.32,324.89
2025,12,25,13,2025-12-25 13:00:00,714.11,668.25,19.96,3.5,56.68,8.56,332.68
2025,12,25,14,2025-12-25 14:00:00,625.4,588.3,19.44,1.02,55.14,7.91,284.14
2025,12,25,15,2025-12-25 15:00:00,484.29,484.29,18.36,3.07,55.73,0.0,244.93
2025,12,25,16,2025-12-25 16:00:00,300.39,300.39,19.16,3.41,57.42,0.0,147.64
2025,12,25,17,2025-12-25 17:00:00,86.24,86.24,18.9,2.49,59.18,0.0,39.81
2025,12,25,18,2025-12-25 18:00:00,0.0,0.0,19.18,2.74,60.81,3.18,0.0
2025,12,25,19,2025-12-25 19:00:00,0.0,0.0,17.86,2.19,58.42,4.55,0.0
2025,12,25,20,2025-12-25 20:00:00,0.0,0.0,13.73,3.11,60.69,4.65,0.0
2025,12,25,21,2025-12-25 21:00:00,0.0,0.0,12.72,2.26,67.55,7.8,0.0
2025,12,25,22,2025-12-25 22:00:00,0.0,0.0,13.25,4.97,66.61,3.38,0.0
2025,12,25,23,2025-12-25 23:00:00,0.0,0.0,12.18,2.78,70.12,0.0,0.0
2025,12,26,0,2025-12-26 00:00:00,0.0,0.0,9.84,2.92,69.56,0.18,0.0
2025,12,26,1,2025-12-26 01:00:00,0.0,0.0,10.42,3.32,74.33,19.78,0.0
2025,12,26,2,2025-12-26 02:00:00,0.0,0.0,10.45,4.7,71.24,0.0,0.0
2025,12,26,3,2025-12-26 03:00:00,0.0,0.0,9.35,4.56,75.91,17.51,0.0
2025,12,26,4,2025-12-26 04:00:00,0.0,0.0,8.33,3.42,67.65,0.0,0.0
2025,12,26,5,2025-12-26 05:00:00,0.0,0.0,10.15,4.64,69.3,13.15,0.0
2025,12,26,6,2025-12-26 06:00:00,0.0,0.0,11.69,5.35,70.13,0.0,0.0
2025,12,26,7,2025-12-26 07:00:00,86.49,80.06,11.53,5.06,63.81,9.92,41.38
2025,12,26,8,2025-12-26 08:00:00,300.71,254.93,12.25,3.44,64.6,20.3,129.57
2025,12,26,9,2025-12-26 09:00:00,484.66,484.66,14.54,4.31,66.3,0.0,245.76
2025,12,26,10,2025-12-26 10:00:00,625.82,597.8,14.92,4.6,65.76,5.97,300.86
2025,12,26,11,2025-12-26 11:00:00,714.55,714.55,16.02,5.19,64.09,0.0,357.59
2025,12,26,12,2025-12-26 12:00:00,744.81,682.03,18.59,4.32,60.6,11.24,336.35
2025,12,26,13,2025-12-26 13:00:00,714.55,706.95,18.85,2.94,60.68,1.42,342.59
2025,12,26,14,2025-12-26 14:00:00,625.82,625.82,19.01,2.98,55.19,0.0,309.32
2025,12,26,15,2025-12-26 15:00:00,484.66,426.1,18.82,2.17,56.56,16.11,210.15
2025,12,26,16,2025-12-26 16:00:00,300.71,269.68,19.86,1.74,52.97,13.76,139.25
2025,12,26,17,2025-12-26 17:00:00,86.49,86.49,16.93,1.78,62.14,0.0,41.92
2025,12,26,18,2025-12-26 18:00:00,0.0,0.0,17.0,2.74,63.68,20.49,0.0
2025,12,26,19,2025-12-26 19:00:00,0.0,0.0,15.5,3.04,55.29,0.0,0.0
2025,12,26,20,2025-12-26 20:00:00,0.0,0.0,14.69,2.77,67.13,7.01,0.0
2025,12,26,21,2025-12-26 21:00:00,0.0,0.0,13.63,3.46,66.52,0.0,0.0
2025,12,26,22,2025-12-26 22:00:00,0.0,0.0,12.53,3.1,67.07,0.0,0.0
2025,12,26,23,2025-12-26 23:00:00,0.0,0.0,10.75,2.32,70.79,0.0,0.0
2025,12,27,0,2025-12-27 00:00:00,0.0,0.0,11.12,3.57,65.15,0.0,0.0
2025,12,27,1,2025-12-27 01:00:00,0.0,0.0,9.64,5.57,70.92,0.0,0.0
2025,12,27,2,2025-12-27 02:00:00,0.0,0.0,11.02,3.13,72.78,0.0,0.0
2025,12,27,3,2025-12-27 03:00:00,0.0,0.0,8.28,5.26,72.34,0.0,0.0
2025,12,27,4,2025-12-27 04:00:00,0.0,0.0,8.72,7.32,70.54,16.89,0.0
2025,12,27,5,2025-12-27 05:00:00,0.0,0.0,9.58,4.07,70.73,15.83,0.0
2025,12,27,6,2025-12-27 06:00:00,0.0,0.0,10.07,4.59,68.72,0.0,0.0
2025,12,27,7,2025-12-27 07:00:00,86.8,81.84,11.97,3.84,68.17,7.62,40.15
2025,12,27,8,2025-12-27 08:00:00,301.09,283.5,11.71,4.43,65.58,7.79,140.18
2025,12,27,9,2025-12-27 09:00:00,485.1,449.25,15.23,2.77,66.78,9.85,222.77
2025,12,27,10,2025-12-27 10:00:00,626.3,598.46,13.86,3.98,64.47,5.93,296.8
2025,12,27,11,2025-12-27 11:00:00,715.07,664.04,16.31,2.64,62.09,9.51,331.34
2025,12,27,12,2025-12-27 12:00:00,745.34,745.34,18.38,3.39,59.48,0.0,365.81
2025,12,27,13,2025-12-27 13:00:00,715.07,710.28,19.54,3.93,61.37,0.89,351.29
2025,12,27,14,2025-12-27 14:00:00,626.3,626.3,18.89,2.12,61.65,0.0,308.92
2025,12,27,15,2025-12-27 15:00:00,485.1,409.9,18.19,1.6,66.56,20.67,200.5
2025,12,27,16,2025-12-27 16:00:00,301.09,254.97,19.49,3.3,64.46,20.42,126.5
2025,12,27,17,2025-12-27 17:00:00,86.8,80.73,18.8,2.73,57.78,9.32,39.95
2025,12,27,18,2025-12-27 18:00:00,0.0,0.0,17.02,3.91,59.62,12.75,0.0
2025,12,27,19,2025-12-27 19:00:00,0.0,0.0,17.53,2.73,63.44,0.0,0.0
2025,12,27,20,2025-12-27 20:00:00,0.0,0.0,15.69,1.86,63.66,0.0,0.0
2025,12,27,21,2025-12-27 21:00:00,0.0,0.0,13.66,1.84,67.25,0.0,0.0
2025,12,27,22,2025-12-27 22:00:00,0.0,0.0,12.17,1.31,63.59,13.8,0.0
2025,12,27,23,2025-12-27 23:00:00,0.0,0.0,11.36,2.12,67.27,20.52,0.0
2025,12,28,0,2025-12-28 00:00:00,0.0,0.0,10.78,4.39,68.79,2.44,0.0
2025,12,28,1,2025-12-28 01:00:00,0.0,0.0,9.86,2.85,72.31,21.17,0.0
2025,12,28,2,2025-12-28 02:00:00,0.0,0.0,10.04,3.68,71.66,15.67,0.0
2025,12,28,3,2025-12-28 03:00:00,0.0,0.0,9.57,4.58,75.83,0.0,0.0
2025,12,28,4,2025-12-28 04:00:00,0.0,0.0,9.51,4.23,66.5,0.0,0.0
2025,12,28,5,2025-12-28 05:00:00,0.0,0.0,8.97,4.38,73.5,19.7,0.0
2025,12,28,6,2025-12-28 06:00:00,0.0,0.0,11.69,3.62,67.16,8.59,0.0
2025,12,28,7,2025-12-28 07:00:00,87.15,81.11,11.86,4.18,72.97,9.24,46.79
2025,12,28,8,2025-12-28 08:00:00,301.53,265.78,11.82,4.6,67.65,15.81,136.05
2025,12,28,9,2025-12-28 09:00:00,485.61,443.3,13.97,3.9,66.27,11.62,222.54
2025,12,28,10,2025-12-28 10:00:00,626.87,626.87,14.9,3.72,69.74,0.0,315.43
2025,12,28,11,2025-12-28 11:00:00,715.66,715.66,16.72,2.66,59.58,0.0,350.7
2025,12,28,12,2025-12-28 12:00:00,745.95,723.66,16.58,2.95,61.08,3.98,356.22
2025,12,28,13,2025-12-28 13:00:00,715.66,693.95,19.36,3.35,59.75,4.05,343.8
2025,12,28,14,2025-12-28 14:00:00,626.87,626.87,19.4,3.39,60.88,0.0,309.16
2025,12,28,15,2025-12-28 15:00:00,485.61,452.31,19.8,3.74,61.18,9.14,221.72
2025,12,28,16,2025-12-28 16:00:00,301.53,266.03,18.59,1.55,59.3,15.7,125.67
2025,12,28,17,2025-12-28 17:00:00,87.15,84.27,18.97,1.78,55.16,4.41,44.29
2025,12,28,18,2025-12-28 18:00:00,0.0,0.0,17.94,2.94,66.86,13.97,0.0
2025,12,28,19,2025-12-28 19:00:00,0.0,0.0,17.84,2.35,58.07,2.07,0.0
2025,12,28,20,2025-12-28 20:00:00,0.0,0.0,14.27,2.49,62.76,13.26,0.0
2025,12,28,21,2025-12-28 21:00:00,0.0,0.0,11.75,3.67,64.26,0.0,0.0
2025,12,28,22,2025-12-28 22:00:00,0.0,0.0,11.85,3.51,62.73,9.25,0.0
2025,12,28,23,2025-12-28 23:00:00,0.0,0.0,12.5,4.38,65.62,13.12,0.0
2025,12,29,0,2025-12-29 00:00:00,0.0,0.0,9.94,3.01,66.88,19.93,0.0
2025,12,29,1,2025-12-29 01:00:00,0.0,0.0,9.19,5.72,73.92,12.9,0.0
2025,12,29,2,2025-12-29 02:00:00,0.0,0.0,9.49,5.24,76.29,0.0,0.0
2025,12,29,3,2025-12-29 03:00:00,0.0,0.0,9.24,5.56,70.44,12.55,0.0
2025,12,29,4,2025-12-29 04:00:00,0.0,0.0,9.78,5.58,69.27,0.0,0.0
2025,12,29,5,2025-12-29 05:00:00,0.0,0.0,9.24,4.34,70.62,8.21,0.0
2025,12,29,6,2025-12-29 06:00:00,0.0,0.0,10.42,4.13,71.71,5.71,0.0
2025,12,29,7,2025-12-29 07:00:00,87.56,75.16,10.17,4.76,64.94,18.87,44.94
2025,12,29,8,2025-12-29 08:00:00,302.02,300.42,13.05,5.87,62.88,0.71,149.83
2025,12,29,9,2025-12-29 09:00:00,486.19,486.19,13.62,4.87,66.84,0.0,248.67
2025,12,29,10,2025-12-29 10:00:00,627.5,623.79,14.69,3.44,65.8,0.79,311.0
2025,12,29,11,2025-12-29 11:00:00,716.34,697.07,17.26,3.01,59.16,3.59,346.77
2025,12,29,12,2025-12-29 12:00:00,746.64,736.05,17.84,3.8,61.87,1.89,368.79
2025,12,29,13,2025-12-29 13:00:00,716.34,650.81,19.83,4.31,59.99,12.2,323.82
2025,12,29,14,2025-12-29 14:00:00,627.5,627.5,19.67,2.6,58.61,0.0,304.02
2025,12,29,15,2025-12-29 15:00:00,486.19,486.19,20.09,0.77,61.0,0.0,233.29
2025,12,29,16,2025-12-29 16:00:00,302.02,283.33,17.78,3.82,60.96,8.25,135.16
2025,12,29,17,2025-12-29 17:00:00,87.56,87.56,20.05,1.08,65.54,0.0,41.82
2025,12,29,18,2025-12-29 18:00:00,0.0,0.0,17.5,1.96,58.41,8.69,0.0
2025,12,29,19,2025-12-29 19:00:00,0.0,0.0,15.94,1.93,63.57,21.29,0.0
2025,12,29,20,2025-12-29 20:00:00,0.0,0.0,14.9,2.49,63.76,14.38,0.0
2025,12,29,21,2025-12-29 21:00:00,0.0,0.0,14.07,3.59,68.95,11.71,0.0
2025,12,29,22,2025-12-29 22:00:00,0.0,0.0,12.13,3.88,65.48,10.36,0.0
2025,12,29,23,2025-12-29 23:00:00,0.0,0.0,9.63,2.67,67.62,0.0,0.0
2025,12,30,0,2025-12-30 00:00:00,0.0,0.0,9.11,2.8,65.17,0.0,0.0
2025,12,30,1,2025-12-30 01:00:00,0.0,0.0,11.37,2.11,70.26,10.22,0.0
2025,12,30,2,2025-12-30 02:00:00,0.0,0.0,10.07,5.15,68.19,14.2,0.0
2025,12,30,3,2025-12-30 03:00:00,0.0,0.0,9.26,4.38,73.46,24.33,0.0
2025,12,30,4,2025-12-30 04:00:00,0.0,0.0,8.47,4.33,74.08,23.98,0.0
2025,12,30,5,2025-12-30 05:00:00,0.0,0.0,10.46,4.33,67.36,6.35,0.0
2025,12,30,6,2025-12-30 06:00:00,0.0,0.0,10.05,6.13,67.34,4.22,0.0
2025,12,30,7,2025-12-30 07:00:00,88.01,88.01,11.64,6.05,68.14,0.0,38.65
2025,12,30,8,2025-12-30 08:00:00,302.58,282.51,13.68,5.04,67.29,8.84,138.21
2025,12,30,9,2025-12-30 09:00:00,486.83,486.83,15.83,4.16,63.06,0.0,239.6
2025,12,30,10,2025-12-30 10:00:00,628.21,573.32,15.21,4.91,60.3,11.65,286.57
2025,12,30,11,2025-12-30 11:00:00,717.09,609.48,14.77,3.77,61.54,20.01,311.16
2025,12,30,12,2025-12-30 12:00:00,747.4,747.4,18.08,4.65,59.89,0.0,368.88
2025,12,30,13,2025-12-30 13:00:00,717.09,695.79,17.69,3.86,61.32,3.96,346.18
2025,12,30,14,2025-12-30 14:00:00,628.21,628.21,18.82,4.0,55.21,0.0,313.81
2025,12,30,15,2025-12-30 15:00:00,486.83,438.39,19.15,2.53,64.52,13.27,215.43
2025,12,30,16,2025-12-30 16:00:00,302.58,302.58,20.29,2.95,59.17,0.0,150.86
2025,12,30,17,2025-12-30 17:00:00,88.01,83.46,18.09,3.86,54.61,6.9,44.71
2025,12,30,18,2025-12-30 18:00:00,0.0,0.0,17.03,2.26,63.69,17.47,0.0
2025,12,30,19,2025-12-30 19:00:00,0.0,0.0,16.43,2.55,59.29,10.37,0.0
2025,12,30,20,2025-12-30 20:00:00,0.0,0.0,14.74,1.36,64.23,14.02,0.0
2025,12,30,21,2025-12-30 21:00:00,0.0,0.0,12.95,1.36,63.49,4.46,0.0
2025,12,30,22,2025-12-30 22:00:00,0.0,0.0,13.07,2.9,56.89,21.47,0.0
2025,12,30,23,2025-12-30 23:00:00,0.0,0.0,12.73,4.34,65.28,7.45,0.0
2025,12,31,0,2025-12-31 00:00:00,0.0,0.0,11.59,2.35,69.58,6.55,0.0
2025,12,31,1,2025-12-31 01:00:00,0.0,0.0,9.9,3.97,71.35,10.85,0.0
2025,12,31,2,2025-12-31 02:00:00,0.0,0.0,10.12,3.56,72.89,16.81,0.0
2025,12,31,3,2025-12-31 03:00:00,0.0,0.0,10.18,3.85,74.96,3.41,0.0
2025,12,31,4,2025-12-31 04:00:00,0.0,0.0,9.82,6.65,72.15,7.93,0.0
2025,12,31,5,2025-12-31 05:00:00,0.0,0.0,9.82,4.22,77.45,10.27,0.0
2025,12,31,6,2025-12-31 06:00:00,0.0,0.0,9.86,4.42,71.65,0.0,0.0
2025,12,31,7,2025-12-31 07:00:00,88.52,84.94,11.33,3.57,69.25,5.4,43.62
2025,12,31,8,2025-12-31 08:00:00,303.2,303.2,13.02,4.73,69.65,0.0,152.41
2025,12,31,9,2025-12-31 09:00:00,487.54,484.78,13.06,3.33,65.34,0.75,242.98
2025,12,31,10,2025-12-31 10:00:00,628.99,621.23,14.64,5.96,60.49,1.65,310.35
2025,12,31,11,2025-12-31 11:00:00,717.92,642.43,17.23,3.91,64.35,14.02,322.51
2025,12,31,12,2025-12-31 12:00:00,748.24,670.17,16.2,2.66,60.23,13.91,328.1
2025,12,31,13,2025-12-31 13:00:00,717.92,702.76,17.12,3.87,60.45,2.82,348.08
2025,12,31,14,2025-12-31 14:00:00,628.99,604.93,18.4,2.63,55.66,5.1,300.2
2025,12,31,15,2025-12-31 15:00:00,487.54,471.21,18.75,2.58,56.89,4.47,233.5
2025,12,31,16,2025-12-31 16:00:00,303.2,249.58,19.11,1.56,58.12,23.58,129.63
2025,12,31,17,2025-12-31 17:00:00,88.52,79.08,18.83,2.43,56.4,14.23,39.41
2025,12,31,18,2025-12-31 18:00:00,0.0,0.0,16.99,2.33,62.77,7.19,0.0
2025,12,31,19,2025-12-31 19:00:00,0.0,0.0,18.07,2.73,56.66,19.36,0.0
2025,12,31,20,2025-12-31 20:00:00,0.0,0.0,15.2,2.85,63.42,21.85,0.0
2025,12,31,21,2025-12-31 21:00:00,0.0,0.0,13.86,4.66,66.64,16.46,0.0
2025,12,31,22,2025-12-31 22:00:00,0.0,0.0,13.17,3.55,69.04,2.98,0.0
2025,12,31,23,2025-12-31 23:00:00,0.0,0.0,12.25,3.16,70.22,0.0,0.0
